Godot Engine v4.3.stable.mono.official.77dcf97d8 - https://godotengine.org

ERROR: Failed loading resource: res://resources/translations/translations.csv. Make sure resources have been imported by opening the project in the editor at least once.
   at: _load (core/io/resource_loader.cpp:283)
SCRIPT ERROR: Parse Error: Class "ProjectilePoolManager" hides an autoload singleton.
          at: GDScript::reload (res://scripts/autoload/projectile_pool_manager.gd:2)
ERROR: Failed to load script "res://scripts/autoload/projectile_pool_manager.gd" with error "Parse error".
   at: load (modules/gdscript/gdscript.cpp:2936)
ERROR: Failed to instantiate an autoload, script 'res://scripts/autoload/projectile_pool_manager.gd' does not inherit from 'Node'.
   at: start (main/main.cpp:3678)
SCRIPT ERROR: Parse Error: The variable type is being inferred from a Variant value, so it will be typed as Variant. (Warning treated as error.)
          at: GDScript::reload (res://scripts/autoload/localization_settings.gd:100)
ERROR: Failed to load script "res://scripts/autoload/localization_settings.gd" with error "Parse error".
   at: load (modules/gdscript/gdscript.cpp:2936)
ERROR: Failed to instantiate an autoload, script 'res://scripts/autoload/localization_settings.gd' does not inherit from 'Node'.
   at: start (main/main.cpp:3678)
[21:45:45] [INFO] ============================================================
[21:45:45] [INFO] GAME LOG STARTED
[21:45:45] [INFO] ============================================================
[21:45:45] [INFO] Timestamp: 2026-04-16T21:45:45
[21:45:45] [INFO] Log file: /tmp/godot-4.3-mono/Godot_v4.3-stable_mono_linux_x86_64/game_log_20260416_214545.txt
[21:45:45] [INFO] Executable: /tmp/godot-4.3-mono/Godot_v4.3-stable_mono_linux_x86_64/Godot_v4.3-stable_mono_linux.x86_64
[21:45:45] [INFO] OS: Linux
[21:45:45] [INFO] Debug build: true
[21:45:45] [INFO] Engine version: 4.3-stable (official)
[21:45:45] [INFO] Project: Godot Top-Down Template
[21:45:45] [INFO] Build info: not available (build_info.cfg not found)
[21:45:45] [INFO] ------------------------------------------------------------
[21:45:45] [INFO] [GameManager] GameManager ready
[21:45:45] [INFO] [ScoreManager] ScoreManager ready
[HitEffectsManager] Starting saturation shader warmup (Issue #343 fix)...
[21:45:45] [INFO] [SoundPropagation] SoundPropagation autoload initialized
[21:45:45] [INFO] [DifficultyManager] Loaded difficulty: Normal (value: 1)
[ImpactEffectsManager] _ready() STARTING - FULL VERSION...
[ImpactEffectsManager] FileLogger found successfully
[ImpactEffects] Scenes loaded: DustEffect, BloodEffect, SparksEffect, BloodDecal
[21:45:45] [INFO] [ImpactEffects] Scenes loaded: DustEffect, BloodEffect, SparksEffect, BloodDecal
[ImpactEffects] ImpactEffectsManager ready - FULL VERSION with blood effects enabled
[21:45:45] [INFO] [ImpactEffects] ImpactEffectsManager ready - FULL VERSION with blood effects enabled
[ImpactEffects] Explosion light pool initialized: 12 lights pre-created
[21:45:45] [INFO] [ImpactEffects] Explosion light pool initialized: 12 lights pre-created
[ImpactEffects] Dust effect pool initialized: 16 effects pre-created
[21:45:45] [INFO] [ImpactEffects] Dust effect pool initialized: 16 effects pre-created
[ImpactEffects] Starting particle shader warmup (Issue #343 fix)...
[21:45:45] [INFO] [ImpactEffects] Starting particle shader warmup (Issue #343 fix)...
[21:45:45] [INFO] [BloodDecal] Blood puddle created at (640, 360) (added to group)
[21:45:45] [INFO] [PenultimateHit] Saturation shader loaded successfully
[21:45:45] [INFO] [PenultimateHit] Starting shader warmup (Issue #343 fix)...
[21:45:45] [INFO] [PenultimateHit] PenultimateHitEffectsManager ready - Configuration:
[21:45:45] [INFO] [PenultimateHit]   Time scale: 0.10 (10x slowdown)
[21:45:45] [INFO] [PenultimateHit]   Saturation boost: 2.0 (3.0x)
[21:45:45] [INFO] [PenultimateHit]   Contrast boost: 1.0 (2.0x)
[21:45:45] [INFO] [PenultimateHit]   Effect duration: 3.0 real seconds
[21:45:45] [INFO] [LastChance] Last chance shader loaded successfully
[21:45:45] [INFO] [LastChance] Starting shader warmup (Issue #343 fix)...
[21:45:45] [INFO] [LastChance] LastChanceEffectsManager ready - Configuration:
[21:45:45] [INFO] [LastChance]   Freeze duration: 6.0 real seconds
[21:45:45] [INFO] [LastChance]   Sepia intensity: 0.70
[21:45:45] [INFO] [LastChance]   Brightness: 0.60
WARNING: res://scenes/projectiles/FlashbangGrenade.tscn:4 - ext_resource, invalid UID: uid://b7qx4h3k5m2n9 - using text path instead: res://assets/sprites/weapons/flashbang.png
     at: load (scene/resources/resource_format_text.cpp:453)
[21:45:45] [INFO] [GrenadeManager] Loaded grenade scene: res://scenes/projectiles/FlashbangGrenade.tscn
WARNING: res://scenes/projectiles/FragGrenade.tscn:4 - ext_resource, invalid UID: uid://cfrag7qx4h3k5m2 - using text path instead: res://assets/sprites/weapons/frag_grenade.png
     at: load (scene/resources/resource_format_text.cpp:453)
[21:45:45] [INFO] [GrenadeManager] Loaded grenade scene: res://scenes/projectiles/FragGrenade.tscn
WARNING: res://scenes/projectiles/DefensiveGrenade.tscn:4 - ext_resource, invalid UID: uid://cdefgr7qx4h3k5 - using text path instead: res://assets/sprites/weapons/defensive_grenade.png
     at: load (scene/resources/resource_format_text.cpp:453)
[21:45:45] [INFO] [GrenadeManager] Loaded grenade scene: res://scenes/projectiles/DefensiveGrenade.tscn
WARNING: res://scenes/projectiles/AggressionGasGrenade.tscn:4 - ext_resource, invalid UID: uid://cagggas7qx4h3k5 - using text path instead: res://assets/sprites/weapons/aggression_gas_grenade.png
     at: load (scene/resources/resource_format_text.cpp:453)
[21:45:45] [INFO] [GrenadeManager] Loaded grenade scene: res://scenes/projectiles/AggressionGasGrenade.tscn
[21:45:45] [INFO] [GrenadeManager] Loaded grenade scene: res://scenes/projectiles/DroneGrenade.tscn
[21:45:45] [INFO] [ExperimentalSettings] ExperimentalSettings initialized - FOV: true, Complex grenades: false, AI prediction: false, Debug: false, Invincibility: false, Realistic visibility: false, Replay: false, Logging: true, Enemy flashlight blinding: false, FPS counter: false, FPS drop logging: false, All weapons unlocked: false, All maps unlocked: false, Global stuck max time: 20.0s, Nav mesh visible: false, Search path visible: false, Passage waypoints visible: false, Passage waypoints: false, Sound visualizer: false, Enemy path visible: false, Cover raycast visible: false, Tactical group: false, Cover infinite rays: true, Cover sector rays: true, Roguelike unlocked: false
[21:45:45] [INFO] [NavMeshMonitor] NavMeshMonitor ready
[21:45:45] [INFO] [SoundSettings] SoundSettings initialized - effects: 1.00, music: 1.00
[21:45:45] [INFO] [GameplaySettings] GameplaySettings initialized - blood_amount: 1.00, wall_hit_particles: true, revolver_aim_assist: true, combo_font_size: 112
[21:45:45] [INFO] [CinemaEffects] CinemaEffectsManager initializing (v5.3 - overlay approach with simplified death circle)...
[21:45:45] [INFO] [CinemaEffects] Created effects layer at layer 99
[21:45:45] [INFO] [CinemaEffects] Cinema shader loaded successfully (v5.0 - no screen_texture)
[21:45:45] [INFO] [CinemaEffects] Starting cinema shader warmup (Issue #343 fix)...
[21:45:45] [INFO] [CinemaEffects] Cinema film effect initialized (v5.3) - Configuration:
[21:45:45] [INFO] [CinemaEffects]   Approach: Overlay-based (no screen_texture)
[21:45:45] [INFO] [CinemaEffects]   Grain intensity: 0.15
[21:45:45] [INFO] [CinemaEffects]   Warm tint: 0.12 intensity
[21:45:45] [INFO] [CinemaEffects]   Sunny effect: 0.08 intensity
[21:45:45] [INFO] [CinemaEffects]   Vignette: 0.25 intensity
[21:45:45] [INFO] [CinemaEffects]   Film defects: 1.5% probability
[21:45:45] [INFO] [CinemaEffects]   White specks: 0.70 intensity, 4.0% probability
[21:45:45] [INFO] [CinemaEffects]   Death effects: cigarette burn + expanding spots + end of reel circle (160px, blinks 2x)
[21:45:45] [INFO] [CinemaEffects] Enabling effect after 1 frame(s)...
[21:45:45] [INFO] [GrenadeTimerHelper] Autoload ready
[21:45:45] [INFO] [PowerFantasy] Saturation shader loaded successfully
[21:45:45] [INFO] [PowerFantasy] PowerFantasyEffectsManager ready - Configuration:
[21:45:45] [INFO] [PowerFantasy]   Kill effect duration: 600ms
[21:45:45] [INFO] [PowerFantasy]   Grenade effect duration: 2000ms (2.0s)
[21:45:45] [INFO] [BlackMetalEffectsManager] BlackMetalEffectsManager initializing...
[21:45:45] [INFO] [BlackMetalEffectsManager] Black Metal shader loaded (B&W+red, hint_screen_texture approach)
[21:45:45] [INFO] [BlackMetalEffectsManager] Starting shader warmup (Issue #343 pattern)...
[21:45:45] [INFO] [BlackMetalEffectsManager] Black Metal filter DISABLED
[21:45:45] [INFO] [BlackMetalLightningEffectsManager] BlackMetalLightningEffectsManager initializing...
[21:45:45] [INFO] [BlackMetalLightningEffectsManager] Lightning bolt drawer created (v10 - no shader, pure draw calls)
[21:45:45] [INFO] [BlackMetalLightningEffectsManager] Connected to GameManager.enemy_killed signal
[21:45:45] [INFO] [BlackMetalLightningEffectsManager] Starting shader warmup (Issue #343 pattern)...
[21:45:45] [INFO] [ProgressManager] ProgressManager ready, loaded 0 entries
[21:45:45] [INFO] [ReplayManager] ReplayManager ready (C# version loaded and _Ready called)
[21:45:45] [INFO] [FlashbangPlayer] Flashbang player shader loaded successfully
[21:45:45] [INFO] [FlashbangPlayer] Starting shader warmup (Issue #343 fix)...
[21:45:45] [INFO] [FlashbangPlayer] FlashbangPlayerEffectsManager ready
[21:45:45] [INFO] [FlashbangPlayer]   Duration range: 1.0-5.0 seconds
[21:45:45] [INFO] [SceneLoader] SceneLoader initialized
[21:45:45] [INFO] [PersistManager] No saved state found (this is normal on first run)
[21:45:45] [INFO] [PersistManager] PersistManager ready
[21:45:45] [INFO] [UnlockManager] UnlockManager ready
[21:45:45] [INFO] [WeaponHintsSettings] WeaponHintsSettings initialized - mode: ALWAYS, weapons seen: []
[21:45:45] [INFO] [PerformanceSettings] PerformanceSettings initialized - particles: true, blood_decals: true, screen_shake: true, explosion_lights: true, warm_lights: true, ai: true
[21:45:45] [INFO] [CinemaEffects] Player not found yet, will connect when scene changes
[21:45:45] [INFO] [PersistManager] First launch detected — showing difficulty selection before level load
WARNING: res://resources/themes/neon_label_settings.tres:3 - ext_resource, invalid UID: uid://c3qneonfont01 - using text path instead: res://assets/fonts/neon/Comfortaa-Bold.ttf
     at: load (scene/resources/resource_format_text.cpp:453)
WARNING: res://resources/themes/neon_button_theme.tres:3 - ext_resource, invalid UID: uid://c3qneonfont01 - using text path instead: res://assets/fonts/neon/Comfortaa-Bold.ttf
     at: load (scene/resources/resource_format_text.cpp:453)
[21:45:45] [INFO] [PersistManager] First-launch difficulty menu shown
[21:45:45] [INFO] [UnlockManager] Reset condition-gated items to locked state
[21:45:45] [INFO] [UnlockManager] Skipped restore for weapon 'silenced_pistol' (condition not met — treating as corrupt save)
[21:45:45] [INFO] [UnlockManager] Skipped restore for weapon 'ak_gl' (condition not met — treating as corrupt save)
[HitEffectsManager] Saturation shader warmup complete in 183 ms
[21:45:45] [INFO] [PenultimateHit] Shader warmup complete in 159 ms
[21:45:45] [INFO] [LastChance] Shader warmup complete in 158 ms
[21:45:45] [INFO] [CinemaEffects] Cinema shader warmup complete in 75 ms
[21:45:45] [INFO] [BlackMetalEffectsManager] Shader warmup complete in 68 ms
[21:45:45] [INFO] [BlackMetalLightningEffectsManager] Shader warmup complete in 0 ms
[21:45:45] [INFO] [FlashbangPlayer] Shader warmup complete in 66 ms


 ---  Gut  ---
[1m[INFO]:  [0musing [/workspace/.local/share/godot/app_userdata/Godot Top-Down Template] for temporary output.
Godot version:  4.3.0
GUT version:  9.2.1
[4m

res://tests/unit/test_unlock_notification_manager.gd
[0m* test_unlock_notification_manager_script_exists
[32m    [Passed]:  [0mExpected [<GDScript#-9223371990667098662>] to be anything but NULL:  UnlockNotificationManager autoload script should exist
* test_notification_uses_requested_opened_text
[32m    [Passed]:  [0mExpected [<GDScript#-9223371990667098662>] to be anything but NULL:  UnlockNotificationManager script should load
[31m    [Failed]:  [0m["Открыто оружие Дробовик !"] expected to equal ["Открыт оружие Дробовик !"]:  Toast text should include the unlocked weapon category and name
      at line -1
* test_notification_text_includes_active_item_category_and_name
[32m    [Passed]:  [0mExpected [<GDScript#-9223371990667098662>] to be anything but NULL:  UnlockNotificationManager script should load
[31m    [Failed]:  [0m["Открыто предмет Бронированная кожа !"] expected to equal ["Открыт предмет Бронированная кожа !"]:  Toast text should include the item category and Armored Skin name
      at line -1
* test_notification_text_includes_grenade_category_and_name
[32m    [Passed]:  [0mExpected [<GDScript#-9223371990667098662>] to be anything but NULL:  UnlockNotificationManager script should load
[31m    [Failed]:  [0m["Открыто граната Наступательная !"] expected to equal ["Открыт граната Наступательная !"]:  Toast text should include the grenade category and name
      at line -1
* test_display_duration_is_four_seconds
[32m    [Passed]:  [0mExpected [<GDScript#-9223371990667098662>] to be anything but NULL:  UnlockNotificationManager script should load
[32m    [Passed]:  [0m[4.0] expected to equal [4.0]:  Unlock notifications should stay visible for exactly four seconds
[32m    [Passed]:  [0m[1] expected to equal [1]:  Unlock notifications should play the exit slide exactly once per toast
* test_collects_only_locked_items_with_met_conditions
[32m    [Passed]:  [0mExpected [<GDScript#-9223371990667098662>] to be anything but NULL:  UnlockNotificationManager script should load
[32m    [Passed]:  [0mLocked shotgun with met condition should be announced
[32m    [Passed]:  [0mLocked frag grenade with met condition should be announced
[32m    [Passed]:  [0mLocked force field with met condition should be announced
[32m    [Passed]:  [0mAlready unlocked weapons should not be announced
[32m    [Passed]:  [0mAlready unlocked grenades should not be announced
[32m    [Passed]:  [0mAlready unlocked active items should not be announced
[1m3/6 passed.
[0m



[33m==============================================
[0m[33m= Run Summary
[0m[33m==============================================
[0m[4m
res://tests/unit/test_unlock_notification_manager.gd
[0m- test_notification_uses_requested_opened_text
[31m    [Failed]:  [0m["Открыто оружие Дробовик !"] expected to equal ["Открыт оружие Дробовик !"]:  Toast text should include the unlocked weapon category and name
          at line -1
- test_notification_text_includes_active_item_category_and_name
[31m    [Failed]:  [0m["Открыто предмет Бронированная кожа !"] expected to equal ["Открыт предмет Бронированная кожа !"]:  Toast text should include the item category and Armored Skin name
          at line -1
- test_notification_text_includes_grenade_category_and_name
[31m    [Failed]:  [0m["Открыто граната Наступательная !"] expected to equal ["Открыт граната Наступательная !"]:  Toast text should include the grenade category and name
          at line -1

---- Totals ----
Scripts           1
Tests             6
  Passing         3
  Failing         3
Asserts           17
Time              0.018s


Ran Scripts matching "test_unlock_notification_manager"
[31m---- 3 failing tests ----
[0m
ERROR: Parameter "data.tree" is null.
   at: get_tree (scene/main/node.h:446)
SCRIPT ERROR: Invalid access to property or key 'current_scene' on a base object of type 'null instance'.
          at: _on_tree_changed (res://scripts/autoload/persist_manager.gd:290)
ERROR: Parameter "data.tree" is null.
   at: get_tree (scene/main/node.h:446)
SCRIPT ERROR: Invalid access to property or key 'current_scene' on a base object of type 'null instance'.
          at: _on_tree_changed (res://scripts/autoload/persist_manager.gd:290)
ERROR: Parameter "data.tree" is null.
   at: get_tree (scene/main/node.h:446)
SCRIPT ERROR: Invalid access to property or key 'current_scene' on a base object of type 'null instance'.
          at: _on_tree_changed (res://scripts/autoload/persist_manager.gd:290)
ERROR: Parameter "data.tree" is null.
   at: get_tree (scene/main/node.h:446)
SCRIPT ERROR: Invalid access to property or key 'current_scene' on a base object of type 'null instance'.
          at: _on_tree_changed (res://scripts/autoload/persist_manager.gd:290)
ERROR: Parameter "data.tree" is null.
   at: get_tree (scene/main/node.h:446)
SCRIPT ERROR: Invalid access to property or key 'current_scene' on a base object of type 'null instance'.
          at: _on_tree_changed (res://scripts/autoload/persist_manager.gd:290)
ERROR: Parameter "data.tree" is null.
   at: get_tree (scene/main/node.h:446)
SCRIPT ERROR: Invalid access to property or key 'current_scene' on a base object of type 'null instance'.
          at: _on_tree_changed (res://scripts/autoload/persist_manager.gd:290)
ERROR: Parameter "data.tree" is null.
   at: get_tree (scene/main/node.h:446)
SCRIPT ERROR: Invalid access to property or key 'current_scene' on a base object of type 'null instance'.
          at: _on_tree_changed (res://scripts/autoload/persist_manager.gd:290)
ERROR: Parameter "data.tree" is null.
   at: get_tree (scene/main/node.h:446)
SCRIPT ERROR: Invalid access to property or key 'current_scene' on a base object of type 'null instance'.
          at: _on_tree_changed (res://scripts/autoload/persist_manager.gd:290)
ERROR: Parameter "data.tree" is null.
   at: get_tree (scene/main/node.h:446)
SCRIPT ERROR: Invalid access to property or key 'current_scene' on a base object of type 'null instance'.
          at: _on_tree_changed (res://scripts/autoload/persist_manager.gd:290)
ERROR: Parameter "data.tree" is null.
   at: get_tree (scene/main/node.h:446)
SCRIPT ERROR: Invalid access to property or key 'current_scene' on a base object of type 'null instance'.
          at: _on_tree_changed (res://scripts/autoload/flashbang_player_effects_manager.gd:232)
ERROR: Parameter "data.tree" is null.
   at: get_tree (scene/main/node.h:446)
SCRIPT ERROR: Invalid access to property or key 'current_scene' on a base object of type 'null instance'.
          at: _on_tree_changed (res://scripts/autoload/persist_manager.gd:290)
ERROR: Parameter "data.tree" is null.
   at: get_tree (scene/main/node.h:446)
SCRIPT ERROR: Invalid access to property or key 'current_scene' on a base object of type 'null instance'.
          at: _on_tree_changed (res://scripts/autoload/flashbang_player_effects_manager.gd:232)
ERROR: Parameter "data.tree" is null.
   at: get_tree (scene/main/node.h:446)
SCRIPT ERROR: Invalid access to property or key 'current_scene' on a base object of type 'null instance'.
          at: _on_tree_changed (res://scripts/autoload/persist_manager.gd:290)
ERROR: Parameter "data.tree" is null.
   at: get_tree (scene/main/node.h:446)
SCRIPT ERROR: Invalid access to property or key 'current_scene' on a base object of type 'null instance'.
          at: _on_tree_changed (res://scripts/autoload/flashbang_player_effects_manager.gd:232)
ERROR: Parameter "data.tree" is null.
   at: get_tree (scene/main/node.h:446)
SCRIPT ERROR: Invalid access to property or key 'current_scene' on a base object of type 'null instance'.
          at: _on_tree_changed (res://scripts/autoload/persist_manager.gd:290)
ERROR: Parameter "data.tree" is null.
   at: get_tree (scene/main/node.h:446)
SCRIPT ERROR: Invalid access to property or key 'current_scene' on a base object of type 'null instance'.
          at: _on_tree_changed (res://scripts/autoload/flashbang_player_effects_manager.gd:232)
ERROR: Parameter "data.tree" is null.
   at: get_tree (scene/main/node.h:446)
SCRIPT ERROR: Invalid access to property or key 'current_scene' on a base object of type 'null instance'.
          at: _on_tree_changed (res://scripts/autoload/persist_manager.gd:290)
ERROR: Parameter "data.tree" is null.
   at: get_tree (scene/main/node.h:446)
SCRIPT ERROR: Invalid access to property or key 'current_scene' on a base object of type 'null instance'.
          at: _on_tree_changed (res://scripts/autoload/flashbang_player_effects_manager.gd:232)
ERROR: Parameter "data.tree" is null.
   at: get_tree (scene/main/node.h:446)
SCRIPT ERROR: Invalid access to property or key 'current_scene' on a base object of type 'null instance'.
          at: _on_tree_changed (res://scripts/autoload/persist_manager.gd:290)
ERROR: Parameter "data.tree" is null.
   at: get_tree (scene/main/node.h:446)
SCRIPT ERROR: Invalid access to property or key 'current_scene' on a base object of type 'null instance'.
          at: _on_tree_changed (res://scripts/autoload/flashbang_player_effects_manager.gd:232)
ERROR: Parameter "data.tree" is null.
   at: get_tree (scene/main/node.h:446)
SCRIPT ERROR: Invalid access to property or key 'current_scene' on a base object of type 'null instance'.
          at: _on_tree_changed (res://scripts/autoload/persist_manager.gd:290)
ERROR: Parameter "data.tree" is null.
   at: get_tree (scene/main/node.h:446)
SCRIPT ERROR: Invalid access to property or key 'current_scene' on a base object of type 'null instance'.
          at: _on_tree_changed (res://scripts/autoload/flashbang_player_effects_manager.gd:232)
ERROR: Parameter "data.tree" is null.
   at: get_tree (scene/main/node.h:446)
SCRIPT ERROR: Invalid access to property or key 'current_scene' on a base object of type 'null instance'.
          at: _on_tree_changed (res://scripts/autoload/persist_manager.gd:290)
ERROR: Parameter "data.tree" is null.
   at: get_tree (scene/main/node.h:446)
SCRIPT ERROR: Invalid access to property or key 'current_scene' on a base object of type 'null instance'.
          at: _on_tree_changed (res://scripts/autoload/flashbang_player_effects_manager.gd:232)
ERROR: Parameter "data.tree" is null.
   at: get_tree (scene/main/node.h:446)
SCRIPT ERROR: Invalid access to property or key 'current_scene' on a base object of type 'null instance'.
          at: _on_tree_changed (res://scripts/autoload/persist_manager.gd:290)
ERROR: Parameter "data.tree" is null.
   at: get_tree (scene/main/node.h:446)
SCRIPT ERROR: Invalid access to property or key 'current_scene' on a base object of type 'null instance'.
          at: _on_tree_changed (res://scripts/autoload/flashbang_player_effects_manager.gd:232)
ERROR: Parameter "data.tree" is null.
   at: get_tree (scene/main/node.h:446)
SCRIPT ERROR: Invalid access to property or key 'current_scene' on a base object of type 'null instance'.
          at: _on_tree_changed (res://scripts/autoload/persist_manager.gd:290)
ERROR: Parameter "data.tree" is null.
   at: get_tree (scene/main/node.h:446)
SCRIPT ERROR: Invalid access to property or key 'current_scene' on a base object of type 'null instance'.
          at: _on_tree_changed (res://scripts/autoload/flashbang_player_effects_manager.gd:232)
ERROR: Parameter "data.tree" is null.
   at: get_tree (scene/main/node.h:446)
SCRIPT ERROR: Invalid access to property or key 'current_scene' on a base object of type 'null instance'.
          at: _on_tree_changed (res://scripts/autoload/persist_manager.gd:290)
ERROR: Parameter "data.tree" is null.
   at: get_tree (scene/main/node.h:446)
SCRIPT ERROR: Invalid access to property or key 'current_scene' on a base object of type 'null instance'.
          at: _on_tree_changed (res://scripts/autoload/black_metal_effects_manager.gd:151)
ERROR: Parameter "data.tree" is null.
   at: get_tree (scene/main/node.h:446)
SCRIPT ERROR: Invalid access to property or key 'current_scene' on a base object of type 'null instance'.
          at: _on_tree_changed (res://scripts/autoload/flashbang_player_effects_manager.gd:232)
ERROR: Parameter "data.tree" is null.
   at: get_tree (scene/main/node.h:446)
SCRIPT ERROR: Invalid access to property or key 'current_scene' on a base object of type 'null instance'.
          at: _on_tree_changed (res://scripts/autoload/persist_manager.gd:290)
ERROR: Parameter "data.tree" is null.
   at: get_tree (scene/main/node.h:446)
SCRIPT ERROR: Invalid access to property or key 'current_scene' on a base object of type 'null instance'.
          at: _on_tree_changed (res://scripts/autoload/black_metal_effects_manager.gd:151)
ERROR: Parameter "data.tree" is null.
   at: get_tree (scene/main/node.h:446)
SCRIPT ERROR: Invalid access to property or key 'current_scene' on a base object of type 'null instance'.
          at: _on_tree_changed (res://scripts/autoload/flashbang_player_effects_manager.gd:232)
ERROR: Parameter "data.tree" is null.
   at: get_tree (scene/main/node.h:446)
SCRIPT ERROR: Invalid access to property or key 'current_scene' on a base object of type 'null instance'.
          at: _on_tree_changed (res://scripts/autoload/persist_manager.gd:290)
ERROR: Parameter "data.tree" is null.
   at: get_tree (scene/main/node.h:446)
SCRIPT ERROR: Invalid access to property or key 'current_scene' on a base object of type 'null instance'.
          at: _on_tree_changed (res://scripts/autoload/black_metal_effects_manager.gd:151)
ERROR: Parameter "data.tree" is null.
   at: get_tree (scene/main/node.h:446)
SCRIPT ERROR: Invalid access to property or key 'current_scene' on a base object of type 'null instance'.
          at: _on_tree_changed (res://scripts/autoload/flashbang_player_effects_manager.gd:232)
ERROR: Parameter "data.tree" is null.
   at: get_tree (scene/main/node.h:446)
SCRIPT ERROR: Invalid access to property or key 'current_scene' on a base object of type 'null instance'.
          at: _on_tree_changed (res://scripts/autoload/persist_manager.gd:290)
ERROR: Parameter "data.tree" is null.
   at: get_tree (scene/main/node.h:446)
SCRIPT ERROR: Invalid access to property or key 'current_scene' on a base object of type 'null instance'.
          at: _on_tree_changed (res://scripts/autoload/power_fantasy_effects_manager.gd:230)
ERROR: Parameter "data.tree" is null.
   at: get_tree (scene/main/node.h:446)
SCRIPT ERROR: Invalid access to property or key 'current_scene' on a base object of type 'null instance'.
          at: _on_tree_changed (res://scripts/autoload/black_metal_effects_manager.gd:151)
ERROR: Parameter "data.tree" is null.
   at: get_tree (scene/main/node.h:446)
SCRIPT ERROR: Invalid access to property or key 'current_scene' on a base object of type 'null instance'.
          at: _on_tree_changed (res://scripts/autoload/flashbang_player_effects_manager.gd:232)
ERROR: Parameter "data.tree" is null.
   at: get_tree (scene/main/node.h:446)
SCRIPT ERROR: Invalid access to property or key 'current_scene' on a base object of type 'null instance'.
          at: _on_tree_changed (res://scripts/autoload/persist_manager.gd:290)
ERROR: Parameter "data.tree" is null.
   at: get_tree (scene/main/node.h:446)
SCRIPT ERROR: Invalid access to property or key 'current_scene' on a base object of type 'null instance'.
          at: _on_tree_changed (res://scripts/autoload/power_fantasy_effects_manager.gd:230)
ERROR: Parameter "data.tree" is null.
   at: get_tree (scene/main/node.h:446)
SCRIPT ERROR: Invalid access to property or key 'current_scene' on a base object of type 'null instance'.
          at: _on_tree_changed (res://scripts/autoload/black_metal_effects_manager.gd:151)
ERROR: Parameter "data.tree" is null.
   at: get_tree (scene/main/node.h:446)
SCRIPT ERROR: Invalid access to property or key 'current_scene' on a base object of type 'null instance'.
          at: _on_tree_changed (res://scripts/autoload/flashbang_player_effects_manager.gd:232)
ERROR: Parameter "data.tree" is null.
   at: get_tree (scene/main/node.h:446)
SCRIPT ERROR: Invalid access to property or key 'current_scene' on a base object of type 'null instance'.
          at: _on_tree_changed (res://scripts/autoload/persist_manager.gd:290)
ERROR: Parameter "data.tree" is null.
   at: get_tree (scene/main/node.h:446)
SCRIPT ERROR: Invalid access to property or key 'current_scene' on a base object of type 'null instance'.
          at: _on_tree_changed (res://scripts/autoload/power_fantasy_effects_manager.gd:230)
ERROR: Parameter "data.tree" is null.
   at: get_tree (scene/main/node.h:446)
SCRIPT ERROR: Invalid access to property or key 'current_scene' on a base object of type 'null instance'.
          at: _on_tree_changed (res://scripts/autoload/black_metal_effects_manager.gd:151)
ERROR: Parameter "data.tree" is null.
   at: get_tree (scene/main/node.h:446)
SCRIPT ERROR: Invalid access to property or key 'current_scene' on a base object of type 'null instance'.
          at: _on_tree_changed (res://scripts/autoload/flashbang_player_effects_manager.gd:232)
ERROR: Parameter "data.tree" is null.
   at: get_tree (scene/main/node.h:446)
SCRIPT ERROR: Invalid access to property or key 'current_scene' on a base object of type 'null instance'.
          at: _on_tree_changed (res://scripts/autoload/persist_manager.gd:290)
ERROR: Parameter "data.tree" is null.
   at: get_tree (scene/main/node.h:446)
SCRIPT ERROR: Invalid access to property or key 'current_scene' on a base object of type 'null instance'.
          at: _on_tree_changed (res://scripts/autoload/power_fantasy_effects_manager.gd:230)
ERROR: Parameter "data.tree" is null.
   at: get_tree (scene/main/node.h:446)
SCRIPT ERROR: Invalid access to property or key 'current_scene' on a base object of type 'null instance'.
          at: _on_tree_changed (res://scripts/autoload/black_metal_effects_manager.gd:151)
ERROR: Parameter "data.tree" is null.
   at: get_tree (scene/main/node.h:446)
SCRIPT ERROR: Invalid access to property or key 'current_scene' on a base object of type 'null instance'.
          at: _on_tree_changed (res://scripts/autoload/flashbang_player_effects_manager.gd:232)
ERROR: Parameter "data.tree" is null.
   at: get_tree (scene/main/node.h:446)
SCRIPT ERROR: Invalid access to property or key 'current_scene' on a base object of type 'null instance'.
          at: _on_tree_changed (res://scripts/autoload/persist_manager.gd:290)
ERROR: Parameter "data.tree" is null.
   at: get_tree (scene/main/node.h:446)
SCRIPT ERROR: Invalid access to property or key 'current_scene' on a base object of type 'null instance'.
          at: _on_tree_changed (res://scripts/autoload/cinema_effects_manager.gd:661)
ERROR: Parameter "data.tree" is null.
   at: get_tree (scene/main/node.h:446)
SCRIPT ERROR: Invalid access to property or key 'current_scene' on a base object of type 'null instance'.
          at: _on_tree_changed (res://scripts/autoload/power_fantasy_effects_manager.gd:230)
ERROR: Parameter "data.tree" is null.
   at: get_tree (scene/main/node.h:446)
SCRIPT ERROR: Invalid access to property or key 'current_scene' on a base object of type 'null instance'.
          at: _on_tree_changed (res://scripts/autoload/black_metal_effects_manager.gd:151)
ERROR: Parameter "data.tree" is null.
   at: get_tree (scene/main/node.h:446)
SCRIPT ERROR: Invalid access to property or key 'current_scene' on a base object of type 'null instance'.
          at: _on_tree_changed (res://scripts/autoload/flashbang_player_effects_manager.gd:232)
ERROR: Parameter "data.tree" is null.
   at: get_tree (scene/main/node.h:446)
SCRIPT ERROR: Invalid access to property or key 'current_scene' on a base object of type 'null instance'.
          at: _on_tree_changed (res://scripts/autoload/persist_manager.gd:290)
ERROR: Parameter "data.tree" is null.
   at: get_tree (scene/main/node.h:446)
SCRIPT ERROR: Invalid access to property or key 'current_scene' on a base object of type 'null instance'.
          at: _on_tree_changed (res://scripts/autoload/cinema_effects_manager.gd:661)
ERROR: Parameter "data.tree" is null.
   at: get_tree (scene/main/node.h:446)
SCRIPT ERROR: Invalid access to property or key 'current_scene' on a base object of type 'null instance'.
          at: _on_tree_changed (res://scripts/autoload/power_fantasy_effects_manager.gd:230)
ERROR: Parameter "data.tree" is null.
   at: get_tree (scene/main/node.h:446)
SCRIPT ERROR: Invalid access to property or key 'current_scene' on a base object of type 'null instance'.
          at: _on_tree_changed (res://scripts/autoload/black_metal_effects_manager.gd:151)
ERROR: Parameter "data.tree" is null.
   at: get_tree (scene/main/node.h:446)
SCRIPT ERROR: Invalid access to property or key 'current_scene' on a base object of type 'null instance'.
          at: _on_tree_changed (res://scripts/autoload/flashbang_player_effects_manager.gd:232)
ERROR: Parameter "data.tree" is null.
   at: get_tree (scene/main/node.h:446)
SCRIPT ERROR: Invalid access to property or key 'current_scene' on a base object of type 'null instance'.
          at: _on_tree_changed (res://scripts/autoload/persist_manager.gd:290)
ERROR: Parameter "data.tree" is null.
   at: get_tree (scene/main/node.h:446)
SCRIPT ERROR: Invalid access to property or key 'current_scene' on a base object of type 'null instance'.
          at: _on_tree_changed (res://scripts/autoload/cinema_effects_manager.gd:661)
ERROR: Parameter "data.tree" is null.
   at: get_tree (scene/main/node.h:446)
SCRIPT ERROR: Invalid access to property or key 'current_scene' on a base object of type 'null instance'.
          at: _on_tree_changed (res://scripts/autoload/power_fantasy_effects_manager.gd:230)
ERROR: Parameter "data.tree" is null.
   at: get_tree (scene/main/node.h:446)
SCRIPT ERROR: Invalid access to property or key 'current_scene' on a base object of type 'null instance'.
          at: _on_tree_changed (res://scripts/autoload/black_metal_effects_manager.gd:151)
ERROR: Parameter "data.tree" is null.
   at: get_tree (scene/main/node.h:446)
SCRIPT ERROR: Invalid access to property or key 'current_scene' on a base object of type 'null instance'.
          at: _on_tree_changed (res://scripts/autoload/flashbang_player_effects_manager.gd:232)
ERROR: Parameter "data.tree" is null.
   at: get_tree (scene/main/node.h:446)
SCRIPT ERROR: Invalid access to property or key 'current_scene' on a base object of type 'null instance'.
          at: _on_tree_changed (res://scripts/autoload/persist_manager.gd:290)
ERROR: Parameter "data.tree" is null.
   at: get_tree (scene/main/node.h:446)
SCRIPT ERROR: Invalid access to property or key 'current_scene' on a base object of type 'null instance'.
          at: _on_tree_changed (res://scripts/autoload/cinema_effects_manager.gd:661)
ERROR: Parameter "data.tree" is null.
   at: get_tree (scene/main/node.h:446)
SCRIPT ERROR: Invalid access to property or key 'current_scene' on a base object of type 'null instance'.
          at: _on_tree_changed (res://scripts/autoload/power_fantasy_effects_manager.gd:230)
ERROR: Parameter "data.tree" is null.
   at: get_tree (scene/main/node.h:446)
SCRIPT ERROR: Invalid access to property or key 'current_scene' on a base object of type 'null instance'.
          at: _on_tree_changed (res://scripts/autoload/black_metal_effects_manager.gd:151)
ERROR: Parameter "data.tree" is null.
   at: get_tree (scene/main/node.h:446)
SCRIPT ERROR: Invalid access to property or key 'current_scene' on a base object of type 'null instance'.
          at: _on_tree_changed (res://scripts/autoload/flashbang_player_effects_manager.gd:232)
ERROR: Parameter "data.tree" is null.
   at: get_tree (scene/main/node.h:446)
SCRIPT ERROR: Invalid access to property or key 'current_scene' on a base object of type 'null instance'.
          at: _on_tree_changed (res://scripts/autoload/persist_manager.gd:290)
ERROR: Parameter "data.tree" is null.
   at: get_tree (scene/main/node.h:446)
SCRIPT ERROR: Invalid access to property or key 'current_scene' on a base object of type 'null instance'.
          at: _on_tree_changed (res://scripts/autoload/cinema_effects_manager.gd:661)
ERROR: Parameter "data.tree" is null.
   at: get_tree (scene/main/node.h:446)
SCRIPT ERROR: Invalid access to property or key 'current_scene' on a base object of type 'null instance'.
          at: _on_tree_changed (res://scripts/autoload/power_fantasy_effects_manager.gd:230)
ERROR: Parameter "data.tree" is null.
   at: get_tree (scene/main/node.h:446)
SCRIPT ERROR: Invalid access to property or key 'current_scene' on a base object of type 'null instance'.
          at: _on_tree_changed (res://scripts/autoload/black_metal_effects_manager.gd:151)
ERROR: Parameter "data.tree" is null.
   at: get_tree (scene/main/node.h:446)
SCRIPT ERROR: Invalid access to property or key 'current_scene' on a base object of type 'null instance'.
          at: _on_tree_changed (res://scripts/autoload/flashbang_player_effects_manager.gd:232)
ERROR: Parameter "data.tree" is null.
   at: get_tree (scene/main/node.h:446)
SCRIPT ERROR: Invalid access to property or key 'current_scene' on a base object of type 'null instance'.
          at: _on_tree_changed (res://scripts/autoload/persist_manager.gd:290)
ERROR: Parameter "data.tree" is null.
   at: get_tree (scene/main/node.h:446)
SCRIPT ERROR: Invalid access to property or key 'current_scene' on a base object of type 'null instance'.
          at: _on_tree_changed (res://scripts/autoload/cinema_effects_manager.gd:661)
ERROR: Parameter "data.tree" is null.
   at: get_tree (scene/main/node.h:446)
SCRIPT ERROR: Invalid access to property or key 'current_scene' on a base object of type 'null instance'.
          at: _on_tree_changed (res://scripts/autoload/power_fantasy_effects_manager.gd:230)
ERROR: Parameter "data.tree" is null.
   at: get_tree (scene/main/node.h:446)
SCRIPT ERROR: Invalid access to property or key 'current_scene' on a base object of type 'null instance'.
          at: _on_tree_changed (res://scripts/autoload/black_metal_effects_manager.gd:151)
ERROR: Parameter "data.tree" is null.
   at: get_tree (scene/main/node.h:446)
SCRIPT ERROR: Invalid access to property or key 'current_scene' on a base object of type 'null instance'.
          at: _on_tree_changed (res://scripts/autoload/flashbang_player_effects_manager.gd:232)
ERROR: Parameter "data.tree" is null.
   at: get_tree (scene/main/node.h:446)
SCRIPT ERROR: Invalid access to property or key 'current_scene' on a base object of type 'null instance'.
          at: _on_tree_changed (res://scripts/autoload/persist_manager.gd:290)
ERROR: Parameter "data.tree" is null.
   at: get_tree (scene/main/node.h:446)
SCRIPT ERROR: Invalid access to property or key 'current_scene' on a base object of type 'null instance'.
          at: _on_tree_changed (res://scripts/autoload/cinema_effects_manager.gd:661)
ERROR: Parameter "data.tree" is null.
   at: get_tree (scene/main/node.h:446)
SCRIPT ERROR: Invalid access to property or key 'current_scene' on a base object of type 'null instance'.
          at: _on_tree_changed (res://scripts/autoload/power_fantasy_effects_manager.gd:230)
ERROR: Parameter "data.tree" is null.
   at: get_tree (scene/main/node.h:446)
SCRIPT ERROR: Invalid access to property or key 'current_scene' on a base object of type 'null instance'.
          at: _on_tree_changed (res://scripts/autoload/black_metal_effects_manager.gd:151)
ERROR: Parameter "data.tree" is null.
   at: get_tree (scene/main/node.h:446)
SCRIPT ERROR: Invalid access to property or key 'current_scene' on a base object of type 'null instance'.
          at: _on_tree_changed (res://scripts/autoload/flashbang_player_effects_manager.gd:232)
ERROR: Parameter "data.tree" is null.
   at: get_tree (scene/main/node.h:446)
SCRIPT ERROR: Invalid access to property or key 'current_scene' on a base object of type 'null instance'.
          at: _on_tree_changed (res://scripts/autoload/persist_manager.gd:290)
ERROR: Parameter "data.tree" is null.
   at: get_tree (scene/main/node.h:446)
SCRIPT ERROR: Invalid access to property or key 'current_scene' on a base object of type 'null instance'.
          at: _on_tree_changed (res://scripts/autoload/cinema_effects_manager.gd:661)
ERROR: Parameter "data.tree" is null.
   at: get_tree (scene/main/node.h:446)
SCRIPT ERROR: Invalid access to property or key 'current_scene' on a base object of type 'null instance'.
          at: _on_tree_changed (res://scripts/autoload/power_fantasy_effects_manager.gd:230)
ERROR: Parameter "data.tree" is null.
   at: get_tree (scene/main/node.h:446)
SCRIPT ERROR: Invalid access to property or key 'current_scene' on a base object of type 'null instance'.
          at: _on_tree_changed (res://scripts/autoload/black_metal_effects_manager.gd:151)
ERROR: Parameter "data.tree" is null.
   at: get_tree (scene/main/node.h:446)
SCRIPT ERROR: Invalid access to property or key 'current_scene' on a base object of type 'null instance'.
          at: _on_tree_changed (res://scripts/autoload/flashbang_player_effects_manager.gd:232)
ERROR: Parameter "data.tree" is null.
   at: get_tree (scene/main/node.h:446)
SCRIPT ERROR: Invalid access to property or key 'current_scene' on a base object of type 'null instance'.
          at: _on_tree_changed (res://scripts/autoload/persist_manager.gd:290)
ERROR: Parameter "data.tree" is null.
   at: get_tree (scene/main/node.h:446)
SCRIPT ERROR: Invalid access to property or key 'current_scene' on a base object of type 'null instance'.
          at: _on_tree_changed (res://scripts/autoload/cinema_effects_manager.gd:661)
ERROR: Parameter "data.tree" is null.
   at: get_tree (scene/main/node.h:446)
SCRIPT ERROR: Invalid access to property or key 'current_scene' on a base object of type 'null instance'.
          at: _on_tree_changed (res://scripts/autoload/power_fantasy_effects_manager.gd:230)
ERROR: Parameter "data.tree" is null.
   at: get_tree (scene/main/node.h:446)
SCRIPT ERROR: Invalid access to property or key 'current_scene' on a base object of type 'null instance'.
          at: _on_tree_changed (res://scripts/autoload/black_metal_effects_manager.gd:151)
ERROR: Parameter "data.tree" is null.
   at: get_tree (scene/main/node.h:446)
SCRIPT ERROR: Invalid access to property or key 'current_scene' on a base object of type 'null instance'.
          at: _on_tree_changed (res://scripts/autoload/flashbang_player_effects_manager.gd:232)
ERROR: Parameter "data.tree" is null.
   at: get_tree (scene/main/node.h:446)
SCRIPT ERROR: Invalid access to property or key 'current_scene' on a base object of type 'null instance'.
          at: _on_tree_changed (res://scripts/autoload/persist_manager.gd:290)
ERROR: Parameter "data.tree" is null.
   at: get_tree (scene/main/node.h:446)
SCRIPT ERROR: Invalid access to property or key 'current_scene' on a base object of type 'null instance'.
          at: _on_tree_changed (res://scripts/autoload/cinema_effects_manager.gd:661)
ERROR: Parameter "data.tree" is null.
   at: get_tree (scene/main/node.h:446)
SCRIPT ERROR: Invalid access to property or key 'current_scene' on a base object of type 'null instance'.
          at: _on_tree_changed (res://scripts/autoload/power_fantasy_effects_manager.gd:230)
ERROR: Parameter "data.tree" is null.
   at: get_tree (scene/main/node.h:446)
SCRIPT ERROR: Invalid access to property or key 'current_scene' on a base object of type 'null instance'.
          at: _on_tree_changed (res://scripts/autoload/black_metal_effects_manager.gd:151)
ERROR: Parameter "data.tree" is null.
   at: get_tree (scene/main/node.h:446)
SCRIPT ERROR: Invalid access to property or key 'current_scene' on a base object of type 'null instance'.
          at: _on_tree_changed (res://scripts/autoload/flashbang_player_effects_manager.gd:232)
ERROR: Parameter "data.tree" is null.
   at: get_tree (scene/main/node.h:446)
SCRIPT ERROR: Invalid access to property or key 'current_scene' on a base object of type 'null instance'.
          at: _on_tree_changed (res://scripts/autoload/persist_manager.gd:290)
ERROR: Parameter "data.tree" is null.
   at: get_tree (scene/main/node.h:446)
SCRIPT ERROR: Invalid access to property or key 'current_scene' on a base object of type 'null instance'.
          at: _on_tree_changed (res://scripts/autoload/cinema_effects_manager.gd:661)
ERROR: Parameter "data.tree" is null.
   at: get_tree (scene/main/node.h:446)
SCRIPT ERROR: Invalid access to property or key 'current_scene' on a base object of type 'null instance'.
          at: _on_tree_changed (res://scripts/autoload/power_fantasy_effects_manager.gd:230)
ERROR: Parameter "data.tree" is null.
   at: get_tree (scene/main/node.h:446)
SCRIPT ERROR: Invalid access to property or key 'current_scene' on a base object of type 'null instance'.
          at: _on_tree_changed (res://scripts/autoload/black_metal_effects_manager.gd:151)
ERROR: Parameter "data.tree" is null.
   at: get_tree (scene/main/node.h:446)
SCRIPT ERROR: Invalid access to property or key 'current_scene' on a base object of type 'null instance'.
          at: _on_tree_changed (res://scripts/autoload/flashbang_player_effects_manager.gd:232)
ERROR: Parameter "data.tree" is null.
   at: get_tree (scene/main/node.h:446)
SCRIPT ERROR: Invalid access to property or key 'current_scene' on a base object of type 'null instance'.
          at: _on_tree_changed (res://scripts/autoload/persist_manager.gd:290)
ERROR: Parameter "data.tree" is null.
   at: get_tree (scene/main/node.h:446)
SCRIPT ERROR: Invalid access to property or key 'current_scene' on a base object of type 'null instance'.
          at: _on_tree_changed (res://scripts/autoload/cinema_effects_manager.gd:661)
ERROR: Parameter "data.tree" is null.
   at: get_tree (scene/main/node.h:446)
SCRIPT ERROR: Invalid access to property or key 'current_scene' on a base object of type 'null instance'.
          at: _on_tree_changed (res://scripts/autoload/power_fantasy_effects_manager.gd:230)
ERROR: Parameter "data.tree" is null.
   at: get_tree (scene/main/node.h:446)
SCRIPT ERROR: Invalid access to property or key 'current_scene' on a base object of type 'null instance'.
          at: _on_tree_changed (res://scripts/autoload/black_metal_effects_manager.gd:151)
ERROR: Parameter "data.tree" is null.
   at: get_tree (scene/main/node.h:446)
SCRIPT ERROR: Invalid access to property or key 'current_scene' on a base object of type 'null instance'.
          at: _on_tree_changed (res://scripts/autoload/flashbang_player_effects_manager.gd:232)
ERROR: Parameter "data.tree" is null.
   at: get_tree (scene/main/node.h:446)
SCRIPT ERROR: Invalid access to property or key 'current_scene' on a base object of type 'null instance'.
          at: _on_tree_changed (res://scripts/autoload/persist_manager.gd:290)
ERROR: Parameter "data.tree" is null.
   at: get_tree (scene/main/node.h:446)
SCRIPT ERROR: Invalid access to property or key 'current_scene' on a base object of type 'null instance'.
          at: _on_tree_changed (res://scripts/autoload/cinema_effects_manager.gd:661)
ERROR: Parameter "data.tree" is null.
   at: get_tree (scene/main/node.h:446)
SCRIPT ERROR: Invalid access to property or key 'current_scene' on a base object of type 'null instance'.
          at: _on_tree_changed (res://scripts/autoload/power_fantasy_effects_manager.gd:230)
ERROR: Parameter "data.tree" is null.
   at: get_tree (scene/main/node.h:446)
SCRIPT ERROR: Invalid access to property or key 'current_scene' on a base object of type 'null instance'.
          at: _on_tree_changed (res://scripts/autoload/black_metal_effects_manager.gd:151)
ERROR: Parameter "data.tree" is null.
   at: get_tree (scene/main/node.h:446)
SCRIPT ERROR: Invalid access to property or key 'current_scene' on a base object of type 'null instance'.
          at: _on_tree_changed (res://scripts/autoload/flashbang_player_effects_manager.gd:232)
ERROR: Parameter "data.tree" is null.
   at: get_tree (scene/main/node.h:446)
SCRIPT ERROR: Invalid access to property or key 'current_scene' on a base object of type 'null instance'.
          at: _on_tree_changed (res://scripts/autoload/persist_manager.gd:290)
ERROR: Parameter "data.tree" is null.
   at: get_tree (scene/main/node.h:446)
SCRIPT ERROR: Invalid access to property or key 'current_scene' on a base object of type 'null instance'.
          at: _on_tree_changed (res://scripts/autoload/cinema_effects_manager.gd:661)
ERROR: Parameter "data.tree" is null.
   at: get_tree (scene/main/node.h:446)
SCRIPT ERROR: Invalid access to property or key 'current_scene' on a base object of type 'null instance'.
          at: _on_tree_changed (res://scripts/autoload/power_fantasy_effects_manager.gd:230)
ERROR: Parameter "data.tree" is null.
   at: get_tree (scene/main/node.h:446)
SCRIPT ERROR: Invalid access to property or key 'current_scene' on a base object of type 'null instance'.
          at: _on_tree_changed (res://scripts/autoload/black_metal_effects_manager.gd:151)
ERROR: Parameter "data.tree" is null.
   at: get_tree (scene/main/node.h:446)
SCRIPT ERROR: Invalid access to property or key 'current_scene' on a base object of type 'null instance'.
          at: _on_tree_changed (res://scripts/autoload/flashbang_player_effects_manager.gd:232)
ERROR: Parameter "data.tree" is null.
   at: get_tree (scene/main/node.h:446)
SCRIPT ERROR: Invalid access to property or key 'current_scene' on a base object of type 'null instance'.
          at: _on_tree_changed (res://scripts/autoload/persist_manager.gd:290)
ERROR: Parameter "data.tree" is null.
   at: get_tree (scene/main/node.h:446)
SCRIPT ERROR: Invalid access to property or key 'current_scene' on a base object of type 'null instance'.
          at: _on_tree_changed (res://scripts/autoload/cinema_effects_manager.gd:661)
ERROR: Parameter "data.tree" is null.
   at: get_tree (scene/main/node.h:446)
SCRIPT ERROR: Invalid access to property or key 'current_scene' on a base object of type 'null instance'.
          at: _on_tree_changed (res://scripts/autoload/power_fantasy_effects_manager.gd:230)
ERROR: Parameter "data.tree" is null.
   at: get_tree (scene/main/node.h:446)
SCRIPT ERROR: Invalid access to property or key 'current_scene' on a base object of type 'null instance'.
          at: _on_tree_changed (res://scripts/autoload/black_metal_effects_manager.gd:151)
ERROR: Parameter "data.tree" is null.
   at: get_tree (scene/main/node.h:446)
SCRIPT ERROR: Invalid access to property or key 'current_scene' on a base object of type 'null instance'.
          at: _on_tree_changed (res://scripts/autoload/flashbang_player_effects_manager.gd:232)
ERROR: Parameter "data.tree" is null.
   at: get_tree (scene/main/node.h:446)
SCRIPT ERROR: Invalid access to property or key 'current_scene' on a base object of type 'null instance'.
          at: _on_tree_changed (res://scripts/autoload/persist_manager.gd:290)
ERROR: Parameter "data.tree" is null.
   at: get_tree (scene/main/node.h:446)
SCRIPT ERROR: Invalid access to property or key 'current_scene' on a base object of type 'null instance'.
          at: _on_tree_changed (res://scripts/autoload/cinema_effects_manager.gd:661)
ERROR: Parameter "data.tree" is null.
   at: get_tree (scene/main/node.h:446)
SCRIPT ERROR: Invalid access to property or key 'current_scene' on a base object of type 'null instance'.
          at: _on_tree_changed (res://scripts/autoload/power_fantasy_effects_manager.gd:230)
ERROR: Parameter "data.tree" is null.
   at: get_tree (scene/main/node.h:446)
SCRIPT ERROR: Invalid access to property or key 'current_scene' on a base object of type 'null instance'.
          at: _on_tree_changed (res://scripts/autoload/black_metal_effects_manager.gd:151)
ERROR: Parameter "data.tree" is null.
   at: get_tree (scene/main/node.h:446)
SCRIPT ERROR: Invalid access to property or key 'current_scene' on a base object of type 'null instance'.
          at: _on_tree_changed (res://scripts/autoload/flashbang_player_effects_manager.gd:232)
ERROR: Parameter "data.tree" is null.
   at: get_tree (scene/main/node.h:446)
SCRIPT ERROR: Invalid access to property or key 'current_scene' on a base object of type 'null instance'.
          at: _on_tree_changed (res://scripts/autoload/persist_manager.gd:290)
ERROR: Parameter "data.tree" is null.
   at: get_tree (scene/main/node.h:446)
SCRIPT ERROR: Invalid access to property or key 'current_scene' on a base object of type 'null instance'.
          at: _on_tree_changed (res://scripts/autoload/cinema_effects_manager.gd:661)
ERROR: Parameter "data.tree" is null.
   at: get_tree (scene/main/node.h:446)
SCRIPT ERROR: Invalid access to property or key 'current_scene' on a base object of type 'null instance'.
          at: _on_tree_changed (res://scripts/autoload/power_fantasy_effects_manager.gd:230)
ERROR: Parameter "data.tree" is null.
   at: get_tree (scene/main/node.h:446)
SCRIPT ERROR: Invalid access to property or key 'current_scene' on a base object of type 'null instance'.
          at: _on_tree_changed (res://scripts/autoload/black_metal_effects_manager.gd:151)
ERROR: Parameter "data.tree" is null.
   at: get_tree (scene/main/node.h:446)
SCRIPT ERROR: Invalid access to property or key 'current_scene' on a base object of type 'null instance'.
          at: _on_tree_changed (res://scripts/autoload/flashbang_player_effects_manager.gd:232)
ERROR: Parameter "data.tree" is null.
   at: get_tree (scene/main/node.h:446)
SCRIPT ERROR: Invalid access to property or key 'current_scene' on a base object of type 'null instance'.
          at: _on_tree_changed (res://scripts/autoload/persist_manager.gd:290)
ERROR: Parameter "data.tree" is null.
   at: get_tree (scene/main/node.h:446)
SCRIPT ERROR: Invalid access to property or key 'current_scene' on a base object of type 'null instance'.
          at: _on_tree_changed (res://scripts/autoload/cinema_effects_manager.gd:661)
ERROR: Parameter "data.tree" is null.
   at: get_tree (scene/main/node.h:446)
SCRIPT ERROR: Invalid access to property or key 'current_scene' on a base object of type 'null instance'.
          at: _on_tree_changed (res://scripts/autoload/power_fantasy_effects_manager.gd:230)
ERROR: Parameter "data.tree" is null.
   at: get_tree (scene/main/node.h:446)
SCRIPT ERROR: Invalid access to property or key 'current_scene' on a base object of type 'null instance'.
          at: _on_tree_changed (res://scripts/autoload/black_metal_effects_manager.gd:151)
ERROR: Parameter "data.tree" is null.
   at: get_tree (scene/main/node.h:446)
SCRIPT ERROR: Invalid access to property or key 'current_scene' on a base object of type 'null instance'.
          at: _on_tree_changed (res://scripts/autoload/flashbang_player_effects_manager.gd:232)
ERROR: Parameter "data.tree" is null.
   at: get_tree (scene/main/node.h:446)
SCRIPT ERROR: Invalid access to property or key 'current_scene' on a base object of type 'null instance'.
          at: _on_tree_changed (res://scripts/autoload/persist_manager.gd:290)
ERROR: Parameter "data.tree" is null.
   at: get_tree (scene/main/node.h:446)
SCRIPT ERROR: Invalid access to property or key 'current_scene' on a base object of type 'null instance'.
          at: _on_tree_changed (res://scripts/autoload/cinema_effects_manager.gd:661)
ERROR: Parameter "data.tree" is null.
   at: get_tree (scene/main/node.h:446)
SCRIPT ERROR: Invalid access to property or key 'current_scene' on a base object of type 'null instance'.
          at: _on_tree_changed (res://scripts/autoload/power_fantasy_effects_manager.gd:230)
ERROR: Parameter "data.tree" is null.
   at: get_tree (scene/main/node.h:446)
SCRIPT ERROR: Invalid access to property or key 'current_scene' on a base object of type 'null instance'.
          at: _on_tree_changed (res://scripts/autoload/black_metal_effects_manager.gd:151)
ERROR: Parameter "data.tree" is null.
   at: get_tree (scene/main/node.h:446)
SCRIPT ERROR: Invalid access to property or key 'current_scene' on a base object of type 'null instance'.
          at: _on_tree_changed (res://scripts/autoload/flashbang_player_effects_manager.gd:232)
ERROR: Parameter "data.tree" is null.
   at: get_tree (scene/main/node.h:446)
SCRIPT ERROR: Invalid access to property or key 'current_scene' on a base object of type 'null instance'.
          at: _on_tree_changed (res://scripts/autoload/persist_manager.gd:290)
ERROR: Parameter "data.tree" is null.
   at: get_tree (scene/main/node.h:446)
SCRIPT ERROR: Invalid access to property or key 'current_scene' on a base object of type 'null instance'.
          at: _on_tree_changed (res://scripts/autoload/last_chance_effects_manager.gd:1418)
ERROR: Parameter "data.tree" is null.
   at: get_tree (scene/main/node.h:446)
SCRIPT ERROR: Invalid access to property or key 'current_scene' on a base object of type 'null instance'.
          at: _on_tree_changed (res://scripts/autoload/cinema_effects_manager.gd:661)
ERROR: Parameter "data.tree" is null.
   at: get_tree (scene/main/node.h:446)
SCRIPT ERROR: Invalid access to property or key 'current_scene' on a base object of type 'null instance'.
          at: _on_tree_changed (res://scripts/autoload/power_fantasy_effects_manager.gd:230)
ERROR: Parameter "data.tree" is null.
   at: get_tree (scene/main/node.h:446)
SCRIPT ERROR: Invalid access to property or key 'current_scene' on a base object of type 'null instance'.
          at: _on_tree_changed (res://scripts/autoload/black_metal_effects_manager.gd:151)
ERROR: Parameter "data.tree" is null.
   at: get_tree (scene/main/node.h:446)
SCRIPT ERROR: Invalid access to property or key 'current_scene' on a base object of type 'null instance'.
          at: _on_tree_changed (res://scripts/autoload/flashbang_player_effects_manager.gd:232)
ERROR: Parameter "data.tree" is null.
   at: get_tree (scene/main/node.h:446)
SCRIPT ERROR: Invalid access to property or key 'current_scene' on a base object of type 'null instance'.
          at: _on_tree_changed (res://scripts/autoload/persist_manager.gd:290)
ERROR: Parameter "data.tree" is null.
   at: get_tree (scene/main/node.h:446)
SCRIPT ERROR: Invalid access to property or key 'current_scene' on a base object of type 'null instance'.
          at: _on_tree_changed (res://scripts/autoload/last_chance_effects_manager.gd:1418)
ERROR: Parameter "data.tree" is null.
   at: get_tree (scene/main/node.h:446)
SCRIPT ERROR: Invalid access to property or key 'current_scene' on a base object of type 'null instance'.
          at: _on_tree_changed (res://scripts/autoload/cinema_effects_manager.gd:661)
ERROR: Parameter "data.tree" is null.
   at: get_tree (scene/main/node.h:446)
SCRIPT ERROR: Invalid access to property or key 'current_scene' on a base object of type 'null instance'.
          at: _on_tree_changed (res://scripts/autoload/power_fantasy_effects_manager.gd:230)
ERROR: Parameter "data.tree" is null.
   at: get_tree (scene/main/node.h:446)
SCRIPT ERROR: Invalid access to property or key 'current_scene' on a base object of type 'null instance'.
          at: _on_tree_changed (res://scripts/autoload/black_metal_effects_manager.gd:151)
ERROR: Parameter "data.tree" is null.
   at: get_tree (scene/main/node.h:446)
SCRIPT ERROR: Invalid access to property or key 'current_scene' on a base object of type 'null instance'.
          at: _on_tree_changed (res://scripts/autoload/flashbang_player_effects_manager.gd:232)
ERROR: Parameter "data.tree" is null.
   at: get_tree (scene/main/node.h:446)
SCRIPT ERROR: Invalid access to property or key 'current_scene' on a base object of type 'null instance'.
          at: _on_tree_changed (res://scripts/autoload/persist_manager.gd:290)
ERROR: Parameter "data.tree" is null.
   at: get_tree (scene/main/node.h:446)
SCRIPT ERROR: Invalid access to property or key 'current_scene' on a base object of type 'null instance'.
          at: _on_tree_changed (res://scripts/autoload/last_chance_effects_manager.gd:1418)
ERROR: Parameter "data.tree" is null.
   at: get_tree (scene/main/node.h:446)
SCRIPT ERROR: Invalid access to property or key 'current_scene' on a base object of type 'null instance'.
          at: _on_tree_changed (res://scripts/autoload/cinema_effects_manager.gd:661)
ERROR: Parameter "data.tree" is null.
   at: get_tree (scene/main/node.h:446)
SCRIPT ERROR: Invalid access to property or key 'current_scene' on a base object of type 'null instance'.
          at: _on_tree_changed (res://scripts/autoload/power_fantasy_effects_manager.gd:230)
ERROR: Parameter "data.tree" is null.
   at: get_tree (scene/main/node.h:446)
SCRIPT ERROR: Invalid access to property or key 'current_scene' on a base object of type 'null instance'.
          at: _on_tree_changed (res://scripts/autoload/black_metal_effects_manager.gd:151)
ERROR: Parameter "data.tree" is null.
   at: get_tree (scene/main/node.h:446)
SCRIPT ERROR: Invalid access to property or key 'current_scene' on a base object of type 'null instance'.
          at: _on_tree_changed (res://scripts/autoload/flashbang_player_effects_manager.gd:232)
ERROR: Parameter "data.tree" is null.
   at: get_tree (scene/main/node.h:446)
SCRIPT ERROR: Invalid access to property or key 'current_scene' on a base object of type 'null instance'.
          at: _on_tree_changed (res://scripts/autoload/persist_manager.gd:290)
ERROR: Parameter "data.tree" is null.
   at: get_tree (scene/main/node.h:446)
SCRIPT ERROR: Invalid access to property or key 'current_scene' on a base object of type 'null instance'.
          at: _on_tree_changed (res://scripts/autoload/penultimate_hit_effects_manager.gd:551)
ERROR: Parameter "data.tree" is null.
   at: get_tree (scene/main/node.h:446)
SCRIPT ERROR: Invalid access to property or key 'current_scene' on a base object of type 'null instance'.
          at: _on_tree_changed (res://scripts/autoload/last_chance_effects_manager.gd:1418)
ERROR: Parameter "data.tree" is null.
   at: get_tree (scene/main/node.h:446)
SCRIPT ERROR: Invalid access to property or key 'current_scene' on a base object of type 'null instance'.
          at: _on_tree_changed (res://scripts/autoload/cinema_effects_manager.gd:661)
ERROR: Parameter "data.tree" is null.
   at: get_tree (scene/main/node.h:446)
SCRIPT ERROR: Invalid access to property or key 'current_scene' on a base object of type 'null instance'.
          at: _on_tree_changed (res://scripts/autoload/power_fantasy_effects_manager.gd:230)
ERROR: Parameter "data.tree" is null.
   at: get_tree (scene/main/node.h:446)
SCRIPT ERROR: Invalid access to property or key 'current_scene' on a base object of type 'null instance'.
          at: _on_tree_changed (res://scripts/autoload/black_metal_effects_manager.gd:151)
ERROR: Parameter "data.tree" is null.
   at: get_tree (scene/main/node.h:446)
SCRIPT ERROR: Invalid access to property or key 'current_scene' on a base object of type 'null instance'.
          at: _on_tree_changed (res://scripts/autoload/flashbang_player_effects_manager.gd:232)
ERROR: Parameter "data.tree" is null.
   at: get_tree (scene/main/node.h:446)
SCRIPT ERROR: Invalid access to property or key 'current_scene' on a base object of type 'null instance'.
          at: _on_tree_changed (res://scripts/autoload/persist_manager.gd:290)
ERROR: Parameter "data.tree" is null.
   at: get_tree (scene/main/node.h:446)
SCRIPT ERROR: Invalid access to property or key 'current_scene' on a base object of type 'null instance'.
          at: _on_tree_changed (res://scripts/autoload/penultimate_hit_effects_manager.gd:551)
ERROR: Parameter "data.tree" is null.
   at: get_tree (scene/main/node.h:446)
SCRIPT ERROR: Invalid access to property or key 'current_scene' on a base object of type 'null instance'.
          at: _on_tree_changed (res://scripts/autoload/last_chance_effects_manager.gd:1418)
ERROR: Parameter "data.tree" is null.
   at: get_tree (scene/main/node.h:446)
SCRIPT ERROR: Invalid access to property or key 'current_scene' on a base object of type 'null instance'.
          at: _on_tree_changed (res://scripts/autoload/cinema_effects_manager.gd:661)
ERROR: Parameter "data.tree" is null.
   at: get_tree (scene/main/node.h:446)
SCRIPT ERROR: Invalid access to property or key 'current_scene' on a base object of type 'null instance'.
          at: _on_tree_changed (res://scripts/autoload/power_fantasy_effects_manager.gd:230)
ERROR: Parameter "data.tree" is null.
   at: get_tree (scene/main/node.h:446)
SCRIPT ERROR: Invalid access to property or key 'current_scene' on a base object of type 'null instance'.
          at: _on_tree_changed (res://scripts/autoload/black_metal_effects_manager.gd:151)
ERROR: Parameter "data.tree" is null.
   at: get_tree (scene/main/node.h:446)
SCRIPT ERROR: Invalid access to property or key 'current_scene' on a base object of type 'null instance'.
          at: _on_tree_changed (res://scripts/autoload/flashbang_player_effects_manager.gd:232)
ERROR: Parameter "data.tree" is null.
   at: get_tree (scene/main/node.h:446)
SCRIPT ERROR: Invalid access to property or key 'current_scene' on a base object of type 'null instance'.
          at: _on_tree_changed (res://scripts/autoload/persist_manager.gd:290)
ERROR: Parameter "data.tree" is null.
   at: get_tree (scene/main/node.h:446)
SCRIPT ERROR: Invalid access to property or key 'current_scene' on a base object of type 'null instance'.
          at: _on_tree_changed (res://scripts/autoload/penultimate_hit_effects_manager.gd:551)
ERROR: Parameter "data.tree" is null.
   at: get_tree (scene/main/node.h:446)
SCRIPT ERROR: Invalid access to property or key 'current_scene' on a base object of type 'null instance'.
          at: _on_tree_changed (res://scripts/autoload/last_chance_effects_manager.gd:1418)
ERROR: Parameter "data.tree" is null.
   at: get_tree (scene/main/node.h:446)
SCRIPT ERROR: Invalid access to property or key 'current_scene' on a base object of type 'null instance'.
          at: _on_tree_changed (res://scripts/autoload/cinema_effects_manager.gd:661)
ERROR: Parameter "data.tree" is null.
   at: get_tree (scene/main/node.h:446)
SCRIPT ERROR: Invalid access to property or key 'current_scene' on a base object of type 'null instance'.
          at: _on_tree_changed (res://scripts/autoload/power_fantasy_effects_manager.gd:230)
ERROR: Parameter "data.tree" is null.
   at: get_tree (scene/main/node.h:446)
SCRIPT ERROR: Invalid access to property or key 'current_scene' on a base object of type 'null instance'.
          at: _on_tree_changed (res://scripts/autoload/black_metal_effects_manager.gd:151)
ERROR: Parameter "data.tree" is null.
   at: get_tree (scene/main/node.h:446)
SCRIPT ERROR: Invalid access to property or key 'current_scene' on a base object of type 'null instance'.
          at: _on_tree_changed (res://scripts/autoload/flashbang_player_effects_manager.gd:232)
ERROR: Parameter "data.tree" is null.
   at: get_tree (scene/main/node.h:446)
SCRIPT ERROR: Invalid access to property or key 'current_scene' on a base object of type 'null instance'.
          at: _on_tree_changed (res://scripts/autoload/persist_manager.gd:290)
ERROR: Parameter "data.tree" is null.
   at: get_tree (scene/main/node.h:446)
SCRIPT ERROR: Invalid access to property or key 'current_scene' on a base object of type 'null instance'.
          at: _on_tree_changed (res://scripts/autoload/penultimate_hit_effects_manager.gd:551)
ERROR: Parameter "data.tree" is null.
   at: get_tree (scene/main/node.h:446)
SCRIPT ERROR: Invalid access to property or key 'current_scene' on a base object of type 'null instance'.
          at: _on_tree_changed (res://scripts/autoload/last_chance_effects_manager.gd:1418)
ERROR: Parameter "data.tree" is null.
   at: get_tree (scene/main/node.h:446)
SCRIPT ERROR: Invalid access to property or key 'current_scene' on a base object of type 'null instance'.
          at: _on_tree_changed (res://scripts/autoload/cinema_effects_manager.gd:661)
ERROR: Parameter "data.tree" is null.
   at: get_tree (scene/main/node.h:446)
SCRIPT ERROR: Invalid access to property or key 'current_scene' on a base object of type 'null instance'.
          at: _on_tree_changed (res://scripts/autoload/power_fantasy_effects_manager.gd:230)
ERROR: Parameter "data.tree" is null.
   at: get_tree (scene/main/node.h:446)
SCRIPT ERROR: Invalid access to property or key 'current_scene' on a base object of type 'null instance'.
          at: _on_tree_changed (res://scripts/autoload/black_metal_effects_manager.gd:151)
ERROR: Parameter "data.tree" is null.
   at: get_tree (scene/main/node.h:446)
SCRIPT ERROR: Invalid access to property or key 'current_scene' on a base object of type 'null instance'.
          at: _on_tree_changed (res://scripts/autoload/flashbang_player_effects_manager.gd:232)
ERROR: Parameter "data.tree" is null.
   at: get_tree (scene/main/node.h:446)
SCRIPT ERROR: Invalid access to property or key 'current_scene' on a base object of type 'null instance'.
          at: _on_tree_changed (res://scripts/autoload/persist_manager.gd:290)
ERROR: Parameter "data.tree" is null.
   at: get_tree (scene/main/node.h:446)
SCRIPT ERROR: Invalid access to property or key 'current_scene' on a base object of type 'null instance'.
          at: _on_tree_changed (res://scripts/autoload/penultimate_hit_effects_manager.gd:551)
ERROR: Parameter "data.tree" is null.
   at: get_tree (scene/main/node.h:446)
SCRIPT ERROR: Invalid access to property or key 'current_scene' on a base object of type 'null instance'.
          at: _on_tree_changed (res://scripts/autoload/last_chance_effects_manager.gd:1418)
ERROR: Parameter "data.tree" is null.
   at: get_tree (scene/main/node.h:446)
SCRIPT ERROR: Invalid access to property or key 'current_scene' on a base object of type 'null instance'.
          at: _on_tree_changed (res://scripts/autoload/cinema_effects_manager.gd:661)
ERROR: Parameter "data.tree" is null.
   at: get_tree (scene/main/node.h:446)
SCRIPT ERROR: Invalid access to property or key 'current_scene' on a base object of type 'null instance'.
          at: _on_tree_changed (res://scripts/autoload/power_fantasy_effects_manager.gd:230)
ERROR: Parameter "data.tree" is null.
   at: get_tree (scene/main/node.h:446)
SCRIPT ERROR: Invalid access to property or key 'current_scene' on a base object of type 'null instance'.
          at: _on_tree_changed (res://scripts/autoload/black_metal_effects_manager.gd:151)
ERROR: Parameter "data.tree" is null.
   at: get_tree (scene/main/node.h:446)
SCRIPT ERROR: Invalid access to property or key 'current_scene' on a base object of type 'null instance'.
          at: _on_tree_changed (res://scripts/autoload/flashbang_player_effects_manager.gd:232)
ERROR: Parameter "data.tree" is null.
   at: get_tree (scene/main/node.h:446)
SCRIPT ERROR: Invalid access to property or key 'current_scene' on a base object of type 'null instance'.
          at: _on_tree_changed (res://scripts/autoload/persist_manager.gd:290)
ERROR: Parameter "data.tree" is null.
   at: get_tree (scene/main/node.h:446)
SCRIPT ERROR: Invalid access to property or key 'current_scene' on a base object of type 'null instance'.
          at: _on_tree_changed (res://scripts/autoload/penultimate_hit_effects_manager.gd:551)
ERROR: Parameter "data.tree" is null.
   at: get_tree (scene/main/node.h:446)
SCRIPT ERROR: Invalid access to property or key 'current_scene' on a base object of type 'null instance'.
          at: _on_tree_changed (res://scripts/autoload/last_chance_effects_manager.gd:1418)
ERROR: Parameter "data.tree" is null.
   at: get_tree (scene/main/node.h:446)
SCRIPT ERROR: Invalid access to property or key 'current_scene' on a base object of type 'null instance'.
          at: _on_tree_changed (res://scripts/autoload/cinema_effects_manager.gd:661)
ERROR: Parameter "data.tree" is null.
   at: get_tree (scene/main/node.h:446)
SCRIPT ERROR: Invalid access to property or key 'current_scene' on a base object of type 'null instance'.
          at: _on_tree_changed (res://scripts/autoload/power_fantasy_effects_manager.gd:230)
ERROR: Parameter "data.tree" is null.
   at: get_tree (scene/main/node.h:446)
SCRIPT ERROR: Invalid access to property or key 'current_scene' on a base object of type 'null instance'.
          at: _on_tree_changed (res://scripts/autoload/black_metal_effects_manager.gd:151)
ERROR: Parameter "data.tree" is null.
   at: get_tree (scene/main/node.h:446)
SCRIPT ERROR: Invalid access to property or key 'current_scene' on a base object of type 'null instance'.
          at: _on_tree_changed (res://scripts/autoload/flashbang_player_effects_manager.gd:232)
ERROR: Parameter "data.tree" is null.
   at: get_tree (scene/main/node.h:446)
SCRIPT ERROR: Invalid access to property or key 'current_scene' on a base object of type 'null instance'.
          at: _on_tree_changed (res://scripts/autoload/persist_manager.gd:290)
ERROR: Parameter "data.tree" is null.
   at: get_tree (scene/main/node.h:446)
SCRIPT ERROR: Invalid access to property or key 'current_scene' on a base object of type 'null instance'.
          at: _on_tree_changed (res://scripts/autoload/penultimate_hit_effects_manager.gd:551)
ERROR: Parameter "data.tree" is null.
   at: get_tree (scene/main/node.h:446)
SCRIPT ERROR: Invalid access to property or key 'current_scene' on a base object of type 'null instance'.
          at: _on_tree_changed (res://scripts/autoload/last_chance_effects_manager.gd:1418)
ERROR: Parameter "data.tree" is null.
   at: get_tree (scene/main/node.h:446)
SCRIPT ERROR: Invalid access to property or key 'current_scene' on a base object of type 'null instance'.
          at: _on_tree_changed (res://scripts/autoload/cinema_effects_manager.gd:661)
ERROR: Parameter "data.tree" is null.
   at: get_tree (scene/main/node.h:446)
SCRIPT ERROR: Invalid access to property or key 'current_scene' on a base object of type 'null instance'.
          at: _on_tree_changed (res://scripts/autoload/power_fantasy_effects_manager.gd:230)
ERROR: Parameter "data.tree" is null.
   at: get_tree (scene/main/node.h:446)
SCRIPT ERROR: Invalid access to property or key 'current_scene' on a base object of type 'null instance'.
          at: _on_tree_changed (res://scripts/autoload/black_metal_effects_manager.gd:151)
ERROR: Parameter "data.tree" is null.
   at: get_tree (scene/main/node.h:446)
SCRIPT ERROR: Invalid access to property or key 'current_scene' on a base object of type 'null instance'.
          at: _on_tree_changed (res://scripts/autoload/flashbang_player_effects_manager.gd:232)
ERROR: Parameter "data.tree" is null.
   at: get_tree (scene/main/node.h:446)
SCRIPT ERROR: Invalid access to property or key 'current_scene' on a base object of type 'null instance'.
          at: _on_tree_changed (res://scripts/autoload/persist_manager.gd:290)
ERROR: Parameter "data.tree" is null.
   at: get_tree (scene/main/node.h:446)
SCRIPT ERROR: Invalid access to property or key 'current_scene' on a base object of type 'null instance'.
          at: _on_tree_changed (res://scripts/autoload/penultimate_hit_effects_manager.gd:551)
ERROR: Parameter "data.tree" is null.
   at: get_tree (scene/main/node.h:446)
SCRIPT ERROR: Invalid access to property or key 'current_scene' on a base object of type 'null instance'.
          at: _on_tree_changed (res://scripts/autoload/last_chance_effects_manager.gd:1418)
ERROR: Parameter "data.tree" is null.
   at: get_tree (scene/main/node.h:446)
SCRIPT ERROR: Invalid access to property or key 'current_scene' on a base object of type 'null instance'.
          at: _on_tree_changed (res://scripts/autoload/cinema_effects_manager.gd:661)
ERROR: Parameter "data.tree" is null.
   at: get_tree (scene/main/node.h:446)
SCRIPT ERROR: Invalid access to property or key 'current_scene' on a base object of type 'null instance'.
          at: _on_tree_changed (res://scripts/autoload/power_fantasy_effects_manager.gd:230)
ERROR: Parameter "data.tree" is null.
   at: get_tree (scene/main/node.h:446)
SCRIPT ERROR: Invalid access to property or key 'current_scene' on a base object of type 'null instance'.
          at: _on_tree_changed (res://scripts/autoload/black_metal_effects_manager.gd:151)
ERROR: Parameter "data.tree" is null.
   at: get_tree (scene/main/node.h:446)
SCRIPT ERROR: Invalid access to property or key 'current_scene' on a base object of type 'null instance'.
          at: _on_tree_changed (res://scripts/autoload/flashbang_player_effects_manager.gd:232)
ERROR: Parameter "data.tree" is null.
   at: get_tree (scene/main/node.h:446)
SCRIPT ERROR: Invalid access to property or key 'current_scene' on a base object of type 'null instance'.
          at: _on_tree_changed (res://scripts/autoload/persist_manager.gd:290)
ERROR: Parameter "data.tree" is null.
   at: get_tree (scene/main/node.h:446)
SCRIPT ERROR: Invalid access to property or key 'current_scene' on a base object of type 'null instance'.
          at: _on_tree_changed (res://scripts/autoload/penultimate_hit_effects_manager.gd:551)
ERROR: Parameter "data.tree" is null.
   at: get_tree (scene/main/node.h:446)
SCRIPT ERROR: Invalid access to property or key 'current_scene' on a base object of type 'null instance'.
          at: _on_tree_changed (res://scripts/autoload/last_chance_effects_manager.gd:1418)
ERROR: Parameter "data.tree" is null.
   at: get_tree (scene/main/node.h:446)
SCRIPT ERROR: Invalid access to property or key 'current_scene' on a base object of type 'null instance'.
          at: _on_tree_changed (res://scripts/autoload/cinema_effects_manager.gd:661)
ERROR: Parameter "data.tree" is null.
   at: get_tree (scene/main/node.h:446)
SCRIPT ERROR: Invalid access to property or key 'current_scene' on a base object of type 'null instance'.
          at: _on_tree_changed (res://scripts/autoload/power_fantasy_effects_manager.gd:230)
ERROR: Parameter "data.tree" is null.
   at: get_tree (scene/main/node.h:446)
SCRIPT ERROR: Invalid access to property or key 'current_scene' on a base object of type 'null instance'.
          at: _on_tree_changed (res://scripts/autoload/black_metal_effects_manager.gd:151)
ERROR: Parameter "data.tree" is null.
   at: get_tree (scene/main/node.h:446)
SCRIPT ERROR: Invalid access to property or key 'current_scene' on a base object of type 'null instance'.
          at: _on_tree_changed (res://scripts/autoload/flashbang_player_effects_manager.gd:232)
ERROR: Parameter "data.tree" is null.
   at: get_tree (scene/main/node.h:446)
SCRIPT ERROR: Invalid access to property or key 'current_scene' on a base object of type 'null instance'.
          at: _on_tree_changed (res://scripts/autoload/persist_manager.gd:290)
ERROR: Parameter "data.tree" is null.
   at: get_tree (scene/main/node.h:446)
SCRIPT ERROR: Invalid access to property or key 'current_scene' on a base object of type 'null instance'.
          at: _on_tree_changed (res://scripts/autoload/penultimate_hit_effects_manager.gd:551)
ERROR: Parameter "data.tree" is null.
   at: get_tree (scene/main/node.h:446)
SCRIPT ERROR: Invalid access to property or key 'current_scene' on a base object of type 'null instance'.
          at: _on_tree_changed (res://scripts/autoload/last_chance_effects_manager.gd:1418)
ERROR: Parameter "data.tree" is null.
   at: get_tree (scene/main/node.h:446)
SCRIPT ERROR: Invalid access to property or key 'current_scene' on a base object of type 'null instance'.
          at: _on_tree_changed (res://scripts/autoload/cinema_effects_manager.gd:661)
ERROR: Parameter "data.tree" is null.
   at: get_tree (scene/main/node.h:446)
SCRIPT ERROR: Invalid access to property or key 'current_scene' on a base object of type 'null instance'.
          at: _on_tree_changed (res://scripts/autoload/power_fantasy_effects_manager.gd:230)
ERROR: Parameter "data.tree" is null.
   at: get_tree (scene/main/node.h:446)
SCRIPT ERROR: Invalid access to property or key 'current_scene' on a base object of type 'null instance'.
          at: _on_tree_changed (res://scripts/autoload/black_metal_effects_manager.gd:151)
ERROR: Parameter "data.tree" is null.
   at: get_tree (scene/main/node.h:446)
SCRIPT ERROR: Invalid access to property or key 'current_scene' on a base object of type 'null instance'.
          at: _on_tree_changed (res://scripts/autoload/flashbang_player_effects_manager.gd:232)
ERROR: Parameter "data.tree" is null.
   at: get_tree (scene/main/node.h:446)
SCRIPT ERROR: Invalid access to property or key 'current_scene' on a base object of type 'null instance'.
          at: _on_tree_changed (res://scripts/autoload/persist_manager.gd:290)
ERROR: Parameter "data.tree" is null.
   at: get_tree (scene/main/node.h:446)
SCRIPT ERROR: Invalid access to property or key 'current_scene' on a base object of type 'null instance'.
          at: _on_tree_changed (res://scripts/autoload/penultimate_hit_effects_manager.gd:551)
ERROR: Parameter "data.tree" is null.
   at: get_tree (scene/main/node.h:446)
SCRIPT ERROR: Invalid access to property or key 'current_scene' on a base object of type 'null instance'.
          at: _on_tree_changed (res://scripts/autoload/last_chance_effects_manager.gd:1418)
ERROR: Parameter "data.tree" is null.
   at: get_tree (scene/main/node.h:446)
SCRIPT ERROR: Invalid access to property or key 'current_scene' on a base object of type 'null instance'.
          at: _on_tree_changed (res://scripts/autoload/cinema_effects_manager.gd:661)
ERROR: Parameter "data.tree" is null.
   at: get_tree (scene/main/node.h:446)
SCRIPT ERROR: Invalid access to property or key 'current_scene' on a base object of type 'null instance'.
          at: _on_tree_changed (res://scripts/autoload/power_fantasy_effects_manager.gd:230)
ERROR: Parameter "data.tree" is null.
   at: get_tree (scene/main/node.h:446)
SCRIPT ERROR: Invalid access to property or key 'current_scene' on a base object of type 'null instance'.
          at: _on_tree_changed (res://scripts/autoload/black_metal_effects_manager.gd:151)
ERROR: Parameter "data.tree" is null.
   at: get_tree (scene/main/node.h:446)
SCRIPT ERROR: Invalid access to property or key 'current_scene' on a base object of type 'null instance'.
          at: _on_tree_changed (res://scripts/autoload/flashbang_player_effects_manager.gd:232)
ERROR: Parameter "data.tree" is null.
   at: get_tree (scene/main/node.h:446)
SCRIPT ERROR: Invalid access to property or key 'current_scene' on a base object of type 'null instance'.
          at: _on_tree_changed (res://scripts/autoload/persist_manager.gd:290)
ERROR: Parameter "data.tree" is null.
   at: get_tree (scene/main/node.h:446)
SCRIPT ERROR: Invalid access to property or key 'current_scene' on a base object of type 'null instance'.
          at: _on_tree_changed (res://scripts/autoload/penultimate_hit_effects_manager.gd:551)
ERROR: Parameter "data.tree" is null.
   at: get_tree (scene/main/node.h:446)
SCRIPT ERROR: Invalid access to property or key 'current_scene' on a base object of type 'null instance'.
          at: _on_tree_changed (res://scripts/autoload/last_chance_effects_manager.gd:1418)
ERROR: Parameter "data.tree" is null.
   at: get_tree (scene/main/node.h:446)
SCRIPT ERROR: Invalid access to property or key 'current_scene' on a base object of type 'null instance'.
          at: _on_tree_changed (res://scripts/autoload/cinema_effects_manager.gd:661)
ERROR: Parameter "data.tree" is null.
   at: get_tree (scene/main/node.h:446)
SCRIPT ERROR: Invalid access to property or key 'current_scene' on a base object of type 'null instance'.
          at: _on_tree_changed (res://scripts/autoload/power_fantasy_effects_manager.gd:230)
ERROR: Parameter "data.tree" is null.
   at: get_tree (scene/main/node.h:446)
SCRIPT ERROR: Invalid access to property or key 'current_scene' on a base object of type 'null instance'.
          at: _on_tree_changed (res://scripts/autoload/black_metal_effects_manager.gd:151)
ERROR: Parameter "data.tree" is null.
   at: get_tree (scene/main/node.h:446)
SCRIPT ERROR: Invalid access to property or key 'current_scene' on a base object of type 'null instance'.
          at: _on_tree_changed (res://scripts/autoload/flashbang_player_effects_manager.gd:232)
ERROR: Parameter "data.tree" is null.
   at: get_tree (scene/main/node.h:446)
SCRIPT ERROR: Invalid access to property or key 'current_scene' on a base object of type 'null instance'.
          at: _on_tree_changed (res://scripts/autoload/persist_manager.gd:290)
ERROR: Parameter "data.tree" is null.
   at: get_tree (scene/main/node.h:446)
SCRIPT ERROR: Invalid access to property or key 'current_scene' on a base object of type 'null instance'.
          at: _on_tree_changed (res://scripts/autoload/penultimate_hit_effects_manager.gd:551)
ERROR: Parameter "data.tree" is null.
   at: get_tree (scene/main/node.h:446)
SCRIPT ERROR: Invalid access to property or key 'current_scene' on a base object of type 'null instance'.
          at: _on_tree_changed (res://scripts/autoload/last_chance_effects_manager.gd:1418)
ERROR: Parameter "data.tree" is null.
   at: get_tree (scene/main/node.h:446)
SCRIPT ERROR: Invalid access to property or key 'current_scene' on a base object of type 'null instance'.
          at: _on_tree_changed (res://scripts/autoload/cinema_effects_manager.gd:661)
ERROR: Parameter "data.tree" is null.
   at: get_tree (scene/main/node.h:446)
SCRIPT ERROR: Invalid access to property or key 'current_scene' on a base object of type 'null instance'.
          at: _on_tree_changed (res://scripts/autoload/power_fantasy_effects_manager.gd:230)
ERROR: Parameter "data.tree" is null.
   at: get_tree (scene/main/node.h:446)
SCRIPT ERROR: Invalid access to property or key 'current_scene' on a base object of type 'null instance'.
          at: _on_tree_changed (res://scripts/autoload/black_metal_effects_manager.gd:151)
ERROR: Parameter "data.tree" is null.
   at: get_tree (scene/main/node.h:446)
SCRIPT ERROR: Invalid access to property or key 'current_scene' on a base object of type 'null instance'.
          at: _on_tree_changed (res://scripts/autoload/flashbang_player_effects_manager.gd:232)
ERROR: Parameter "data.tree" is null.
   at: get_tree (scene/main/node.h:446)
SCRIPT ERROR: Invalid access to property or key 'current_scene' on a base object of type 'null instance'.
          at: _on_tree_changed (res://scripts/autoload/persist_manager.gd:290)
ERROR: Parameter "data.tree" is null.
   at: get_tree (scene/main/node.h:446)
SCRIPT ERROR: Invalid access to property or key 'current_scene' on a base object of type 'null instance'.
          at: _on_tree_changed (res://scripts/autoload/penultimate_hit_effects_manager.gd:551)
ERROR: Parameter "data.tree" is null.
   at: get_tree (scene/main/node.h:446)
SCRIPT ERROR: Invalid access to property or key 'current_scene' on a base object of type 'null instance'.
          at: _on_tree_changed (res://scripts/autoload/last_chance_effects_manager.gd:1418)
ERROR: Parameter "data.tree" is null.
   at: get_tree (scene/main/node.h:446)
SCRIPT ERROR: Invalid access to property or key 'current_scene' on a base object of type 'null instance'.
          at: _on_tree_changed (res://scripts/autoload/cinema_effects_manager.gd:661)
ERROR: Parameter "data.tree" is null.
   at: get_tree (scene/main/node.h:446)
SCRIPT ERROR: Invalid access to property or key 'current_scene' on a base object of type 'null instance'.
          at: _on_tree_changed (res://scripts/autoload/power_fantasy_effects_manager.gd:230)
ERROR: Parameter "data.tree" is null.
   at: get_tree (scene/main/node.h:446)
SCRIPT ERROR: Invalid access to property or key 'current_scene' on a base object of type 'null instance'.
          at: _on_tree_changed (res://scripts/autoload/black_metal_effects_manager.gd:151)
ERROR: Parameter "data.tree" is null.
   at: get_tree (scene/main/node.h:446)
SCRIPT ERROR: Invalid access to property or key 'current_scene' on a base object of type 'null instance'.
          at: _on_tree_changed (res://scripts/autoload/flashbang_player_effects_manager.gd:232)
ERROR: Parameter "data.tree" is null.
   at: get_tree (scene/main/node.h:446)
SCRIPT ERROR: Invalid access to property or key 'current_scene' on a base object of type 'null instance'.
          at: _on_tree_changed (res://scripts/autoload/persist_manager.gd:290)
ERROR: Parameter "data.tree" is null.
   at: get_tree (scene/main/node.h:446)
SCRIPT ERROR: Invalid access to property or key 'current_scene' on a base object of type 'null instance'.
          at: _on_tree_changed (res://scripts/autoload/penultimate_hit_effects_manager.gd:551)
ERROR: Parameter "data.tree" is null.
   at: get_tree (scene/main/node.h:446)
SCRIPT ERROR: Invalid access to property or key 'current_scene' on a base object of type 'null instance'.
          at: _on_tree_changed (res://scripts/autoload/last_chance_effects_manager.gd:1418)
ERROR: Parameter "data.tree" is null.
   at: get_tree (scene/main/node.h:446)
SCRIPT ERROR: Invalid access to property or key 'current_scene' on a base object of type 'null instance'.
          at: _on_tree_changed (res://scripts/autoload/cinema_effects_manager.gd:661)
ERROR: Parameter "data.tree" is null.
   at: get_tree (scene/main/node.h:446)
SCRIPT ERROR: Invalid access to property or key 'current_scene' on a base object of type 'null instance'.
          at: _on_tree_changed (res://scripts/autoload/power_fantasy_effects_manager.gd:230)
ERROR: Parameter "data.tree" is null.
   at: get_tree (scene/main/node.h:446)
SCRIPT ERROR: Invalid access to property or key 'current_scene' on a base object of type 'null instance'.
          at: _on_tree_changed (res://scripts/autoload/black_metal_effects_manager.gd:151)
ERROR: Parameter "data.tree" is null.
   at: get_tree (scene/main/node.h:446)
SCRIPT ERROR: Invalid access to property or key 'current_scene' on a base object of type 'null instance'.
          at: _on_tree_changed (res://scripts/autoload/flashbang_player_effects_manager.gd:232)
ERROR: Parameter "data.tree" is null.
   at: get_tree (scene/main/node.h:446)
SCRIPT ERROR: Invalid access to property or key 'current_scene' on a base object of type 'null instance'.
          at: _on_tree_changed (res://scripts/autoload/persist_manager.gd:290)
ERROR: Parameter "data.tree" is null.
   at: get_tree (scene/main/node.h:446)
SCRIPT ERROR: Invalid access to property or key 'current_scene' on a base object of type 'null instance'.
          at: _on_tree_changed (res://scripts/autoload/penultimate_hit_effects_manager.gd:551)
ERROR: Parameter "data.tree" is null.
   at: get_tree (scene/main/node.h:446)
SCRIPT ERROR: Invalid access to property or key 'current_scene' on a base object of type 'null instance'.
          at: _on_tree_changed (res://scripts/autoload/last_chance_effects_manager.gd:1418)
ERROR: Parameter "data.tree" is null.
   at: get_tree (scene/main/node.h:446)
SCRIPT ERROR: Invalid access to property or key 'current_scene' on a base object of type 'null instance'.
          at: _on_tree_changed (res://scripts/autoload/cinema_effects_manager.gd:661)
ERROR: Parameter "data.tree" is null.
   at: get_tree (scene/main/node.h:446)
SCRIPT ERROR: Invalid access to property or key 'current_scene' on a base object of type 'null instance'.
          at: _on_tree_changed (res://scripts/autoload/power_fantasy_effects_manager.gd:230)
ERROR: Parameter "data.tree" is null.
   at: get_tree (scene/main/node.h:446)
SCRIPT ERROR: Invalid access to property or key 'current_scene' on a base object of type 'null instance'.
          at: _on_tree_changed (res://scripts/autoload/black_metal_effects_manager.gd:151)
ERROR: Parameter "data.tree" is null.
   at: get_tree (scene/main/node.h:446)
SCRIPT ERROR: Invalid access to property or key 'current_scene' on a base object of type 'null instance'.
          at: _on_tree_changed (res://scripts/autoload/flashbang_player_effects_manager.gd:232)
ERROR: Parameter "data.tree" is null.
   at: get_tree (scene/main/node.h:446)
SCRIPT ERROR: Invalid access to property or key 'current_scene' on a base object of type 'null instance'.
          at: _on_tree_changed (res://scripts/autoload/persist_manager.gd:290)
ERROR: Parameter "data.tree" is null.
   at: get_tree (scene/main/node.h:446)
SCRIPT ERROR: Invalid access to property or key 'current_scene' on a base object of type 'null instance'.
          at: _on_tree_changed (res://scripts/autoload/penultimate_hit_effects_manager.gd:551)
ERROR: Parameter "data.tree" is null.
   at: get_tree (scene/main/node.h:446)
SCRIPT ERROR: Invalid access to property or key 'current_scene' on a base object of type 'null instance'.
          at: _on_tree_changed (res://scripts/autoload/last_chance_effects_manager.gd:1418)
ERROR: Parameter "data.tree" is null.
   at: get_tree (scene/main/node.h:446)
SCRIPT ERROR: Invalid access to property or key 'current_scene' on a base object of type 'null instance'.
          at: _on_tree_changed (res://scripts/autoload/cinema_effects_manager.gd:661)
ERROR: Parameter "data.tree" is null.
   at: get_tree (scene/main/node.h:446)
SCRIPT ERROR: Invalid access to property or key 'current_scene' on a base object of type 'null instance'.
          at: _on_tree_changed (res://scripts/autoload/power_fantasy_effects_manager.gd:230)
ERROR: Parameter "data.tree" is null.
   at: get_tree (scene/main/node.h:446)
SCRIPT ERROR: Invalid access to property or key 'current_scene' on a base object of type 'null instance'.
          at: _on_tree_changed (res://scripts/autoload/black_metal_effects_manager.gd:151)
ERROR: Parameter "data.tree" is null.
   at: get_tree (scene/main/node.h:446)
SCRIPT ERROR: Invalid access to property or key 'current_scene' on a base object of type 'null instance'.
          at: _on_tree_changed (res://scripts/autoload/flashbang_player_effects_manager.gd:232)
ERROR: Parameter "data.tree" is null.
   at: get_tree (scene/main/node.h:446)
SCRIPT ERROR: Invalid access to property or key 'current_scene' on a base object of type 'null instance'.
          at: _on_tree_changed (res://scripts/autoload/persist_manager.gd:290)
ERROR: Parameter "data.tree" is null.
   at: get_tree (scene/main/node.h:446)
SCRIPT ERROR: Invalid access to property or key 'current_scene' on a base object of type 'null instance'.
          at: _on_tree_changed (res://scripts/autoload/penultimate_hit_effects_manager.gd:551)
ERROR: Parameter "data.tree" is null.
   at: get_tree (scene/main/node.h:446)
SCRIPT ERROR: Invalid access to property or key 'current_scene' on a base object of type 'null instance'.
          at: _on_tree_changed (res://scripts/autoload/last_chance_effects_manager.gd:1418)
ERROR: Parameter "data.tree" is null.
   at: get_tree (scene/main/node.h:446)
SCRIPT ERROR: Invalid access to property or key 'current_scene' on a base object of type 'null instance'.
          at: _on_tree_changed (res://scripts/autoload/cinema_effects_manager.gd:661)
ERROR: Parameter "data.tree" is null.
   at: get_tree (scene/main/node.h:446)
SCRIPT ERROR: Invalid access to property or key 'current_scene' on a base object of type 'null instance'.
          at: _on_tree_changed (res://scripts/autoload/power_fantasy_effects_manager.gd:230)
ERROR: Parameter "data.tree" is null.
   at: get_tree (scene/main/node.h:446)
SCRIPT ERROR: Invalid access to property or key 'current_scene' on a base object of type 'null instance'.
          at: _on_tree_changed (res://scripts/autoload/black_metal_effects_manager.gd:151)
ERROR: Parameter "data.tree" is null.
   at: get_tree (scene/main/node.h:446)
SCRIPT ERROR: Invalid access to property or key 'current_scene' on a base object of type 'null instance'.
          at: _on_tree_changed (res://scripts/autoload/flashbang_player_effects_manager.gd:232)
ERROR: Parameter "data.tree" is null.
   at: get_tree (scene/main/node.h:446)
SCRIPT ERROR: Invalid access to property or key 'current_scene' on a base object of type 'null instance'.
          at: _on_tree_changed (res://scripts/autoload/persist_manager.gd:290)
ERROR: Parameter "data.tree" is null.
   at: get_tree (scene/main/node.h:446)
SCRIPT ERROR: Invalid access to property or key 'current_scene' on a base object of type 'null instance'.
          at: _on_tree_changed (res://scripts/autoload/penultimate_hit_effects_manager.gd:551)
ERROR: Parameter "data.tree" is null.
   at: get_tree (scene/main/node.h:446)
SCRIPT ERROR: Invalid access to property or key 'current_scene' on a base object of type 'null instance'.
          at: _on_tree_changed (res://scripts/autoload/last_chance_effects_manager.gd:1418)
ERROR: Parameter "data.tree" is null.
   at: get_tree (scene/main/node.h:446)
SCRIPT ERROR: Invalid access to property or key 'current_scene' on a base object of type 'null instance'.
          at: _on_tree_changed (res://scripts/autoload/cinema_effects_manager.gd:661)
ERROR: Parameter "data.tree" is null.
   at: get_tree (scene/main/node.h:446)
SCRIPT ERROR: Invalid access to property or key 'current_scene' on a base object of type 'null instance'.
          at: _on_tree_changed (res://scripts/autoload/power_fantasy_effects_manager.gd:230)
ERROR: Parameter "data.tree" is null.
   at: get_tree (scene/main/node.h:446)
SCRIPT ERROR: Invalid access to property or key 'current_scene' on a base object of type 'null instance'.
          at: _on_tree_changed (res://scripts/autoload/black_metal_effects_manager.gd:151)
ERROR: Parameter "data.tree" is null.
   at: get_tree (scene/main/node.h:446)
SCRIPT ERROR: Invalid access to property or key 'current_scene' on a base object of type 'null instance'.
          at: _on_tree_changed (res://scripts/autoload/flashbang_player_effects_manager.gd:232)
ERROR: Parameter "data.tree" is null.
   at: get_tree (scene/main/node.h:446)
SCRIPT ERROR: Invalid access to property or key 'current_scene' on a base object of type 'null instance'.
          at: _on_tree_changed (res://scripts/autoload/persist_manager.gd:290)
ERROR: Parameter "data.tree" is null.
   at: get_tree (scene/main/node.h:446)
SCRIPT ERROR: Invalid access to property or key 'current_scene' on a base object of type 'null instance'.
          at: _on_tree_changed (res://scripts/autoload/penultimate_hit_effects_manager.gd:551)
ERROR: Parameter "data.tree" is null.
   at: get_tree (scene/main/node.h:446)
SCRIPT ERROR: Invalid access to property or key 'current_scene' on a base object of type 'null instance'.
          at: _on_tree_changed (res://scripts/autoload/last_chance_effects_manager.gd:1418)
ERROR: Parameter "data.tree" is null.
   at: get_tree (scene/main/node.h:446)
SCRIPT ERROR: Invalid access to property or key 'current_scene' on a base object of type 'null instance'.
          at: _on_tree_changed (res://scripts/autoload/cinema_effects_manager.gd:661)
ERROR: Parameter "data.tree" is null.
   at: get_tree (scene/main/node.h:446)
SCRIPT ERROR: Invalid access to property or key 'current_scene' on a base object of type 'null instance'.
          at: _on_tree_changed (res://scripts/autoload/power_fantasy_effects_manager.gd:230)
ERROR: Parameter "data.tree" is null.
   at: get_tree (scene/main/node.h:446)
SCRIPT ERROR: Invalid access to property or key 'current_scene' on a base object of type 'null instance'.
          at: _on_tree_changed (res://scripts/autoload/black_metal_effects_manager.gd:151)
ERROR: Parameter "data.tree" is null.
   at: get_tree (scene/main/node.h:446)
SCRIPT ERROR: Invalid access to property or key 'current_scene' on a base object of type 'null instance'.
          at: _on_tree_changed (res://scripts/autoload/flashbang_player_effects_manager.gd:232)
ERROR: Parameter "data.tree" is null.
   at: get_tree (scene/main/node.h:446)
SCRIPT ERROR: Invalid access to property or key 'current_scene' on a base object of type 'null instance'.
          at: _on_tree_changed (res://scripts/autoload/persist_manager.gd:290)
ERROR: Parameter "data.tree" is null.
   at: get_tree (scene/main/node.h:446)
SCRIPT ERROR: Invalid access to property or key 'current_scene' on a base object of type 'null instance'.
          at: _on_tree_changed (res://scripts/autoload/penultimate_hit_effects_manager.gd:551)
ERROR: Parameter "data.tree" is null.
   at: get_tree (scene/main/node.h:446)
SCRIPT ERROR: Invalid access to property or key 'current_scene' on a base object of type 'null instance'.
          at: _on_tree_changed (res://scripts/autoload/last_chance_effects_manager.gd:1418)
ERROR: Parameter "data.tree" is null.
   at: get_tree (scene/main/node.h:446)
SCRIPT ERROR: Invalid access to property or key 'current_scene' on a base object of type 'null instance'.
          at: _on_tree_changed (res://scripts/autoload/cinema_effects_manager.gd:661)
ERROR: Parameter "data.tree" is null.
   at: get_tree (scene/main/node.h:446)
SCRIPT ERROR: Invalid access to property or key 'current_scene' on a base object of type 'null instance'.
          at: _on_tree_changed (res://scripts/autoload/power_fantasy_effects_manager.gd:230)
ERROR: Parameter "data.tree" is null.
   at: get_tree (scene/main/node.h:446)
SCRIPT ERROR: Invalid access to property or key 'current_scene' on a base object of type 'null instance'.
          at: _on_tree_changed (res://scripts/autoload/black_metal_effects_manager.gd:151)
ERROR: Parameter "data.tree" is null.
   at: get_tree (scene/main/node.h:446)
SCRIPT ERROR: Invalid access to property or key 'current_scene' on a base object of type 'null instance'.
          at: _on_tree_changed (res://scripts/autoload/flashbang_player_effects_manager.gd:232)
ERROR: Parameter "data.tree" is null.
   at: get_tree (scene/main/node.h:446)
SCRIPT ERROR: Invalid access to property or key 'current_scene' on a base object of type 'null instance'.
          at: _on_tree_changed (res://scripts/autoload/persist_manager.gd:290)
ERROR: Parameter "data.tree" is null.
   at: get_tree (scene/main/node.h:446)
SCRIPT ERROR: Invalid access to property or key 'current_scene' on a base object of type 'null instance'.
          at: _on_tree_changed (res://scripts/autoload/penultimate_hit_effects_manager.gd:551)
ERROR: Parameter "data.tree" is null.
   at: get_tree (scene/main/node.h:446)
SCRIPT ERROR: Invalid access to property or key 'current_scene' on a base object of type 'null instance'.
          at: _on_tree_changed (res://scripts/autoload/last_chance_effects_manager.gd:1418)
ERROR: Parameter "data.tree" is null.
   at: get_tree (scene/main/node.h:446)
SCRIPT ERROR: Invalid access to property or key 'current_scene' on a base object of type 'null instance'.
          at: _on_tree_changed (res://scripts/autoload/cinema_effects_manager.gd:661)
ERROR: Parameter "data.tree" is null.
   at: get_tree (scene/main/node.h:446)
SCRIPT ERROR: Invalid access to property or key 'current_scene' on a base object of type 'null instance'.
          at: _on_tree_changed (res://scripts/autoload/power_fantasy_effects_manager.gd:230)
ERROR: Parameter "data.tree" is null.
   at: get_tree (scene/main/node.h:446)
SCRIPT ERROR: Invalid access to property or key 'current_scene' on a base object of type 'null instance'.
          at: _on_tree_changed (res://scripts/autoload/black_metal_effects_manager.gd:151)
ERROR: Parameter "data.tree" is null.
   at: get_tree (scene/main/node.h:446)
SCRIPT ERROR: Invalid access to property or key 'current_scene' on a base object of type 'null instance'.
          at: _on_tree_changed (res://scripts/autoload/flashbang_player_effects_manager.gd:232)
ERROR: Parameter "data.tree" is null.
   at: get_tree (scene/main/node.h:446)
SCRIPT ERROR: Invalid access to property or key 'current_scene' on a base object of type 'null instance'.
          at: _on_tree_changed (res://scripts/autoload/persist_manager.gd:290)
ERROR: Parameter "data.tree" is null.
   at: get_tree (scene/main/node.h:446)
SCRIPT ERROR: Invalid access to property or key 'current_scene' on a base object of type 'null instance'.
          at: _on_tree_changed (res://scripts/autoload/penultimate_hit_effects_manager.gd:551)
ERROR: Parameter "data.tree" is null.
   at: get_tree (scene/main/node.h:446)
SCRIPT ERROR: Invalid access to property or key 'current_scene' on a base object of type 'null instance'.
          at: _on_tree_changed (res://scripts/autoload/last_chance_effects_manager.gd:1418)
ERROR: Parameter "data.tree" is null.
   at: get_tree (scene/main/node.h:446)
SCRIPT ERROR: Invalid access to property or key 'current_scene' on a base object of type 'null instance'.
          at: _on_tree_changed (res://scripts/autoload/cinema_effects_manager.gd:661)
ERROR: Parameter "data.tree" is null.
   at: get_tree (scene/main/node.h:446)
SCRIPT ERROR: Invalid access to property or key 'current_scene' on a base object of type 'null instance'.
          at: _on_tree_changed (res://scripts/autoload/power_fantasy_effects_manager.gd:230)
ERROR: Parameter "data.tree" is null.
   at: get_tree (scene/main/node.h:446)
SCRIPT ERROR: Invalid access to property or key 'current_scene' on a base object of type 'null instance'.
          at: _on_tree_changed (res://scripts/autoload/black_metal_effects_manager.gd:151)
ERROR: Parameter "data.tree" is null.
   at: get_tree (scene/main/node.h:446)
SCRIPT ERROR: Invalid access to property or key 'current_scene' on a base object of type 'null instance'.
          at: _on_tree_changed (res://scripts/autoload/flashbang_player_effects_manager.gd:232)
ERROR: Parameter "data.tree" is null.
   at: get_tree (scene/main/node.h:446)
SCRIPT ERROR: Invalid access to property or key 'current_scene' on a base object of type 'null instance'.
          at: _on_tree_changed (res://scripts/autoload/persist_manager.gd:290)
ERROR: Parameter "data.tree" is null.
   at: get_tree (scene/main/node.h:446)
SCRIPT ERROR: Invalid access to property or key 'current_scene' on a base object of type 'null instance'.
          at: _on_tree_changed (res://scripts/autoload/penultimate_hit_effects_manager.gd:551)
ERROR: Parameter "data.tree" is null.
   at: get_tree (scene/main/node.h:446)
SCRIPT ERROR: Invalid access to property or key 'current_scene' on a base object of type 'null instance'.
          at: _on_tree_changed (res://scripts/autoload/last_chance_effects_manager.gd:1418)
ERROR: Parameter "data.tree" is null.
   at: get_tree (scene/main/node.h:446)
SCRIPT ERROR: Invalid access to property or key 'current_scene' on a base object of type 'null instance'.
          at: _on_tree_changed (res://scripts/autoload/cinema_effects_manager.gd:661)
ERROR: Parameter "data.tree" is null.
   at: get_tree (scene/main/node.h:446)
SCRIPT ERROR: Invalid access to property or key 'current_scene' on a base object of type 'null instance'.
          at: _on_tree_changed (res://scripts/autoload/power_fantasy_effects_manager.gd:230)
ERROR: Parameter "data.tree" is null.
   at: get_tree (scene/main/node.h:446)
SCRIPT ERROR: Invalid access to property or key 'current_scene' on a base object of type 'null instance'.
          at: _on_tree_changed (res://scripts/autoload/black_metal_effects_manager.gd:151)
ERROR: Parameter "data.tree" is null.
   at: get_tree (scene/main/node.h:446)
SCRIPT ERROR: Invalid access to property or key 'current_scene' on a base object of type 'null instance'.
          at: _on_tree_changed (res://scripts/autoload/flashbang_player_effects_manager.gd:232)
ERROR: Parameter "data.tree" is null.
   at: get_tree (scene/main/node.h:446)
SCRIPT ERROR: Invalid access to property or key 'current_scene' on a base object of type 'null instance'.
          at: _on_tree_changed (res://scripts/autoload/persist_manager.gd:290)
ERROR: Parameter "data.tree" is null.
   at: get_tree (scene/main/node.h:446)
SCRIPT ERROR: Invalid access to property or key 'current_scene' on a base object of type 'null instance'.
          at: _on_tree_changed (res://scripts/autoload/penultimate_hit_effects_manager.gd:551)
ERROR: Parameter "data.tree" is null.
   at: get_tree (scene/main/node.h:446)
SCRIPT ERROR: Invalid access to property or key 'current_scene' on a base object of type 'null instance'.
          at: _on_tree_changed (res://scripts/autoload/last_chance_effects_manager.gd:1418)
ERROR: Parameter "data.tree" is null.
   at: get_tree (scene/main/node.h:446)
SCRIPT ERROR: Invalid access to property or key 'current_scene' on a base object of type 'null instance'.
          at: _on_tree_changed (res://scripts/autoload/cinema_effects_manager.gd:661)
ERROR: Parameter "data.tree" is null.
   at: get_tree (scene/main/node.h:446)
SCRIPT ERROR: Invalid access to property or key 'current_scene' on a base object of type 'null instance'.
          at: _on_tree_changed (res://scripts/autoload/power_fantasy_effects_manager.gd:230)
ERROR: Parameter "data.tree" is null.
   at: get_tree (scene/main/node.h:446)
SCRIPT ERROR: Invalid access to property or key 'current_scene' on a base object of type 'null instance'.
          at: _on_tree_changed (res://scripts/autoload/black_metal_effects_manager.gd:151)
ERROR: Parameter "data.tree" is null.
   at: get_tree (scene/main/node.h:446)
SCRIPT ERROR: Invalid access to property or key 'current_scene' on a base object of type 'null instance'.
          at: _on_tree_changed (res://scripts/autoload/flashbang_player_effects_manager.gd:232)
ERROR: Parameter "data.tree" is null.
   at: get_tree (scene/main/node.h:446)
SCRIPT ERROR: Invalid access to property or key 'current_scene' on a base object of type 'null instance'.
          at: _on_tree_changed (res://scripts/autoload/persist_manager.gd:290)
ERROR: Parameter "data.tree" is null.
   at: get_tree (scene/main/node.h:446)
SCRIPT ERROR: Invalid access to property or key 'current_scene' on a base object of type 'null instance'.
          at: _on_tree_changed (res://scripts/autoload/penultimate_hit_effects_manager.gd:551)
ERROR: Parameter "data.tree" is null.
   at: get_tree (scene/main/node.h:446)
SCRIPT ERROR: Invalid access to property or key 'current_scene' on a base object of type 'null instance'.
          at: _on_tree_changed (res://scripts/autoload/last_chance_effects_manager.gd:1418)
ERROR: Parameter "data.tree" is null.
   at: get_tree (scene/main/node.h:446)
SCRIPT ERROR: Invalid access to property or key 'current_scene' on a base object of type 'null instance'.
          at: _on_tree_changed (res://scripts/autoload/cinema_effects_manager.gd:661)
ERROR: Parameter "data.tree" is null.
   at: get_tree (scene/main/node.h:446)
SCRIPT ERROR: Invalid access to property or key 'current_scene' on a base object of type 'null instance'.
          at: _on_tree_changed (res://scripts/autoload/power_fantasy_effects_manager.gd:230)
ERROR: Parameter "data.tree" is null.
   at: get_tree (scene/main/node.h:446)
SCRIPT ERROR: Invalid access to property or key 'current_scene' on a base object of type 'null instance'.
          at: _on_tree_changed (res://scripts/autoload/black_metal_effects_manager.gd:151)
ERROR: Parameter "data.tree" is null.
   at: get_tree (scene/main/node.h:446)
SCRIPT ERROR: Invalid access to property or key 'current_scene' on a base object of type 'null instance'.
          at: _on_tree_changed (res://scripts/autoload/flashbang_player_effects_manager.gd:232)
ERROR: Parameter "data.tree" is null.
   at: get_tree (scene/main/node.h:446)
SCRIPT ERROR: Invalid access to property or key 'current_scene' on a base object of type 'null instance'.
          at: _on_tree_changed (res://scripts/autoload/persist_manager.gd:290)
ERROR: Parameter "data.tree" is null.
   at: get_tree (scene/main/node.h:446)
SCRIPT ERROR: Invalid access to property or key 'current_scene' on a base object of type 'null instance'.
          at: _on_tree_changed (res://scripts/autoload/penultimate_hit_effects_manager.gd:551)
ERROR: Parameter "data.tree" is null.
   at: get_tree (scene/main/node.h:446)
SCRIPT ERROR: Invalid access to property or key 'current_scene' on a base object of type 'null instance'.
          at: _on_tree_changed (res://scripts/autoload/last_chance_effects_manager.gd:1418)
ERROR: Parameter "data.tree" is null.
   at: get_tree (scene/main/node.h:446)
SCRIPT ERROR: Invalid access to property or key 'current_scene' on a base object of type 'null instance'.
          at: _on_tree_changed (res://scripts/autoload/cinema_effects_manager.gd:661)
ERROR: Parameter "data.tree" is null.
   at: get_tree (scene/main/node.h:446)
SCRIPT ERROR: Invalid access to property or key 'current_scene' on a base object of type 'null instance'.
          at: _on_tree_changed (res://scripts/autoload/power_fantasy_effects_manager.gd:230)
ERROR: Parameter "data.tree" is null.
   at: get_tree (scene/main/node.h:446)
SCRIPT ERROR: Invalid access to property or key 'current_scene' on a base object of type 'null instance'.
          at: _on_tree_changed (res://scripts/autoload/black_metal_effects_manager.gd:151)
ERROR: Parameter "data.tree" is null.
   at: get_tree (scene/main/node.h:446)
SCRIPT ERROR: Invalid access to property or key 'current_scene' on a base object of type 'null instance'.
          at: _on_tree_changed (res://scripts/autoload/flashbang_player_effects_manager.gd:232)
ERROR: Parameter "data.tree" is null.
   at: get_tree (scene/main/node.h:446)
SCRIPT ERROR: Invalid access to property or key 'current_scene' on a base object of type 'null instance'.
          at: _on_tree_changed (res://scripts/autoload/persist_manager.gd:290)
ERROR: Parameter "data.tree" is null.
   at: get_tree (scene/main/node.h:446)
SCRIPT ERROR: Invalid access to property or key 'current_scene' on a base object of type 'null instance'.
          at: _on_tree_changed (res://scripts/autoload/penultimate_hit_effects_manager.gd:551)
ERROR: Parameter "data.tree" is null.
   at: get_tree (scene/main/node.h:446)
SCRIPT ERROR: Invalid access to property or key 'current_scene' on a base object of type 'null instance'.
          at: _on_tree_changed (res://scripts/autoload/last_chance_effects_manager.gd:1418)
ERROR: Parameter "data.tree" is null.
   at: get_tree (scene/main/node.h:446)
SCRIPT ERROR: Invalid access to property or key 'current_scene' on a base object of type 'null instance'.
          at: _on_tree_changed (res://scripts/autoload/cinema_effects_manager.gd:661)
ERROR: Parameter "data.tree" is null.
   at: get_tree (scene/main/node.h:446)
SCRIPT ERROR: Invalid access to property or key 'current_scene' on a base object of type 'null instance'.
          at: _on_tree_changed (res://scripts/autoload/power_fantasy_effects_manager.gd:230)
ERROR: Parameter "data.tree" is null.
   at: get_tree (scene/main/node.h:446)
SCRIPT ERROR: Invalid access to property or key 'current_scene' on a base object of type 'null instance'.
          at: _on_tree_changed (res://scripts/autoload/black_metal_effects_manager.gd:151)
ERROR: Parameter "data.tree" is null.
   at: get_tree (scene/main/node.h:446)
SCRIPT ERROR: Invalid access to property or key 'current_scene' on a base object of type 'null instance'.
          at: _on_tree_changed (res://scripts/autoload/flashbang_player_effects_manager.gd:232)
ERROR: Parameter "data.tree" is null.
   at: get_tree (scene/main/node.h:446)
SCRIPT ERROR: Invalid access to property or key 'current_scene' on a base object of type 'null instance'.
          at: _on_tree_changed (res://scripts/autoload/persist_manager.gd:290)
ERROR: Parameter "data.tree" is null.
   at: get_tree (scene/main/node.h:446)
SCRIPT ERROR: Invalid access to property or key 'current_scene' on a base object of type 'null instance'.
          at: _on_tree_changed (res://scripts/autoload/penultimate_hit_effects_manager.gd:551)
ERROR: Parameter "data.tree" is null.
   at: get_tree (scene/main/node.h:446)
SCRIPT ERROR: Invalid access to property or key 'current_scene' on a base object of type 'null instance'.
          at: _on_tree_changed (res://scripts/autoload/last_chance_effects_manager.gd:1418)
ERROR: Parameter "data.tree" is null.
   at: get_tree (scene/main/node.h:446)
SCRIPT ERROR: Invalid access to property or key 'current_scene' on a base object of type 'null instance'.
          at: _on_tree_changed (res://scripts/autoload/cinema_effects_manager.gd:661)
ERROR: Parameter "data.tree" is null.
   at: get_tree (scene/main/node.h:446)
SCRIPT ERROR: Invalid access to property or key 'current_scene' on a base object of type 'null instance'.
          at: _on_tree_changed (res://scripts/autoload/power_fantasy_effects_manager.gd:230)
ERROR: Parameter "data.tree" is null.
   at: get_tree (scene/main/node.h:446)
SCRIPT ERROR: Invalid access to property or key 'current_scene' on a base object of type 'null instance'.
          at: _on_tree_changed (res://scripts/autoload/black_metal_effects_manager.gd:151)
ERROR: Parameter "data.tree" is null.
   at: get_tree (scene/main/node.h:446)
SCRIPT ERROR: Invalid access to property or key 'current_scene' on a base object of type 'null instance'.
          at: _on_tree_changed (res://scripts/autoload/flashbang_player_effects_manager.gd:232)
ERROR: Parameter "data.tree" is null.
   at: get_tree (scene/main/node.h:446)
SCRIPT ERROR: Invalid access to property or key 'current_scene' on a base object of type 'null instance'.
          at: _on_tree_changed (res://scripts/autoload/persist_manager.gd:290)
ERROR: Parameter "data.tree" is null.
   at: get_tree (scene/main/node.h:446)
SCRIPT ERROR: Invalid access to property or key 'current_scene' on a base object of type 'null instance'.
          at: _on_tree_changed (res://scripts/autoload/penultimate_hit_effects_manager.gd:551)
ERROR: Parameter "data.tree" is null.
   at: get_tree (scene/main/node.h:446)
SCRIPT ERROR: Invalid access to property or key 'current_scene' on a base object of type 'null instance'.
          at: _on_tree_changed (res://scripts/autoload/last_chance_effects_manager.gd:1418)
ERROR: Parameter "data.tree" is null.
   at: get_tree (scene/main/node.h:446)
SCRIPT ERROR: Invalid access to property or key 'current_scene' on a base object of type 'null instance'.
          at: _on_tree_changed (res://scripts/autoload/cinema_effects_manager.gd:661)
ERROR: Parameter "data.tree" is null.
   at: get_tree (scene/main/node.h:446)
SCRIPT ERROR: Invalid access to property or key 'current_scene' on a base object of type 'null instance'.
          at: _on_tree_changed (res://scripts/autoload/power_fantasy_effects_manager.gd:230)
ERROR: Parameter "data.tree" is null.
   at: get_tree (scene/main/node.h:446)
SCRIPT ERROR: Invalid access to property or key 'current_scene' on a base object of type 'null instance'.
          at: _on_tree_changed (res://scripts/autoload/black_metal_effects_manager.gd:151)
ERROR: Parameter "data.tree" is null.
   at: get_tree (scene/main/node.h:446)
SCRIPT ERROR: Invalid access to property or key 'current_scene' on a base object of type 'null instance'.
          at: _on_tree_changed (res://scripts/autoload/flashbang_player_effects_manager.gd:232)
ERROR: Parameter "data.tree" is null.
   at: get_tree (scene/main/node.h:446)
SCRIPT ERROR: Invalid access to property or key 'current_scene' on a base object of type 'null instance'.
          at: _on_tree_changed (res://scripts/autoload/persist_manager.gd:290)
ERROR: Parameter "data.tree" is null.
   at: get_tree (scene/main/node.h:446)
SCRIPT ERROR: Invalid access to property or key 'current_scene' on a base object of type 'null instance'.
          at: _on_tree_changed (res://scripts/autoload/penultimate_hit_effects_manager.gd:551)
ERROR: Parameter "data.tree" is null.
   at: get_tree (scene/main/node.h:446)
SCRIPT ERROR: Invalid access to property or key 'current_scene' on a base object of type 'null instance'.
          at: _on_tree_changed (res://scripts/autoload/last_chance_effects_manager.gd:1418)
ERROR: Parameter "data.tree" is null.
   at: get_tree (scene/main/node.h:446)
SCRIPT ERROR: Invalid access to property or key 'current_scene' on a base object of type 'null instance'.
          at: _on_tree_changed (res://scripts/autoload/cinema_effects_manager.gd:661)
ERROR: Parameter "data.tree" is null.
   at: get_tree (scene/main/node.h:446)
SCRIPT ERROR: Invalid access to property or key 'current_scene' on a base object of type 'null instance'.
          at: _on_tree_changed (res://scripts/autoload/power_fantasy_effects_manager.gd:230)
ERROR: Parameter "data.tree" is null.
   at: get_tree (scene/main/node.h:446)
SCRIPT ERROR: Invalid access to property or key 'current_scene' on a base object of type 'null instance'.
          at: _on_tree_changed (res://scripts/autoload/black_metal_effects_manager.gd:151)
ERROR: Parameter "data.tree" is null.
   at: get_tree (scene/main/node.h:446)
SCRIPT ERROR: Invalid access to property or key 'current_scene' on a base object of type 'null instance'.
          at: _on_tree_changed (res://scripts/autoload/flashbang_player_effects_manager.gd:232)
ERROR: Parameter "data.tree" is null.
   at: get_tree (scene/main/node.h:446)
SCRIPT ERROR: Invalid access to property or key 'current_scene' on a base object of type 'null instance'.
          at: _on_tree_changed (res://scripts/autoload/persist_manager.gd:290)
ERROR: Parameter "data.tree" is null.
   at: get_tree (scene/main/node.h:446)
SCRIPT ERROR: Invalid access to property or key 'current_scene' on a base object of type 'null instance'.
          at: _on_tree_changed (res://scripts/autoload/penultimate_hit_effects_manager.gd:551)
ERROR: Parameter "data.tree" is null.
   at: get_tree (scene/main/node.h:446)
SCRIPT ERROR: Invalid access to property or key 'current_scene' on a base object of type 'null instance'.
          at: _on_tree_changed (res://scripts/autoload/last_chance_effects_manager.gd:1418)
ERROR: Parameter "data.tree" is null.
   at: get_tree (scene/main/node.h:446)
SCRIPT ERROR: Invalid access to property or key 'current_scene' on a base object of type 'null instance'.
          at: _on_tree_changed (res://scripts/autoload/cinema_effects_manager.gd:661)
ERROR: Parameter "data.tree" is null.
   at: get_tree (scene/main/node.h:446)
SCRIPT ERROR: Invalid access to property or key 'current_scene' on a base object of type 'null instance'.
          at: _on_tree_changed (res://scripts/autoload/power_fantasy_effects_manager.gd:230)
ERROR: Parameter "data.tree" is null.
   at: get_tree (scene/main/node.h:446)
SCRIPT ERROR: Invalid access to property or key 'current_scene' on a base object of type 'null instance'.
          at: _on_tree_changed (res://scripts/autoload/black_metal_effects_manager.gd:151)
ERROR: Parameter "data.tree" is null.
   at: get_tree (scene/main/node.h:446)
SCRIPT ERROR: Invalid access to property or key 'current_scene' on a base object of type 'null instance'.
          at: _on_tree_changed (res://scripts/autoload/flashbang_player_effects_manager.gd:232)
ERROR: Parameter "data.tree" is null.
   at: get_tree (scene/main/node.h:446)
SCRIPT ERROR: Invalid access to property or key 'current_scene' on a base object of type 'null instance'.
          at: _on_tree_changed (res://scripts/autoload/persist_manager.gd:290)
ERROR: Parameter "data.tree" is null.
   at: get_tree (scene/main/node.h:446)
SCRIPT ERROR: Invalid access to property or key 'current_scene' on a base object of type 'null instance'.
          at: _on_tree_changed (res://scripts/autoload/penultimate_hit_effects_manager.gd:551)
ERROR: Parameter "data.tree" is null.
   at: get_tree (scene/main/node.h:446)
SCRIPT ERROR: Invalid access to property or key 'current_scene' on a base object of type 'null instance'.
          at: _on_tree_changed (res://scripts/autoload/last_chance_effects_manager.gd:1418)
ERROR: Parameter "data.tree" is null.
   at: get_tree (scene/main/node.h:446)
SCRIPT ERROR: Invalid access to property or key 'current_scene' on a base object of type 'null instance'.
          at: _on_tree_changed (res://scripts/autoload/cinema_effects_manager.gd:661)
ERROR: Parameter "data.tree" is null.
   at: get_tree (scene/main/node.h:446)
SCRIPT ERROR: Invalid access to property or key 'current_scene' on a base object of type 'null instance'.
          at: _on_tree_changed (res://scripts/autoload/power_fantasy_effects_manager.gd:230)
ERROR: Parameter "data.tree" is null.
   at: get_tree (scene/main/node.h:446)
SCRIPT ERROR: Invalid access to property or key 'current_scene' on a base object of type 'null instance'.
          at: _on_tree_changed (res://scripts/autoload/black_metal_effects_manager.gd:151)
ERROR: Parameter "data.tree" is null.
   at: get_tree (scene/main/node.h:446)
SCRIPT ERROR: Invalid access to property or key 'current_scene' on a base object of type 'null instance'.
          at: _on_tree_changed (res://scripts/autoload/flashbang_player_effects_manager.gd:232)
ERROR: Parameter "data.tree" is null.
   at: get_tree (scene/main/node.h:446)
SCRIPT ERROR: Invalid access to property or key 'current_scene' on a base object of type 'null instance'.
          at: _on_tree_changed (res://scripts/autoload/persist_manager.gd:290)
ERROR: Parameter "data.tree" is null.
   at: get_tree (scene/main/node.h:446)
SCRIPT ERROR: Invalid access to property or key 'current_scene' on a base object of type 'null instance'.
          at: _on_tree_changed (res://scripts/autoload/penultimate_hit_effects_manager.gd:551)
ERROR: Parameter "data.tree" is null.
   at: get_tree (scene/main/node.h:446)
SCRIPT ERROR: Invalid access to property or key 'current_scene' on a base object of type 'null instance'.
          at: _on_tree_changed (res://scripts/autoload/last_chance_effects_manager.gd:1418)
ERROR: Parameter "data.tree" is null.
   at: get_tree (scene/main/node.h:446)
SCRIPT ERROR: Invalid access to property or key 'current_scene' on a base object of type 'null instance'.
          at: _on_tree_changed (res://scripts/autoload/cinema_effects_manager.gd:661)
ERROR: Parameter "data.tree" is null.
   at: get_tree (scene/main/node.h:446)
SCRIPT ERROR: Invalid access to property or key 'current_scene' on a base object of type 'null instance'.
          at: _on_tree_changed (res://scripts/autoload/power_fantasy_effects_manager.gd:230)
ERROR: Parameter "data.tree" is null.
   at: get_tree (scene/main/node.h:446)
SCRIPT ERROR: Invalid access to property or key 'current_scene' on a base object of type 'null instance'.
          at: _on_tree_changed (res://scripts/autoload/black_metal_effects_manager.gd:151)
ERROR: Parameter "data.tree" is null.
   at: get_tree (scene/main/node.h:446)
SCRIPT ERROR: Invalid access to property or key 'current_scene' on a base object of type 'null instance'.
          at: _on_tree_changed (res://scripts/autoload/flashbang_player_effects_manager.gd:232)
ERROR: Parameter "data.tree" is null.
   at: get_tree (scene/main/node.h:446)
SCRIPT ERROR: Invalid access to property or key 'current_scene' on a base object of type 'null instance'.
          at: _on_tree_changed (res://scripts/autoload/persist_manager.gd:290)
ERROR: Parameter "data.tree" is null.
   at: get_tree (scene/main/node.h:446)
SCRIPT ERROR: Invalid access to property or key 'current_scene' on a base object of type 'null instance'.
          at: _on_tree_changed (res://scripts/autoload/penultimate_hit_effects_manager.gd:551)
ERROR: Parameter "data.tree" is null.
   at: get_tree (scene/main/node.h:446)
SCRIPT ERROR: Invalid access to property or key 'current_scene' on a base object of type 'null instance'.
          at: _on_tree_changed (res://scripts/autoload/last_chance_effects_manager.gd:1418)
ERROR: Parameter "data.tree" is null.
   at: get_tree (scene/main/node.h:446)
SCRIPT ERROR: Invalid access to property or key 'current_scene' on a base object of type 'null instance'.
          at: _on_tree_changed (res://scripts/autoload/cinema_effects_manager.gd:661)
ERROR: Parameter "data.tree" is null.
   at: get_tree (scene/main/node.h:446)
SCRIPT ERROR: Invalid access to property or key 'current_scene' on a base object of type 'null instance'.
          at: _on_tree_changed (res://scripts/autoload/power_fantasy_effects_manager.gd:230)
ERROR: Parameter "data.tree" is null.
   at: get_tree (scene/main/node.h:446)
SCRIPT ERROR: Invalid access to property or key 'current_scene' on a base object of type 'null instance'.
          at: _on_tree_changed (res://scripts/autoload/black_metal_effects_manager.gd:151)
ERROR: Parameter "data.tree" is null.
   at: get_tree (scene/main/node.h:446)
SCRIPT ERROR: Invalid access to property or key 'current_scene' on a base object of type 'null instance'.
          at: _on_tree_changed (res://scripts/autoload/flashbang_player_effects_manager.gd:232)
ERROR: Parameter "data.tree" is null.
   at: get_tree (scene/main/node.h:446)
SCRIPT ERROR: Invalid access to property or key 'current_scene' on a base object of type 'null instance'.
          at: _on_tree_changed (res://scripts/autoload/persist_manager.gd:290)
ERROR: Parameter "data.tree" is null.
   at: get_tree (scene/main/node.h:446)
SCRIPT ERROR: Invalid access to property or key 'current_scene' on a base object of type 'null instance'.
          at: _on_tree_changed (res://scripts/autoload/penultimate_hit_effects_manager.gd:551)
ERROR: Parameter "data.tree" is null.
   at: get_tree (scene/main/node.h:446)
SCRIPT ERROR: Invalid access to property or key 'current_scene' on a base object of type 'null instance'.
          at: _on_tree_changed (res://scripts/autoload/last_chance_effects_manager.gd:1418)
ERROR: Parameter "data.tree" is null.
   at: get_tree (scene/main/node.h:446)
SCRIPT ERROR: Invalid access to property or key 'current_scene' on a base object of type 'null instance'.
          at: _on_tree_changed (res://scripts/autoload/cinema_effects_manager.gd:661)
ERROR: Parameter "data.tree" is null.
   at: get_tree (scene/main/node.h:446)
SCRIPT ERROR: Invalid access to property or key 'current_scene' on a base object of type 'null instance'.
          at: _on_tree_changed (res://scripts/autoload/power_fantasy_effects_manager.gd:230)
ERROR: Parameter "data.tree" is null.
   at: get_tree (scene/main/node.h:446)
SCRIPT ERROR: Invalid access to property or key 'current_scene' on a base object of type 'null instance'.
          at: _on_tree_changed (res://scripts/autoload/black_metal_effects_manager.gd:151)
ERROR: Parameter "data.tree" is null.
   at: get_tree (scene/main/node.h:446)
SCRIPT ERROR: Invalid access to property or key 'current_scene' on a base object of type 'null instance'.
          at: _on_tree_changed (res://scripts/autoload/flashbang_player_effects_manager.gd:232)
ERROR: Parameter "data.tree" is null.
   at: get_tree (scene/main/node.h:446)
SCRIPT ERROR: Invalid access to property or key 'current_scene' on a base object of type 'null instance'.
          at: _on_tree_changed (res://scripts/autoload/persist_manager.gd:290)
ERROR: Parameter "data.tree" is null.
   at: get_tree (scene/main/node.h:446)
SCRIPT ERROR: Invalid access to property or key 'current_scene' on a base object of type 'null instance'.
          at: _on_tree_changed (res://scripts/autoload/penultimate_hit_effects_manager.gd:551)
ERROR: Parameter "data.tree" is null.
   at: get_tree (scene/main/node.h:446)
SCRIPT ERROR: Invalid access to property or key 'current_scene' on a base object of type 'null instance'.
          at: _on_tree_changed (res://scripts/autoload/last_chance_effects_manager.gd:1418)
ERROR: Parameter "data.tree" is null.
   at: get_tree (scene/main/node.h:446)
SCRIPT ERROR: Invalid access to property or key 'current_scene' on a base object of type 'null instance'.
          at: _on_tree_changed (res://scripts/autoload/cinema_effects_manager.gd:661)
ERROR: Parameter "data.tree" is null.
   at: get_tree (scene/main/node.h:446)
SCRIPT ERROR: Invalid access to property or key 'current_scene' on a base object of type 'null instance'.
          at: _on_tree_changed (res://scripts/autoload/power_fantasy_effects_manager.gd:230)
ERROR: Parameter "data.tree" is null.
   at: get_tree (scene/main/node.h:446)
SCRIPT ERROR: Invalid access to property or key 'current_scene' on a base object of type 'null instance'.
          at: _on_tree_changed (res://scripts/autoload/black_metal_effects_manager.gd:151)
ERROR: Parameter "data.tree" is null.
   at: get_tree (scene/main/node.h:446)
SCRIPT ERROR: Invalid access to property or key 'current_scene' on a base object of type 'null instance'.
          at: _on_tree_changed (res://scripts/autoload/flashbang_player_effects_manager.gd:232)
ERROR: Parameter "data.tree" is null.
   at: get_tree (scene/main/node.h:446)
SCRIPT ERROR: Invalid access to property or key 'current_scene' on a base object of type 'null instance'.
          at: _on_tree_changed (res://scripts/autoload/persist_manager.gd:290)
ERROR: Parameter "data.tree" is null.
   at: get_tree (scene/main/node.h:446)
SCRIPT ERROR: Invalid access to property or key 'current_scene' on a base object of type 'null instance'.
          at: _on_tree_changed (res://scripts/autoload/penultimate_hit_effects_manager.gd:551)
ERROR: Parameter "data.tree" is null.
   at: get_tree (scene/main/node.h:446)
SCRIPT ERROR: Invalid access to property or key 'current_scene' on a base object of type 'null instance'.
          at: _on_tree_changed (res://scripts/autoload/last_chance_effects_manager.gd:1418)
ERROR: Parameter "data.tree" is null.
   at: get_tree (scene/main/node.h:446)
SCRIPT ERROR: Invalid access to property or key 'current_scene' on a base object of type 'null instance'.
          at: _on_tree_changed (res://scripts/autoload/cinema_effects_manager.gd:661)
ERROR: Parameter "data.tree" is null.
   at: get_tree (scene/main/node.h:446)
SCRIPT ERROR: Invalid access to property or key 'current_scene' on a base object of type 'null instance'.
          at: _on_tree_changed (res://scripts/autoload/power_fantasy_effects_manager.gd:230)
ERROR: Parameter "data.tree" is null.
   at: get_tree (scene/main/node.h:446)
SCRIPT ERROR: Invalid access to property or key 'current_scene' on a base object of type 'null instance'.
          at: _on_tree_changed (res://scripts/autoload/black_metal_effects_manager.gd:151)
ERROR: Parameter "data.tree" is null.
   at: get_tree (scene/main/node.h:446)
SCRIPT ERROR: Invalid access to property or key 'current_scene' on a base object of type 'null instance'.
          at: _on_tree_changed (res://scripts/autoload/flashbang_player_effects_manager.gd:232)
ERROR: Parameter "data.tree" is null.
   at: get_tree (scene/main/node.h:446)
SCRIPT ERROR: Invalid access to property or key 'current_scene' on a base object of type 'null instance'.
          at: _on_tree_changed (res://scripts/autoload/persist_manager.gd:290)
ERROR: Parameter "data.tree" is null.
   at: get_tree (scene/main/node.h:446)
SCRIPT ERROR: Invalid access to property or key 'current_scene' on a base object of type 'null instance'.
          at: _on_tree_changed (res://scripts/autoload/penultimate_hit_effects_manager.gd:551)
ERROR: Parameter "data.tree" is null.
   at: get_tree (scene/main/node.h:446)
SCRIPT ERROR: Invalid access to property or key 'current_scene' on a base object of type 'null instance'.
          at: _on_tree_changed (res://scripts/autoload/last_chance_effects_manager.gd:1418)
ERROR: Parameter "data.tree" is null.
   at: get_tree (scene/main/node.h:446)
SCRIPT ERROR: Invalid access to property or key 'current_scene' on a base object of type 'null instance'.
          at: _on_tree_changed (res://scripts/autoload/cinema_effects_manager.gd:661)
ERROR: Parameter "data.tree" is null.
   at: get_tree (scene/main/node.h:446)
SCRIPT ERROR: Invalid access to property or key 'current_scene' on a base object of type 'null instance'.
          at: _on_tree_changed (res://scripts/autoload/power_fantasy_effects_manager.gd:230)
ERROR: Parameter "data.tree" is null.
   at: get_tree (scene/main/node.h:446)
SCRIPT ERROR: Invalid access to property or key 'current_scene' on a base object of type 'null instance'.
          at: _on_tree_changed (res://scripts/autoload/black_metal_effects_manager.gd:151)
ERROR: Parameter "data.tree" is null.
   at: get_tree (scene/main/node.h:446)
SCRIPT ERROR: Invalid access to property or key 'current_scene' on a base object of type 'null instance'.
          at: _on_tree_changed (res://scripts/autoload/flashbang_player_effects_manager.gd:232)
ERROR: Parameter "data.tree" is null.
   at: get_tree (scene/main/node.h:446)
SCRIPT ERROR: Invalid access to property or key 'current_scene' on a base object of type 'null instance'.
          at: _on_tree_changed (res://scripts/autoload/persist_manager.gd:290)
ERROR: Parameter "data.tree" is null.
   at: get_tree (scene/main/node.h:446)
SCRIPT ERROR: Invalid access to property or key 'current_scene' on a base object of type 'null instance'.
          at: _on_tree_changed (res://scripts/autoload/penultimate_hit_effects_manager.gd:551)
ERROR: Parameter "data.tree" is null.
   at: get_tree (scene/main/node.h:446)
SCRIPT ERROR: Invalid access to property or key 'current_scene' on a base object of type 'null instance'.
          at: _on_tree_changed (res://scripts/autoload/last_chance_effects_manager.gd:1418)
ERROR: Parameter "data.tree" is null.
   at: get_tree (scene/main/node.h:446)
SCRIPT ERROR: Invalid access to property or key 'current_scene' on a base object of type 'null instance'.
          at: _on_tree_changed (res://scripts/autoload/cinema_effects_manager.gd:661)
ERROR: Parameter "data.tree" is null.
   at: get_tree (scene/main/node.h:446)
SCRIPT ERROR: Invalid access to property or key 'current_scene' on a base object of type 'null instance'.
          at: _on_tree_changed (res://scripts/autoload/power_fantasy_effects_manager.gd:230)
ERROR: Parameter "data.tree" is null.
   at: get_tree (scene/main/node.h:446)
SCRIPT ERROR: Invalid access to property or key 'current_scene' on a base object of type 'null instance'.
          at: _on_tree_changed (res://scripts/autoload/black_metal_effects_manager.gd:151)
ERROR: Parameter "data.tree" is null.
   at: get_tree (scene/main/node.h:446)
SCRIPT ERROR: Invalid access to property or key 'current_scene' on a base object of type 'null instance'.
          at: _on_tree_changed (res://scripts/autoload/flashbang_player_effects_manager.gd:232)
ERROR: Parameter "data.tree" is null.
   at: get_tree (scene/main/node.h:446)
SCRIPT ERROR: Invalid access to property or key 'current_scene' on a base object of type 'null instance'.
          at: _on_tree_changed (res://scripts/autoload/persist_manager.gd:290)
ERROR: Parameter "data.tree" is null.
   at: get_tree (scene/main/node.h:446)
SCRIPT ERROR: Invalid access to property or key 'current_scene' on a base object of type 'null instance'.
          at: _on_tree_changed (res://scripts/autoload/penultimate_hit_effects_manager.gd:551)
ERROR: Parameter "data.tree" is null.
   at: get_tree (scene/main/node.h:446)
SCRIPT ERROR: Invalid access to property or key 'current_scene' on a base object of type 'null instance'.
          at: _on_tree_changed (res://scripts/autoload/last_chance_effects_manager.gd:1418)
ERROR: Parameter "data.tree" is null.
   at: get_tree (scene/main/node.h:446)
SCRIPT ERROR: Invalid access to property or key 'current_scene' on a base object of type 'null instance'.
          at: _on_tree_changed (res://scripts/autoload/cinema_effects_manager.gd:661)
ERROR: Parameter "data.tree" is null.
   at: get_tree (scene/main/node.h:446)
SCRIPT ERROR: Invalid access to property or key 'current_scene' on a base object of type 'null instance'.
          at: _on_tree_changed (res://scripts/autoload/power_fantasy_effects_manager.gd:230)
ERROR: Parameter "data.tree" is null.
   at: get_tree (scene/main/node.h:446)
SCRIPT ERROR: Invalid access to property or key 'current_scene' on a base object of type 'null instance'.
          at: _on_tree_changed (res://scripts/autoload/black_metal_effects_manager.gd:151)
ERROR: Parameter "data.tree" is null.
   at: get_tree (scene/main/node.h:446)
SCRIPT ERROR: Invalid access to property or key 'current_scene' on a base object of type 'null instance'.
          at: _on_tree_changed (res://scripts/autoload/flashbang_player_effects_manager.gd:232)
ERROR: Parameter "data.tree" is null.
   at: get_tree (scene/main/node.h:446)
SCRIPT ERROR: Invalid access to property or key 'current_scene' on a base object of type 'null instance'.
          at: _on_tree_changed (res://scripts/autoload/persist_manager.gd:290)
ERROR: Parameter "data.tree" is null.
   at: get_tree (scene/main/node.h:446)
SCRIPT ERROR: Invalid access to property or key 'current_scene' on a base object of type 'null instance'.
          at: _on_tree_changed (res://scripts/autoload/impact_effects_manager.gd:1054)
ERROR: Parameter "data.tree" is null.
   at: get_tree (scene/main/node.h:446)
SCRIPT ERROR: Invalid access to property or key 'current_scene' on a base object of type 'null instance'.
          at: _on_tree_changed (res://scripts/autoload/penultimate_hit_effects_manager.gd:551)
ERROR: Parameter "data.tree" is null.
   at: get_tree (scene/main/node.h:446)
SCRIPT ERROR: Invalid access to property or key 'current_scene' on a base object of type 'null instance'.
          at: _on_tree_changed (res://scripts/autoload/last_chance_effects_manager.gd:1418)
ERROR: Parameter "data.tree" is null.
   at: get_tree (scene/main/node.h:446)
SCRIPT ERROR: Invalid access to property or key 'current_scene' on a base object of type 'null instance'.
          at: _on_tree_changed (res://scripts/autoload/cinema_effects_manager.gd:661)
ERROR: Parameter "data.tree" is null.
   at: get_tree (scene/main/node.h:446)
SCRIPT ERROR: Invalid access to property or key 'current_scene' on a base object of type 'null instance'.
          at: _on_tree_changed (res://scripts/autoload/power_fantasy_effects_manager.gd:230)
ERROR: Parameter "data.tree" is null.
   at: get_tree (scene/main/node.h:446)
SCRIPT ERROR: Invalid access to property or key 'current_scene' on a base object of type 'null instance'.
          at: _on_tree_changed (res://scripts/autoload/black_metal_effects_manager.gd:151)
ERROR: Parameter "data.tree" is null.
   at: get_tree (scene/main/node.h:446)
SCRIPT ERROR: Invalid access to property or key 'current_scene' on a base object of type 'null instance'.
          at: _on_tree_changed (res://scripts/autoload/flashbang_player_effects_manager.gd:232)
ERROR: Parameter "data.tree" is null.
   at: get_tree (scene/main/node.h:446)
SCRIPT ERROR: Invalid access to property or key 'current_scene' on a base object of type 'null instance'.
          at: _on_tree_changed (res://scripts/autoload/persist_manager.gd:290)
ERROR: Parameter "data.tree" is null.
   at: get_tree (scene/main/node.h:446)
SCRIPT ERROR: Invalid access to property or key 'current_scene' on a base object of type 'null instance'.
          at: _on_tree_changed (res://scripts/autoload/impact_effects_manager.gd:1054)
ERROR: Parameter "data.tree" is null.
   at: get_tree (scene/main/node.h:446)
SCRIPT ERROR: Invalid access to property or key 'current_scene' on a base object of type 'null instance'.
          at: _on_tree_changed (res://scripts/autoload/penultimate_hit_effects_manager.gd:551)
ERROR: Parameter "data.tree" is null.
   at: get_tree (scene/main/node.h:446)
SCRIPT ERROR: Invalid access to property or key 'current_scene' on a base object of type 'null instance'.
          at: _on_tree_changed (res://scripts/autoload/last_chance_effects_manager.gd:1418)
ERROR: Parameter "data.tree" is null.
   at: get_tree (scene/main/node.h:446)
SCRIPT ERROR: Invalid access to property or key 'current_scene' on a base object of type 'null instance'.
          at: _on_tree_changed (res://scripts/autoload/cinema_effects_manager.gd:661)
ERROR: Parameter "data.tree" is null.
   at: get_tree (scene/main/node.h:446)
SCRIPT ERROR: Invalid access to property or key 'current_scene' on a base object of type 'null instance'.
          at: _on_tree_changed (res://scripts/autoload/power_fantasy_effects_manager.gd:230)
ERROR: Parameter "data.tree" is null.
   at: get_tree (scene/main/node.h:446)
SCRIPT ERROR: Invalid access to property or key 'current_scene' on a base object of type 'null instance'.
          at: _on_tree_changed (res://scripts/autoload/black_metal_effects_manager.gd:151)
ERROR: Parameter "data.tree" is null.
   at: get_tree (scene/main/node.h:446)
SCRIPT ERROR: Invalid access to property or key 'current_scene' on a base object of type 'null instance'.
          at: _on_tree_changed (res://scripts/autoload/flashbang_player_effects_manager.gd:232)
ERROR: Parameter "data.tree" is null.
   at: get_tree (scene/main/node.h:446)
SCRIPT ERROR: Invalid access to property or key 'current_scene' on a base object of type 'null instance'.
          at: _on_tree_changed (res://scripts/autoload/persist_manager.gd:290)
ERROR: Parameter "data.tree" is null.
   at: get_tree (scene/main/node.h:446)
SCRIPT ERROR: Invalid access to property or key 'current_scene' on a base object of type 'null instance'.
          at: _on_tree_changed (res://scripts/autoload/screen_shake_manager.gd:171)
ERROR: Parameter "data.tree" is null.
   at: get_tree (scene/main/node.h:446)
SCRIPT ERROR: Invalid access to property or key 'current_scene' on a base object of type 'null instance'.
          at: _on_tree_changed (res://scripts/autoload/impact_effects_manager.gd:1054)
ERROR: Parameter "data.tree" is null.
   at: get_tree (scene/main/node.h:446)
SCRIPT ERROR: Invalid access to property or key 'current_scene' on a base object of type 'null instance'.
          at: _on_tree_changed (res://scripts/autoload/penultimate_hit_effects_manager.gd:551)
ERROR: Parameter "data.tree" is null.
   at: get_tree (scene/main/node.h:446)
SCRIPT ERROR: Invalid access to property or key 'current_scene' on a base object of type 'null instance'.
          at: _on_tree_changed (res://scripts/autoload/last_chance_effects_manager.gd:1418)
ERROR: Parameter "data.tree" is null.
   at: get_tree (scene/main/node.h:446)
SCRIPT ERROR: Invalid access to property or key 'current_scene' on a base object of type 'null instance'.
          at: _on_tree_changed (res://scripts/autoload/cinema_effects_manager.gd:661)
ERROR: Parameter "data.tree" is null.
   at: get_tree (scene/main/node.h:446)
SCRIPT ERROR: Invalid access to property or key 'current_scene' on a base object of type 'null instance'.
          at: _on_tree_changed (res://scripts/autoload/power_fantasy_effects_manager.gd:230)
ERROR: Parameter "data.tree" is null.
   at: get_tree (scene/main/node.h:446)
SCRIPT ERROR: Invalid access to property or key 'current_scene' on a base object of type 'null instance'.
          at: _on_tree_changed (res://scripts/autoload/black_metal_effects_manager.gd:151)
ERROR: Parameter "data.tree" is null.
   at: get_tree (scene/main/node.h:446)
SCRIPT ERROR: Invalid access to property or key 'current_scene' on a base object of type 'null instance'.
          at: _on_tree_changed (res://scripts/autoload/flashbang_player_effects_manager.gd:232)
ERROR: Parameter "data.tree" is null.
   at: get_tree (scene/main/node.h:446)
SCRIPT ERROR: Invalid access to property or key 'current_scene' on a base object of type 'null instance'.
          at: _on_tree_changed (res://scripts/autoload/persist_manager.gd:290)
ERROR: Parameter "data.tree" is null.
   at: get_tree (scene/main/node.h:446)
SCRIPT ERROR: Invalid access to property or key 'current_scene' on a base object of type 'null instance'.
          at: _on_tree_changed (res://scripts/autoload/screen_shake_manager.gd:171)
ERROR: Parameter "data.tree" is null.
   at: get_tree (scene/main/node.h:446)
SCRIPT ERROR: Invalid access to property or key 'current_scene' on a base object of type 'null instance'.
          at: _on_tree_changed (res://scripts/autoload/impact_effects_manager.gd:1054)
ERROR: Parameter "data.tree" is null.
   at: get_tree (scene/main/node.h:446)
SCRIPT ERROR: Invalid access to property or key 'current_scene' on a base object of type 'null instance'.
          at: _on_tree_changed (res://scripts/autoload/penultimate_hit_effects_manager.gd:551)
ERROR: Parameter "data.tree" is null.
   at: get_tree (scene/main/node.h:446)
SCRIPT ERROR: Invalid access to property or key 'current_scene' on a base object of type 'null instance'.
          at: _on_tree_changed (res://scripts/autoload/last_chance_effects_manager.gd:1418)
ERROR: Parameter "data.tree" is null.
   at: get_tree (scene/main/node.h:446)
SCRIPT ERROR: Invalid access to property or key 'current_scene' on a base object of type 'null instance'.
          at: _on_tree_changed (res://scripts/autoload/cinema_effects_manager.gd:661)
ERROR: Parameter "data.tree" is null.
   at: get_tree (scene/main/node.h:446)
SCRIPT ERROR: Invalid access to property or key 'current_scene' on a base object of type 'null instance'.
          at: _on_tree_changed (res://scripts/autoload/power_fantasy_effects_manager.gd:230)
ERROR: Parameter "data.tree" is null.
   at: get_tree (scene/main/node.h:446)
SCRIPT ERROR: Invalid access to property or key 'current_scene' on a base object of type 'null instance'.
          at: _on_tree_changed (res://scripts/autoload/black_metal_effects_manager.gd:151)
ERROR: Parameter "data.tree" is null.
   at: get_tree (scene/main/node.h:446)
SCRIPT ERROR: Invalid access to property or key 'current_scene' on a base object of type 'null instance'.
          at: _on_tree_changed (res://scripts/autoload/flashbang_player_effects_manager.gd:232)
ERROR: Parameter "data.tree" is null.
   at: get_tree (scene/main/node.h:446)
SCRIPT ERROR: Invalid access to property or key 'current_scene' on a base object of type 'null instance'.
          at: _on_tree_changed (res://scripts/autoload/persist_manager.gd:290)
ERROR: Parameter "data.tree" is null.
   at: get_tree (scene/main/node.h:446)
SCRIPT ERROR: Invalid access to property or key 'current_scene' on a base object of type 'null instance'.
          at: _on_tree_changed (res://scripts/autoload/screen_shake_manager.gd:171)
ERROR: Parameter "data.tree" is null.
   at: get_tree (scene/main/node.h:446)
SCRIPT ERROR: Invalid access to property or key 'current_scene' on a base object of type 'null instance'.
          at: _on_tree_changed (res://scripts/autoload/impact_effects_manager.gd:1054)
ERROR: Parameter "data.tree" is null.
   at: get_tree (scene/main/node.h:446)
SCRIPT ERROR: Invalid access to property or key 'current_scene' on a base object of type 'null instance'.
          at: _on_tree_changed (res://scripts/autoload/penultimate_hit_effects_manager.gd:551)
ERROR: Parameter "data.tree" is null.
   at: get_tree (scene/main/node.h:446)
SCRIPT ERROR: Invalid access to property or key 'current_scene' on a base object of type 'null instance'.
          at: _on_tree_changed (res://scripts/autoload/last_chance_effects_manager.gd:1418)
ERROR: Parameter "data.tree" is null.
   at: get_tree (scene/main/node.h:446)
SCRIPT ERROR: Invalid access to property or key 'current_scene' on a base object of type 'null instance'.
          at: _on_tree_changed (res://scripts/autoload/cinema_effects_manager.gd:661)
ERROR: Parameter "data.tree" is null.
   at: get_tree (scene/main/node.h:446)
SCRIPT ERROR: Invalid access to property or key 'current_scene' on a base object of type 'null instance'.
          at: _on_tree_changed (res://scripts/autoload/power_fantasy_effects_manager.gd:230)
ERROR: Parameter "data.tree" is null.
   at: get_tree (scene/main/node.h:446)
SCRIPT ERROR: Invalid access to property or key 'current_scene' on a base object of type 'null instance'.
          at: _on_tree_changed (res://scripts/autoload/black_metal_effects_manager.gd:151)
ERROR: Parameter "data.tree" is null.
   at: get_tree (scene/main/node.h:446)
SCRIPT ERROR: Invalid access to property or key 'current_scene' on a base object of type 'null instance'.
          at: _on_tree_changed (res://scripts/autoload/flashbang_player_effects_manager.gd:232)
ERROR: Parameter "data.tree" is null.
   at: get_tree (scene/main/node.h:446)
SCRIPT ERROR: Invalid access to property or key 'current_scene' on a base object of type 'null instance'.
          at: _on_tree_changed (res://scripts/autoload/persist_manager.gd:290)
ERROR: Parameter "data.tree" is null.
   at: get_tree (scene/main/node.h:446)
SCRIPT ERROR: Invalid access to property or key 'current_scene' on a base object of type 'null instance'.
          at: _on_tree_changed (res://scripts/autoload/screen_shake_manager.gd:171)
ERROR: Parameter "data.tree" is null.
   at: get_tree (scene/main/node.h:446)
SCRIPT ERROR: Invalid access to property or key 'current_scene' on a base object of type 'null instance'.
          at: _on_tree_changed (res://scripts/autoload/impact_effects_manager.gd:1054)
ERROR: Parameter "data.tree" is null.
   at: get_tree (scene/main/node.h:446)
SCRIPT ERROR: Invalid access to property or key 'current_scene' on a base object of type 'null instance'.
          at: _on_tree_changed (res://scripts/autoload/penultimate_hit_effects_manager.gd:551)
ERROR: Parameter "data.tree" is null.
   at: get_tree (scene/main/node.h:446)
SCRIPT ERROR: Invalid access to property or key 'current_scene' on a base object of type 'null instance'.
          at: _on_tree_changed (res://scripts/autoload/last_chance_effects_manager.gd:1418)
ERROR: Parameter "data.tree" is null.
   at: get_tree (scene/main/node.h:446)
SCRIPT ERROR: Invalid access to property or key 'current_scene' on a base object of type 'null instance'.
          at: _on_tree_changed (res://scripts/autoload/cinema_effects_manager.gd:661)
ERROR: Parameter "data.tree" is null.
   at: get_tree (scene/main/node.h:446)
SCRIPT ERROR: Invalid access to property or key 'current_scene' on a base object of type 'null instance'.
          at: _on_tree_changed (res://scripts/autoload/power_fantasy_effects_manager.gd:230)
ERROR: Parameter "data.tree" is null.
   at: get_tree (scene/main/node.h:446)
SCRIPT ERROR: Invalid access to property or key 'current_scene' on a base object of type 'null instance'.
          at: _on_tree_changed (res://scripts/autoload/black_metal_effects_manager.gd:151)
ERROR: Parameter "data.tree" is null.
   at: get_tree (scene/main/node.h:446)
SCRIPT ERROR: Invalid access to property or key 'current_scene' on a base object of type 'null instance'.
          at: _on_tree_changed (res://scripts/autoload/flashbang_player_effects_manager.gd:232)
ERROR: Parameter "data.tree" is null.
   at: get_tree (scene/main/node.h:446)
SCRIPT ERROR: Invalid access to property or key 'current_scene' on a base object of type 'null instance'.
          at: _on_tree_changed (res://scripts/autoload/persist_manager.gd:290)
ERROR: Parameter "data.tree" is null.
   at: get_tree (scene/main/node.h:446)
SCRIPT ERROR: Invalid access to property or key 'current_scene' on a base object of type 'null instance'.
          at: _on_tree_changed (res://scripts/autoload/screen_shake_manager.gd:171)
ERROR: Parameter "data.tree" is null.
   at: get_tree (scene/main/node.h:446)
SCRIPT ERROR: Invalid access to property or key 'current_scene' on a base object of type 'null instance'.
          at: _on_tree_changed (res://scripts/autoload/impact_effects_manager.gd:1054)
ERROR: Parameter "data.tree" is null.
   at: get_tree (scene/main/node.h:446)
SCRIPT ERROR: Invalid access to property or key 'current_scene' on a base object of type 'null instance'.
          at: _on_tree_changed (res://scripts/autoload/penultimate_hit_effects_manager.gd:551)
ERROR: Parameter "data.tree" is null.
   at: get_tree (scene/main/node.h:446)
SCRIPT ERROR: Invalid access to property or key 'current_scene' on a base object of type 'null instance'.
          at: _on_tree_changed (res://scripts/autoload/last_chance_effects_manager.gd:1418)
ERROR: Parameter "data.tree" is null.
   at: get_tree (scene/main/node.h:446)
SCRIPT ERROR: Invalid access to property or key 'current_scene' on a base object of type 'null instance'.
          at: _on_tree_changed (res://scripts/autoload/cinema_effects_manager.gd:661)
ERROR: Parameter "data.tree" is null.
   at: get_tree (scene/main/node.h:446)
SCRIPT ERROR: Invalid access to property or key 'current_scene' on a base object of type 'null instance'.
          at: _on_tree_changed (res://scripts/autoload/power_fantasy_effects_manager.gd:230)
ERROR: Parameter "data.tree" is null.
   at: get_tree (scene/main/node.h:446)
SCRIPT ERROR: Invalid access to property or key 'current_scene' on a base object of type 'null instance'.
          at: _on_tree_changed (res://scripts/autoload/black_metal_effects_manager.gd:151)
ERROR: Parameter "data.tree" is null.
   at: get_tree (scene/main/node.h:446)
SCRIPT ERROR: Invalid access to property or key 'current_scene' on a base object of type 'null instance'.
          at: _on_tree_changed (res://scripts/autoload/flashbang_player_effects_manager.gd:232)
ERROR: Parameter "data.tree" is null.
   at: get_tree (scene/main/node.h:446)
SCRIPT ERROR: Invalid access to property or key 'current_scene' on a base object of type 'null instance'.
          at: _on_tree_changed (res://scripts/autoload/persist_manager.gd:290)
ERROR: Parameter "data.tree" is null.
   at: get_tree (scene/main/node.h:446)
SCRIPT ERROR: Invalid access to property or key 'current_scene' on a base object of type 'null instance'.
          at: _on_tree_changed (res://scripts/autoload/screen_shake_manager.gd:171)
ERROR: Parameter "data.tree" is null.
   at: get_tree (scene/main/node.h:446)
SCRIPT ERROR: Invalid access to property or key 'current_scene' on a base object of type 'null instance'.
          at: _on_tree_changed (res://scripts/autoload/impact_effects_manager.gd:1054)
ERROR: Parameter "data.tree" is null.
   at: get_tree (scene/main/node.h:446)
SCRIPT ERROR: Invalid access to property or key 'current_scene' on a base object of type 'null instance'.
          at: _on_tree_changed (res://scripts/autoload/penultimate_hit_effects_manager.gd:551)
ERROR: Parameter "data.tree" is null.
   at: get_tree (scene/main/node.h:446)
SCRIPT ERROR: Invalid access to property or key 'current_scene' on a base object of type 'null instance'.
          at: _on_tree_changed (res://scripts/autoload/last_chance_effects_manager.gd:1418)
ERROR: Parameter "data.tree" is null.
   at: get_tree (scene/main/node.h:446)
SCRIPT ERROR: Invalid access to property or key 'current_scene' on a base object of type 'null instance'.
          at: _on_tree_changed (res://scripts/autoload/cinema_effects_manager.gd:661)
ERROR: Parameter "data.tree" is null.
   at: get_tree (scene/main/node.h:446)
SCRIPT ERROR: Invalid access to property or key 'current_scene' on a base object of type 'null instance'.
          at: _on_tree_changed (res://scripts/autoload/power_fantasy_effects_manager.gd:230)
ERROR: Parameter "data.tree" is null.
   at: get_tree (scene/main/node.h:446)
SCRIPT ERROR: Invalid access to property or key 'current_scene' on a base object of type 'null instance'.
          at: _on_tree_changed (res://scripts/autoload/black_metal_effects_manager.gd:151)
ERROR: Parameter "data.tree" is null.
   at: get_tree (scene/main/node.h:446)
SCRIPT ERROR: Invalid access to property or key 'current_scene' on a base object of type 'null instance'.
          at: _on_tree_changed (res://scripts/autoload/flashbang_player_effects_manager.gd:232)
ERROR: Parameter "data.tree" is null.
   at: get_tree (scene/main/node.h:446)
SCRIPT ERROR: Invalid access to property or key 'current_scene' on a base object of type 'null instance'.
          at: _on_tree_changed (res://scripts/autoload/persist_manager.gd:290)
ERROR: Parameter "data.tree" is null.
   at: get_tree (scene/main/node.h:446)
SCRIPT ERROR: Invalid access to property or key 'current_scene' on a base object of type 'null instance'.
          at: _on_tree_changed (res://scripts/autoload/screen_shake_manager.gd:171)
ERROR: Parameter "data.tree" is null.
   at: get_tree (scene/main/node.h:446)
SCRIPT ERROR: Invalid access to property or key 'current_scene' on a base object of type 'null instance'.
          at: _on_tree_changed (res://scripts/autoload/impact_effects_manager.gd:1054)
ERROR: Parameter "data.tree" is null.
   at: get_tree (scene/main/node.h:446)
SCRIPT ERROR: Invalid access to property or key 'current_scene' on a base object of type 'null instance'.
          at: _on_tree_changed (res://scripts/autoload/penultimate_hit_effects_manager.gd:551)
ERROR: Parameter "data.tree" is null.
   at: get_tree (scene/main/node.h:446)
SCRIPT ERROR: Invalid access to property or key 'current_scene' on a base object of type 'null instance'.
          at: _on_tree_changed (res://scripts/autoload/last_chance_effects_manager.gd:1418)
ERROR: Parameter "data.tree" is null.
   at: get_tree (scene/main/node.h:446)
SCRIPT ERROR: Invalid access to property or key 'current_scene' on a base object of type 'null instance'.
          at: _on_tree_changed (res://scripts/autoload/cinema_effects_manager.gd:661)
ERROR: Parameter "data.tree" is null.
   at: get_tree (scene/main/node.h:446)
SCRIPT ERROR: Invalid access to property or key 'current_scene' on a base object of type 'null instance'.
          at: _on_tree_changed (res://scripts/autoload/power_fantasy_effects_manager.gd:230)
ERROR: Parameter "data.tree" is null.
   at: get_tree (scene/main/node.h:446)
SCRIPT ERROR: Invalid access to property or key 'current_scene' on a base object of type 'null instance'.
          at: _on_tree_changed (res://scripts/autoload/black_metal_effects_manager.gd:151)
ERROR: Parameter "data.tree" is null.
   at: get_tree (scene/main/node.h:446)
SCRIPT ERROR: Invalid access to property or key 'current_scene' on a base object of type 'null instance'.
          at: _on_tree_changed (res://scripts/autoload/flashbang_player_effects_manager.gd:232)
ERROR: Parameter "data.tree" is null.
   at: get_tree (scene/main/node.h:446)
SCRIPT ERROR: Invalid access to property or key 'current_scene' on a base object of type 'null instance'.
          at: _on_tree_changed (res://scripts/autoload/persist_manager.gd:290)
ERROR: Parameter "data.tree" is null.
   at: get_tree (scene/main/node.h:446)
SCRIPT ERROR: Invalid access to property or key 'current_scene' on a base object of type 'null instance'.
          at: _on_tree_changed (res://scripts/autoload/screen_shake_manager.gd:171)
ERROR: Parameter "data.tree" is null.
   at: get_tree (scene/main/node.h:446)
SCRIPT ERROR: Invalid access to property or key 'current_scene' on a base object of type 'null instance'.
          at: _on_tree_changed (res://scripts/autoload/impact_effects_manager.gd:1054)
ERROR: Parameter "data.tree" is null.
   at: get_tree (scene/main/node.h:446)
SCRIPT ERROR: Invalid access to property or key 'current_scene' on a base object of type 'null instance'.
          at: _on_tree_changed (res://scripts/autoload/penultimate_hit_effects_manager.gd:551)
ERROR: Parameter "data.tree" is null.
   at: get_tree (scene/main/node.h:446)
SCRIPT ERROR: Invalid access to property or key 'current_scene' on a base object of type 'null instance'.
          at: _on_tree_changed (res://scripts/autoload/last_chance_effects_manager.gd:1418)
ERROR: Parameter "data.tree" is null.
   at: get_tree (scene/main/node.h:446)
SCRIPT ERROR: Invalid access to property or key 'current_scene' on a base object of type 'null instance'.
          at: _on_tree_changed (res://scripts/autoload/cinema_effects_manager.gd:661)
ERROR: Parameter "data.tree" is null.
   at: get_tree (scene/main/node.h:446)
SCRIPT ERROR: Invalid access to property or key 'current_scene' on a base object of type 'null instance'.
          at: _on_tree_changed (res://scripts/autoload/power_fantasy_effects_manager.gd:230)
ERROR: Parameter "data.tree" is null.
   at: get_tree (scene/main/node.h:446)
SCRIPT ERROR: Invalid access to property or key 'current_scene' on a base object of type 'null instance'.
          at: _on_tree_changed (res://scripts/autoload/black_metal_effects_manager.gd:151)
ERROR: Parameter "data.tree" is null.
   at: get_tree (scene/main/node.h:446)
SCRIPT ERROR: Invalid access to property or key 'current_scene' on a base object of type 'null instance'.
          at: _on_tree_changed (res://scripts/autoload/flashbang_player_effects_manager.gd:232)
ERROR: Parameter "data.tree" is null.
   at: get_tree (scene/main/node.h:446)
SCRIPT ERROR: Invalid access to property or key 'current_scene' on a base object of type 'null instance'.
          at: _on_tree_changed (res://scripts/autoload/persist_manager.gd:290)
ERROR: Parameter "data.tree" is null.
   at: get_tree (scene/main/node.h:446)
SCRIPT ERROR: Invalid access to property or key 'current_scene' on a base object of type 'null instance'.
          at: _on_tree_changed (res://scripts/autoload/screen_shake_manager.gd:171)
ERROR: Parameter "data.tree" is null.
   at: get_tree (scene/main/node.h:446)
SCRIPT ERROR: Invalid access to property or key 'current_scene' on a base object of type 'null instance'.
          at: _on_tree_changed (res://scripts/autoload/impact_effects_manager.gd:1054)
ERROR: Parameter "data.tree" is null.
   at: get_tree (scene/main/node.h:446)
SCRIPT ERROR: Invalid access to property or key 'current_scene' on a base object of type 'null instance'.
          at: _on_tree_changed (res://scripts/autoload/penultimate_hit_effects_manager.gd:551)
ERROR: Parameter "data.tree" is null.
   at: get_tree (scene/main/node.h:446)
SCRIPT ERROR: Invalid access to property or key 'current_scene' on a base object of type 'null instance'.
          at: _on_tree_changed (res://scripts/autoload/last_chance_effects_manager.gd:1418)
ERROR: Parameter "data.tree" is null.
   at: get_tree (scene/main/node.h:446)
SCRIPT ERROR: Invalid access to property or key 'current_scene' on a base object of type 'null instance'.
          at: _on_tree_changed (res://scripts/autoload/cinema_effects_manager.gd:661)
ERROR: Parameter "data.tree" is null.
   at: get_tree (scene/main/node.h:446)
SCRIPT ERROR: Invalid access to property or key 'current_scene' on a base object of type 'null instance'.
          at: _on_tree_changed (res://scripts/autoload/power_fantasy_effects_manager.gd:230)
ERROR: Parameter "data.tree" is null.
   at: get_tree (scene/main/node.h:446)
SCRIPT ERROR: Invalid access to property or key 'current_scene' on a base object of type 'null instance'.
          at: _on_tree_changed (res://scripts/autoload/black_metal_effects_manager.gd:151)
ERROR: Parameter "data.tree" is null.
   at: get_tree (scene/main/node.h:446)
SCRIPT ERROR: Invalid access to property or key 'current_scene' on a base object of type 'null instance'.
          at: _on_tree_changed (res://scripts/autoload/flashbang_player_effects_manager.gd:232)
ERROR: Parameter "data.tree" is null.
   at: get_tree (scene/main/node.h:446)
SCRIPT ERROR: Invalid access to property or key 'current_scene' on a base object of type 'null instance'.
          at: _on_tree_changed (res://scripts/autoload/persist_manager.gd:290)
ERROR: Parameter "data.tree" is null.
   at: get_tree (scene/main/node.h:446)
SCRIPT ERROR: Invalid access to property or key 'current_scene' on a base object of type 'null instance'.
          at: _on_tree_changed (res://scripts/autoload/screen_shake_manager.gd:171)
ERROR: Parameter "data.tree" is null.
   at: get_tree (scene/main/node.h:446)
SCRIPT ERROR: Invalid access to property or key 'current_scene' on a base object of type 'null instance'.
          at: _on_tree_changed (res://scripts/autoload/impact_effects_manager.gd:1054)
ERROR: Parameter "data.tree" is null.
   at: get_tree (scene/main/node.h:446)
SCRIPT ERROR: Invalid access to property or key 'current_scene' on a base object of type 'null instance'.
          at: _on_tree_changed (res://scripts/autoload/penultimate_hit_effects_manager.gd:551)
ERROR: Parameter "data.tree" is null.
   at: get_tree (scene/main/node.h:446)
SCRIPT ERROR: Invalid access to property or key 'current_scene' on a base object of type 'null instance'.
          at: _on_tree_changed (res://scripts/autoload/last_chance_effects_manager.gd:1418)
ERROR: Parameter "data.tree" is null.
   at: get_tree (scene/main/node.h:446)
SCRIPT ERROR: Invalid access to property or key 'current_scene' on a base object of type 'null instance'.
          at: _on_tree_changed (res://scripts/autoload/cinema_effects_manager.gd:661)
ERROR: Parameter "data.tree" is null.
   at: get_tree (scene/main/node.h:446)
SCRIPT ERROR: Invalid access to property or key 'current_scene' on a base object of type 'null instance'.
          at: _on_tree_changed (res://scripts/autoload/power_fantasy_effects_manager.gd:230)
ERROR: Parameter "data.tree" is null.
   at: get_tree (scene/main/node.h:446)
SCRIPT ERROR: Invalid access to property or key 'current_scene' on a base object of type 'null instance'.
          at: _on_tree_changed (res://scripts/autoload/black_metal_effects_manager.gd:151)
ERROR: Parameter "data.tree" is null.
   at: get_tree (scene/main/node.h:446)
SCRIPT ERROR: Invalid access to property or key 'current_scene' on a base object of type 'null instance'.
          at: _on_tree_changed (res://scripts/autoload/flashbang_player_effects_manager.gd:232)
ERROR: Parameter "data.tree" is null.
   at: get_tree (scene/main/node.h:446)
SCRIPT ERROR: Invalid access to property or key 'current_scene' on a base object of type 'null instance'.
          at: _on_tree_changed (res://scripts/autoload/persist_manager.gd:290)
ERROR: Parameter "data.tree" is null.
   at: get_tree (scene/main/node.h:446)
SCRIPT ERROR: Invalid access to property or key 'current_scene' on a base object of type 'null instance'.
          at: _on_tree_changed (res://scripts/autoload/screen_shake_manager.gd:171)
ERROR: Parameter "data.tree" is null.
   at: get_tree (scene/main/node.h:446)
SCRIPT ERROR: Invalid access to property or key 'current_scene' on a base object of type 'null instance'.
          at: _on_tree_changed (res://scripts/autoload/impact_effects_manager.gd:1054)
ERROR: Parameter "data.tree" is null.
   at: get_tree (scene/main/node.h:446)
SCRIPT ERROR: Invalid access to property or key 'current_scene' on a base object of type 'null instance'.
          at: _on_tree_changed (res://scripts/autoload/penultimate_hit_effects_manager.gd:551)
ERROR: Parameter "data.tree" is null.
   at: get_tree (scene/main/node.h:446)
SCRIPT ERROR: Invalid access to property or key 'current_scene' on a base object of type 'null instance'.
          at: _on_tree_changed (res://scripts/autoload/last_chance_effects_manager.gd:1418)
ERROR: Parameter "data.tree" is null.
   at: get_tree (scene/main/node.h:446)
SCRIPT ERROR: Invalid access to property or key 'current_scene' on a base object of type 'null instance'.
          at: _on_tree_changed (res://scripts/autoload/cinema_effects_manager.gd:661)
ERROR: Parameter "data.tree" is null.
   at: get_tree (scene/main/node.h:446)
SCRIPT ERROR: Invalid access to property or key 'current_scene' on a base object of type 'null instance'.
          at: _on_tree_changed (res://scripts/autoload/power_fantasy_effects_manager.gd:230)
ERROR: Parameter "data.tree" is null.
   at: get_tree (scene/main/node.h:446)
SCRIPT ERROR: Invalid access to property or key 'current_scene' on a base object of type 'null instance'.
          at: _on_tree_changed (res://scripts/autoload/black_metal_effects_manager.gd:151)
ERROR: Parameter "data.tree" is null.
   at: get_tree (scene/main/node.h:446)
SCRIPT ERROR: Invalid access to property or key 'current_scene' on a base object of type 'null instance'.
          at: _on_tree_changed (res://scripts/autoload/flashbang_player_effects_manager.gd:232)
ERROR: Parameter "data.tree" is null.
   at: get_tree (scene/main/node.h:446)
SCRIPT ERROR: Invalid access to property or key 'current_scene' on a base object of type 'null instance'.
          at: _on_tree_changed (res://scripts/autoload/persist_manager.gd:290)
ERROR: Parameter "data.tree" is null.
   at: get_tree (scene/main/node.h:446)
SCRIPT ERROR: Invalid access to property or key 'current_scene' on a base object of type 'null instance'.
          at: _on_tree_changed (res://scripts/autoload/screen_shake_manager.gd:171)
ERROR: Parameter "data.tree" is null.
   at: get_tree (scene/main/node.h:446)
SCRIPT ERROR: Invalid access to property or key 'current_scene' on a base object of type 'null instance'.
          at: _on_tree_changed (res://scripts/autoload/impact_effects_manager.gd:1054)
ERROR: Parameter "data.tree" is null.
   at: get_tree (scene/main/node.h:446)
SCRIPT ERROR: Invalid access to property or key 'current_scene' on a base object of type 'null instance'.
          at: _on_tree_changed (res://scripts/autoload/penultimate_hit_effects_manager.gd:551)
ERROR: Parameter "data.tree" is null.
   at: get_tree (scene/main/node.h:446)
SCRIPT ERROR: Invalid access to property or key 'current_scene' on a base object of type 'null instance'.
          at: _on_tree_changed (res://scripts/autoload/last_chance_effects_manager.gd:1418)
ERROR: Parameter "data.tree" is null.
   at: get_tree (scene/main/node.h:446)
SCRIPT ERROR: Invalid access to property or key 'current_scene' on a base object of type 'null instance'.
          at: _on_tree_changed (res://scripts/autoload/cinema_effects_manager.gd:661)
ERROR: Parameter "data.tree" is null.
   at: get_tree (scene/main/node.h:446)
SCRIPT ERROR: Invalid access to property or key 'current_scene' on a base object of type 'null instance'.
          at: _on_tree_changed (res://scripts/autoload/power_fantasy_effects_manager.gd:230)
ERROR: Parameter "data.tree" is null.
   at: get_tree (scene/main/node.h:446)
SCRIPT ERROR: Invalid access to property or key 'current_scene' on a base object of type 'null instance'.
          at: _on_tree_changed (res://scripts/autoload/black_metal_effects_manager.gd:151)
ERROR: Parameter "data.tree" is null.
   at: get_tree (scene/main/node.h:446)
SCRIPT ERROR: Invalid access to property or key 'current_scene' on a base object of type 'null instance'.
          at: _on_tree_changed (res://scripts/autoload/flashbang_player_effects_manager.gd:232)
ERROR: Parameter "data.tree" is null.
   at: get_tree (scene/main/node.h:446)
SCRIPT ERROR: Invalid access to property or key 'current_scene' on a base object of type 'null instance'.
          at: _on_tree_changed (res://scripts/autoload/persist_manager.gd:290)
ERROR: Parameter "data.tree" is null.
   at: get_tree (scene/main/node.h:446)
SCRIPT ERROR: Invalid access to property or key 'current_scene' on a base object of type 'null instance'.
          at: _on_tree_changed (res://scripts/autoload/screen_shake_manager.gd:171)
ERROR: Parameter "data.tree" is null.
   at: get_tree (scene/main/node.h:446)
SCRIPT ERROR: Invalid access to property or key 'current_scene' on a base object of type 'null instance'.
          at: _on_tree_changed (res://scripts/autoload/impact_effects_manager.gd:1054)
ERROR: Parameter "data.tree" is null.
   at: get_tree (scene/main/node.h:446)
SCRIPT ERROR: Invalid access to property or key 'current_scene' on a base object of type 'null instance'.
          at: _on_tree_changed (res://scripts/autoload/penultimate_hit_effects_manager.gd:551)
ERROR: Parameter "data.tree" is null.
   at: get_tree (scene/main/node.h:446)
SCRIPT ERROR: Invalid access to property or key 'current_scene' on a base object of type 'null instance'.
          at: _on_tree_changed (res://scripts/autoload/last_chance_effects_manager.gd:1418)
ERROR: Parameter "data.tree" is null.
   at: get_tree (scene/main/node.h:446)
SCRIPT ERROR: Invalid access to property or key 'current_scene' on a base object of type 'null instance'.
          at: _on_tree_changed (res://scripts/autoload/cinema_effects_manager.gd:661)
ERROR: Parameter "data.tree" is null.
   at: get_tree (scene/main/node.h:446)
SCRIPT ERROR: Invalid access to property or key 'current_scene' on a base object of type 'null instance'.
          at: _on_tree_changed (res://scripts/autoload/power_fantasy_effects_manager.gd:230)
ERROR: Parameter "data.tree" is null.
   at: get_tree (scene/main/node.h:446)
SCRIPT ERROR: Invalid access to property or key 'current_scene' on a base object of type 'null instance'.
          at: _on_tree_changed (res://scripts/autoload/black_metal_effects_manager.gd:151)
ERROR: Parameter "data.tree" is null.
   at: get_tree (scene/main/node.h:446)
SCRIPT ERROR: Invalid access to property or key 'current_scene' on a base object of type 'null instance'.
          at: _on_tree_changed (res://scripts/autoload/flashbang_player_effects_manager.gd:232)
ERROR: Parameter "data.tree" is null.
   at: get_tree (scene/main/node.h:446)
SCRIPT ERROR: Invalid access to property or key 'current_scene' on a base object of type 'null instance'.
          at: _on_tree_changed (res://scripts/autoload/persist_manager.gd:290)
ERROR: Parameter "data.tree" is null.
   at: get_tree (scene/main/node.h:446)
SCRIPT ERROR: Invalid access to property or key 'current_scene' on a base object of type 'null instance'.
          at: _on_tree_changed (res://scripts/autoload/screen_shake_manager.gd:171)
ERROR: Parameter "data.tree" is null.
   at: get_tree (scene/main/node.h:446)
SCRIPT ERROR: Invalid access to property or key 'current_scene' on a base object of type 'null instance'.
          at: _on_tree_changed (res://scripts/autoload/impact_effects_manager.gd:1054)
ERROR: Parameter "data.tree" is null.
   at: get_tree (scene/main/node.h:446)
SCRIPT ERROR: Invalid access to property or key 'current_scene' on a base object of type 'null instance'.
          at: _on_tree_changed (res://scripts/autoload/penultimate_hit_effects_manager.gd:551)
ERROR: Parameter "data.tree" is null.
   at: get_tree (scene/main/node.h:446)
SCRIPT ERROR: Invalid access to property or key 'current_scene' on a base object of type 'null instance'.
          at: _on_tree_changed (res://scripts/autoload/last_chance_effects_manager.gd:1418)
ERROR: Parameter "data.tree" is null.
   at: get_tree (scene/main/node.h:446)
SCRIPT ERROR: Invalid access to property or key 'current_scene' on a base object of type 'null instance'.
          at: _on_tree_changed (res://scripts/autoload/cinema_effects_manager.gd:661)
ERROR: Parameter "data.tree" is null.
   at: get_tree (scene/main/node.h:446)
SCRIPT ERROR: Invalid access to property or key 'current_scene' on a base object of type 'null instance'.
          at: _on_tree_changed (res://scripts/autoload/power_fantasy_effects_manager.gd:230)
ERROR: Parameter "data.tree" is null.
   at: get_tree (scene/main/node.h:446)
SCRIPT ERROR: Invalid access to property or key 'current_scene' on a base object of type 'null instance'.
          at: _on_tree_changed (res://scripts/autoload/black_metal_effects_manager.gd:151)
ERROR: Parameter "data.tree" is null.
   at: get_tree (scene/main/node.h:446)
SCRIPT ERROR: Invalid access to property or key 'current_scene' on a base object of type 'null instance'.
          at: _on_tree_changed (res://scripts/autoload/flashbang_player_effects_manager.gd:232)
ERROR: Parameter "data.tree" is null.
   at: get_tree (scene/main/node.h:446)
SCRIPT ERROR: Invalid access to property or key 'current_scene' on a base object of type 'null instance'.
          at: _on_tree_changed (res://scripts/autoload/persist_manager.gd:290)
ERROR: Parameter "data.tree" is null.
   at: get_tree (scene/main/node.h:446)
SCRIPT ERROR: Invalid access to property or key 'current_scene' on a base object of type 'null instance'.
          at: _on_tree_changed (res://scripts/autoload/screen_shake_manager.gd:171)
ERROR: Parameter "data.tree" is null.
   at: get_tree (scene/main/node.h:446)
SCRIPT ERROR: Invalid access to property or key 'current_scene' on a base object of type 'null instance'.
          at: _on_tree_changed (res://scripts/autoload/impact_effects_manager.gd:1054)
ERROR: Parameter "data.tree" is null.
   at: get_tree (scene/main/node.h:446)
SCRIPT ERROR: Invalid access to property or key 'current_scene' on a base object of type 'null instance'.
          at: _on_tree_changed (res://scripts/autoload/penultimate_hit_effects_manager.gd:551)
ERROR: Parameter "data.tree" is null.
   at: get_tree (scene/main/node.h:446)
SCRIPT ERROR: Invalid access to property or key 'current_scene' on a base object of type 'null instance'.
          at: _on_tree_changed (res://scripts/autoload/last_chance_effects_manager.gd:1418)
ERROR: Parameter "data.tree" is null.
   at: get_tree (scene/main/node.h:446)
SCRIPT ERROR: Invalid access to property or key 'current_scene' on a base object of type 'null instance'.
          at: _on_tree_changed (res://scripts/autoload/cinema_effects_manager.gd:661)
ERROR: Parameter "data.tree" is null.
   at: get_tree (scene/main/node.h:446)
SCRIPT ERROR: Invalid access to property or key 'current_scene' on a base object of type 'null instance'.
          at: _on_tree_changed (res://scripts/autoload/power_fantasy_effects_manager.gd:230)
ERROR: Parameter "data.tree" is null.
   at: get_tree (scene/main/node.h:446)
SCRIPT ERROR: Invalid access to property or key 'current_scene' on a base object of type 'null instance'.
          at: _on_tree_changed (res://scripts/autoload/black_metal_effects_manager.gd:151)
ERROR: Parameter "data.tree" is null.
   at: get_tree (scene/main/node.h:446)
SCRIPT ERROR: Invalid access to property or key 'current_scene' on a base object of type 'null instance'.
          at: _on_tree_changed (res://scripts/autoload/flashbang_player_effects_manager.gd:232)
ERROR: Parameter "data.tree" is null.
   at: get_tree (scene/main/node.h:446)
SCRIPT ERROR: Invalid access to property or key 'current_scene' on a base object of type 'null instance'.
          at: _on_tree_changed (res://scripts/autoload/persist_manager.gd:290)
ERROR: Parameter "data.tree" is null.
   at: get_tree (scene/main/node.h:446)
SCRIPT ERROR: Invalid access to property or key 'current_scene' on a base object of type 'null instance'.
          at: _on_tree_changed (res://scripts/autoload/screen_shake_manager.gd:171)
ERROR: Parameter "data.tree" is null.
   at: get_tree (scene/main/node.h:446)
SCRIPT ERROR: Invalid access to property or key 'current_scene' on a base object of type 'null instance'.
          at: _on_tree_changed (res://scripts/autoload/impact_effects_manager.gd:1054)
ERROR: Parameter "data.tree" is null.
   at: get_tree (scene/main/node.h:446)
SCRIPT ERROR: Invalid access to property or key 'current_scene' on a base object of type 'null instance'.
          at: _on_tree_changed (res://scripts/autoload/penultimate_hit_effects_manager.gd:551)
ERROR: Parameter "data.tree" is null.
   at: get_tree (scene/main/node.h:446)
SCRIPT ERROR: Invalid access to property or key 'current_scene' on a base object of type 'null instance'.
          at: _on_tree_changed (res://scripts/autoload/last_chance_effects_manager.gd:1418)
ERROR: Parameter "data.tree" is null.
   at: get_tree (scene/main/node.h:446)
SCRIPT ERROR: Invalid access to property or key 'current_scene' on a base object of type 'null instance'.
          at: _on_tree_changed (res://scripts/autoload/cinema_effects_manager.gd:661)
ERROR: Parameter "data.tree" is null.
   at: get_tree (scene/main/node.h:446)
SCRIPT ERROR: Invalid access to property or key 'current_scene' on a base object of type 'null instance'.
          at: _on_tree_changed (res://scripts/autoload/power_fantasy_effects_manager.gd:230)
ERROR: Parameter "data.tree" is null.
   at: get_tree (scene/main/node.h:446)
SCRIPT ERROR: Invalid access to property or key 'current_scene' on a base object of type 'null instance'.
          at: _on_tree_changed (res://scripts/autoload/black_metal_effects_manager.gd:151)
ERROR: Parameter "data.tree" is null.
   at: get_tree (scene/main/node.h:446)
SCRIPT ERROR: Invalid access to property or key 'current_scene' on a base object of type 'null instance'.
          at: _on_tree_changed (res://scripts/autoload/flashbang_player_effects_manager.gd:232)
ERROR: Parameter "data.tree" is null.
   at: get_tree (scene/main/node.h:446)
SCRIPT ERROR: Invalid access to property or key 'current_scene' on a base object of type 'null instance'.
          at: _on_tree_changed (res://scripts/autoload/persist_manager.gd:290)
ERROR: Parameter "data.tree" is null.
   at: get_tree (scene/main/node.h:446)
SCRIPT ERROR: Invalid access to property or key 'current_scene' on a base object of type 'null instance'.
          at: _on_tree_changed (res://scripts/autoload/screen_shake_manager.gd:171)
ERROR: Parameter "data.tree" is null.
   at: get_tree (scene/main/node.h:446)
SCRIPT ERROR: Invalid access to property or key 'current_scene' on a base object of type 'null instance'.
          at: _on_tree_changed (res://scripts/autoload/impact_effects_manager.gd:1054)
ERROR: Parameter "data.tree" is null.
   at: get_tree (scene/main/node.h:446)
SCRIPT ERROR: Invalid access to property or key 'current_scene' on a base object of type 'null instance'.
          at: _on_tree_changed (res://scripts/autoload/penultimate_hit_effects_manager.gd:551)
ERROR: Parameter "data.tree" is null.
   at: get_tree (scene/main/node.h:446)
SCRIPT ERROR: Invalid access to property or key 'current_scene' on a base object of type 'null instance'.
          at: _on_tree_changed (res://scripts/autoload/last_chance_effects_manager.gd:1418)
ERROR: Parameter "data.tree" is null.
   at: get_tree (scene/main/node.h:446)
SCRIPT ERROR: Invalid access to property or key 'current_scene' on a base object of type 'null instance'.
          at: _on_tree_changed (res://scripts/autoload/cinema_effects_manager.gd:661)
ERROR: Parameter "data.tree" is null.
   at: get_tree (scene/main/node.h:446)
SCRIPT ERROR: Invalid access to property or key 'current_scene' on a base object of type 'null instance'.
          at: _on_tree_changed (res://scripts/autoload/power_fantasy_effects_manager.gd:230)
ERROR: Parameter "data.tree" is null.
   at: get_tree (scene/main/node.h:446)
SCRIPT ERROR: Invalid access to property or key 'current_scene' on a base object of type 'null instance'.
          at: _on_tree_changed (res://scripts/autoload/black_metal_effects_manager.gd:151)
ERROR: Parameter "data.tree" is null.
   at: get_tree (scene/main/node.h:446)
SCRIPT ERROR: Invalid access to property or key 'current_scene' on a base object of type 'null instance'.
          at: _on_tree_changed (res://scripts/autoload/flashbang_player_effects_manager.gd:232)
ERROR: Parameter "data.tree" is null.
   at: get_tree (scene/main/node.h:446)
SCRIPT ERROR: Invalid access to property or key 'current_scene' on a base object of type 'null instance'.
          at: _on_tree_changed (res://scripts/autoload/persist_manager.gd:290)
ERROR: Parameter "data.tree" is null.
   at: get_tree (scene/main/node.h:446)
SCRIPT ERROR: Invalid access to property or key 'current_scene' on a base object of type 'null instance'.
          at: _on_tree_changed (res://scripts/autoload/screen_shake_manager.gd:171)
ERROR: Parameter "data.tree" is null.
   at: get_tree (scene/main/node.h:446)
SCRIPT ERROR: Invalid access to property or key 'current_scene' on a base object of type 'null instance'.
          at: _on_tree_changed (res://scripts/autoload/impact_effects_manager.gd:1054)
ERROR: Parameter "data.tree" is null.
   at: get_tree (scene/main/node.h:446)
SCRIPT ERROR: Invalid access to property or key 'current_scene' on a base object of type 'null instance'.
          at: _on_tree_changed (res://scripts/autoload/penultimate_hit_effects_manager.gd:551)
ERROR: Parameter "data.tree" is null.
   at: get_tree (scene/main/node.h:446)
SCRIPT ERROR: Invalid access to property or key 'current_scene' on a base object of type 'null instance'.
          at: _on_tree_changed (res://scripts/autoload/last_chance_effects_manager.gd:1418)
ERROR: Parameter "data.tree" is null.
   at: get_tree (scene/main/node.h:446)
SCRIPT ERROR: Invalid access to property or key 'current_scene' on a base object of type 'null instance'.
          at: _on_tree_changed (res://scripts/autoload/cinema_effects_manager.gd:661)
ERROR: Parameter "data.tree" is null.
   at: get_tree (scene/main/node.h:446)
SCRIPT ERROR: Invalid access to property or key 'current_scene' on a base object of type 'null instance'.
          at: _on_tree_changed (res://scripts/autoload/power_fantasy_effects_manager.gd:230)
ERROR: Parameter "data.tree" is null.
   at: get_tree (scene/main/node.h:446)
SCRIPT ERROR: Invalid access to property or key 'current_scene' on a base object of type 'null instance'.
          at: _on_tree_changed (res://scripts/autoload/black_metal_effects_manager.gd:151)
ERROR: Parameter "data.tree" is null.
   at: get_tree (scene/main/node.h:446)
SCRIPT ERROR: Invalid access to property or key 'current_scene' on a base object of type 'null instance'.
          at: _on_tree_changed (res://scripts/autoload/flashbang_player_effects_manager.gd:232)
ERROR: Parameter "data.tree" is null.
   at: get_tree (scene/main/node.h:446)
SCRIPT ERROR: Invalid access to property or key 'current_scene' on a base object of type 'null instance'.
          at: _on_tree_changed (res://scripts/autoload/persist_manager.gd:290)
ERROR: Parameter "data.tree" is null.
   at: get_tree (scene/main/node.h:446)
SCRIPT ERROR: Invalid access to property or key 'current_scene' on a base object of type 'null instance'.
          at: _on_tree_changed (res://scripts/autoload/screen_shake_manager.gd:171)
ERROR: Parameter "data.tree" is null.
   at: get_tree (scene/main/node.h:446)
SCRIPT ERROR: Invalid access to property or key 'current_scene' on a base object of type 'null instance'.
          at: _on_tree_changed (res://scripts/autoload/impact_effects_manager.gd:1054)
ERROR: Parameter "data.tree" is null.
   at: get_tree (scene/main/node.h:446)
SCRIPT ERROR: Invalid access to property or key 'current_scene' on a base object of type 'null instance'.
          at: _on_tree_changed (res://scripts/autoload/penultimate_hit_effects_manager.gd:551)
ERROR: Parameter "data.tree" is null.
   at: get_tree (scene/main/node.h:446)
SCRIPT ERROR: Invalid access to property or key 'current_scene' on a base object of type 'null instance'.
          at: _on_tree_changed (res://scripts/autoload/last_chance_effects_manager.gd:1418)
ERROR: Parameter "data.tree" is null.
   at: get_tree (scene/main/node.h:446)
SCRIPT ERROR: Invalid access to property or key 'current_scene' on a base object of type 'null instance'.
          at: _on_tree_changed (res://scripts/autoload/cinema_effects_manager.gd:661)
ERROR: Parameter "data.tree" is null.
   at: get_tree (scene/main/node.h:446)
SCRIPT ERROR: Invalid access to property or key 'current_scene' on a base object of type 'null instance'.
          at: _on_tree_changed (res://scripts/autoload/power_fantasy_effects_manager.gd:230)
ERROR: Parameter "data.tree" is null.
   at: get_tree (scene/main/node.h:446)
SCRIPT ERROR: Invalid access to property or key 'current_scene' on a base object of type 'null instance'.
          at: _on_tree_changed (res://scripts/autoload/black_metal_effects_manager.gd:151)
ERROR: Parameter "data.tree" is null.
   at: get_tree (scene/main/node.h:446)
SCRIPT ERROR: Invalid access to property or key 'current_scene' on a base object of type 'null instance'.
          at: _on_tree_changed (res://scripts/autoload/flashbang_player_effects_manager.gd:232)
ERROR: Parameter "data.tree" is null.
   at: get_tree (scene/main/node.h:446)
SCRIPT ERROR: Invalid access to property or key 'current_scene' on a base object of type 'null instance'.
          at: _on_tree_changed (res://scripts/autoload/persist_manager.gd:290)
ERROR: Parameter "data.tree" is null.
   at: get_tree (scene/main/node.h:446)
SCRIPT ERROR: Invalid access to property or key 'current_scene' on a base object of type 'null instance'.
          at: _on_tree_changed (res://scripts/autoload/screen_shake_manager.gd:171)
ERROR: Parameter "data.tree" is null.
   at: get_tree (scene/main/node.h:446)
SCRIPT ERROR: Invalid access to property or key 'current_scene' on a base object of type 'null instance'.
          at: _on_tree_changed (res://scripts/autoload/impact_effects_manager.gd:1054)
ERROR: Parameter "data.tree" is null.
   at: get_tree (scene/main/node.h:446)
SCRIPT ERROR: Invalid access to property or key 'current_scene' on a base object of type 'null instance'.
          at: _on_tree_changed (res://scripts/autoload/penultimate_hit_effects_manager.gd:551)
ERROR: Parameter "data.tree" is null.
   at: get_tree (scene/main/node.h:446)
SCRIPT ERROR: Invalid access to property or key 'current_scene' on a base object of type 'null instance'.
          at: _on_tree_changed (res://scripts/autoload/last_chance_effects_manager.gd:1418)
ERROR: Parameter "data.tree" is null.
   at: get_tree (scene/main/node.h:446)
SCRIPT ERROR: Invalid access to property or key 'current_scene' on a base object of type 'null instance'.
          at: _on_tree_changed (res://scripts/autoload/cinema_effects_manager.gd:661)
ERROR: Parameter "data.tree" is null.
   at: get_tree (scene/main/node.h:446)
SCRIPT ERROR: Invalid access to property or key 'current_scene' on a base object of type 'null instance'.
          at: _on_tree_changed (res://scripts/autoload/power_fantasy_effects_manager.gd:230)
ERROR: Parameter "data.tree" is null.
   at: get_tree (scene/main/node.h:446)
SCRIPT ERROR: Invalid access to property or key 'current_scene' on a base object of type 'null instance'.
          at: _on_tree_changed (res://scripts/autoload/black_metal_effects_manager.gd:151)
ERROR: Parameter "data.tree" is null.
   at: get_tree (scene/main/node.h:446)
SCRIPT ERROR: Invalid access to property or key 'current_scene' on a base object of type 'null instance'.
          at: _on_tree_changed (res://scripts/autoload/flashbang_player_effects_manager.gd:232)
ERROR: Parameter "data.tree" is null.
   at: get_tree (scene/main/node.h:446)
SCRIPT ERROR: Invalid access to property or key 'current_scene' on a base object of type 'null instance'.
          at: _on_tree_changed (res://scripts/autoload/persist_manager.gd:290)
ERROR: Parameter "data.tree" is null.
   at: get_tree (scene/main/node.h:446)
SCRIPT ERROR: Invalid access to property or key 'current_scene' on a base object of type 'null instance'.
          at: _on_tree_changed (res://scripts/autoload/screen_shake_manager.gd:171)
ERROR: Parameter "data.tree" is null.
   at: get_tree (scene/main/node.h:446)
SCRIPT ERROR: Invalid access to property or key 'current_scene' on a base object of type 'null instance'.
          at: _on_tree_changed (res://scripts/autoload/impact_effects_manager.gd:1054)
ERROR: Parameter "data.tree" is null.
   at: get_tree (scene/main/node.h:446)
SCRIPT ERROR: Invalid access to property or key 'current_scene' on a base object of type 'null instance'.
          at: _on_tree_changed (res://scripts/autoload/penultimate_hit_effects_manager.gd:551)
ERROR: Parameter "data.tree" is null.
   at: get_tree (scene/main/node.h:446)
SCRIPT ERROR: Invalid access to property or key 'current_scene' on a base object of type 'null instance'.
          at: _on_tree_changed (res://scripts/autoload/last_chance_effects_manager.gd:1418)
ERROR: Parameter "data.tree" is null.
   at: get_tree (scene/main/node.h:446)
SCRIPT ERROR: Invalid access to property or key 'current_scene' on a base object of type 'null instance'.
          at: _on_tree_changed (res://scripts/autoload/cinema_effects_manager.gd:661)
ERROR: Parameter "data.tree" is null.
   at: get_tree (scene/main/node.h:446)
SCRIPT ERROR: Invalid access to property or key 'current_scene' on a base object of type 'null instance'.
          at: _on_tree_changed (res://scripts/autoload/power_fantasy_effects_manager.gd:230)
ERROR: Parameter "data.tree" is null.
   at: get_tree (scene/main/node.h:446)
SCRIPT ERROR: Invalid access to property or key 'current_scene' on a base object of type 'null instance'.
          at: _on_tree_changed (res://scripts/autoload/black_metal_effects_manager.gd:151)
ERROR: Parameter "data.tree" is null.
   at: get_tree (scene/main/node.h:446)
SCRIPT ERROR: Invalid access to property or key 'current_scene' on a base object of type 'null instance'.
          at: _on_tree_changed (res://scripts/autoload/flashbang_player_effects_manager.gd:232)
ERROR: Parameter "data.tree" is null.
   at: get_tree (scene/main/node.h:446)
SCRIPT ERROR: Invalid access to property or key 'current_scene' on a base object of type 'null instance'.
          at: _on_tree_changed (res://scripts/autoload/persist_manager.gd:290)
ERROR: Parameter "data.tree" is null.
   at: get_tree (scene/main/node.h:446)
SCRIPT ERROR: Invalid access to property or key 'current_scene' on a base object of type 'null instance'.
          at: _on_tree_changed (res://scripts/autoload/screen_shake_manager.gd:171)
ERROR: Parameter "data.tree" is null.
   at: get_tree (scene/main/node.h:446)
SCRIPT ERROR: Invalid access to property or key 'current_scene' on a base object of type 'null instance'.
          at: _on_tree_changed (res://scripts/autoload/impact_effects_manager.gd:1054)
ERROR: Parameter "data.tree" is null.
   at: get_tree (scene/main/node.h:446)
SCRIPT ERROR: Invalid access to property or key 'current_scene' on a base object of type 'null instance'.
          at: _on_tree_changed (res://scripts/autoload/penultimate_hit_effects_manager.gd:551)
ERROR: Parameter "data.tree" is null.
   at: get_tree (scene/main/node.h:446)
SCRIPT ERROR: Invalid access to property or key 'current_scene' on a base object of type 'null instance'.
          at: _on_tree_changed (res://scripts/autoload/last_chance_effects_manager.gd:1418)
ERROR: Parameter "data.tree" is null.
   at: get_tree (scene/main/node.h:446)
SCRIPT ERROR: Invalid access to property or key 'current_scene' on a base object of type 'null instance'.
          at: _on_tree_changed (res://scripts/autoload/cinema_effects_manager.gd:661)
ERROR: Parameter "data.tree" is null.
   at: get_tree (scene/main/node.h:446)
SCRIPT ERROR: Invalid access to property or key 'current_scene' on a base object of type 'null instance'.
          at: _on_tree_changed (res://scripts/autoload/power_fantasy_effects_manager.gd:230)
ERROR: Parameter "data.tree" is null.
   at: get_tree (scene/main/node.h:446)
SCRIPT ERROR: Invalid access to property or key 'current_scene' on a base object of type 'null instance'.
          at: _on_tree_changed (res://scripts/autoload/black_metal_effects_manager.gd:151)
ERROR: Parameter "data.tree" is null.
   at: get_tree (scene/main/node.h:446)
SCRIPT ERROR: Invalid access to property or key 'current_scene' on a base object of type 'null instance'.
          at: _on_tree_changed (res://scripts/autoload/flashbang_player_effects_manager.gd:232)
ERROR: Parameter "data.tree" is null.
   at: get_tree (scene/main/node.h:446)
SCRIPT ERROR: Invalid access to property or key 'current_scene' on a base object of type 'null instance'.
          at: _on_tree_changed (res://scripts/autoload/persist_manager.gd:290)
ERROR: Parameter "data.tree" is null.
   at: get_tree (scene/main/node.h:446)
SCRIPT ERROR: Invalid access to property or key 'current_scene' on a base object of type 'null instance'.
          at: _on_tree_changed (res://scripts/autoload/screen_shake_manager.gd:171)
ERROR: Parameter "data.tree" is null.
   at: get_tree (scene/main/node.h:446)
SCRIPT ERROR: Invalid access to property or key 'current_scene' on a base object of type 'null instance'.
          at: _on_tree_changed (res://scripts/autoload/impact_effects_manager.gd:1054)
ERROR: Parameter "data.tree" is null.
   at: get_tree (scene/main/node.h:446)
SCRIPT ERROR: Invalid access to property or key 'current_scene' on a base object of type 'null instance'.
          at: _on_tree_changed (res://scripts/autoload/penultimate_hit_effects_manager.gd:551)
ERROR: Parameter "data.tree" is null.
   at: get_tree (scene/main/node.h:446)
SCRIPT ERROR: Invalid access to property or key 'current_scene' on a base object of type 'null instance'.
          at: _on_tree_changed (res://scripts/autoload/last_chance_effects_manager.gd:1418)
ERROR: Parameter "data.tree" is null.
   at: get_tree (scene/main/node.h:446)
SCRIPT ERROR: Invalid access to property or key 'current_scene' on a base object of type 'null instance'.
          at: _on_tree_changed (res://scripts/autoload/cinema_effects_manager.gd:661)
ERROR: Parameter "data.tree" is null.
   at: get_tree (scene/main/node.h:446)
SCRIPT ERROR: Invalid access to property or key 'current_scene' on a base object of type 'null instance'.
          at: _on_tree_changed (res://scripts/autoload/power_fantasy_effects_manager.gd:230)
ERROR: Parameter "data.tree" is null.
   at: get_tree (scene/main/node.h:446)
SCRIPT ERROR: Invalid access to property or key 'current_scene' on a base object of type 'null instance'.
          at: _on_tree_changed (res://scripts/autoload/black_metal_effects_manager.gd:151)
ERROR: Parameter "data.tree" is null.
   at: get_tree (scene/main/node.h:446)
SCRIPT ERROR: Invalid access to property or key 'current_scene' on a base object of type 'null instance'.
          at: _on_tree_changed (res://scripts/autoload/flashbang_player_effects_manager.gd:232)
ERROR: Parameter "data.tree" is null.
   at: get_tree (scene/main/node.h:446)
SCRIPT ERROR: Invalid access to property or key 'current_scene' on a base object of type 'null instance'.
          at: _on_tree_changed (res://scripts/autoload/persist_manager.gd:290)
ERROR: Parameter "data.tree" is null.
   at: get_tree (scene/main/node.h:446)
SCRIPT ERROR: Invalid access to property or key 'current_scene' on a base object of type 'null instance'.
          at: _on_tree_changed (res://scripts/autoload/screen_shake_manager.gd:171)
ERROR: Parameter "data.tree" is null.
   at: get_tree (scene/main/node.h:446)
SCRIPT ERROR: Invalid access to property or key 'current_scene' on a base object of type 'null instance'.
          at: _on_tree_changed (res://scripts/autoload/impact_effects_manager.gd:1054)
ERROR: Parameter "data.tree" is null.
   at: get_tree (scene/main/node.h:446)
SCRIPT ERROR: Invalid access to property or key 'current_scene' on a base object of type 'null instance'.
          at: _on_tree_changed (res://scripts/autoload/penultimate_hit_effects_manager.gd:551)
ERROR: Parameter "data.tree" is null.
   at: get_tree (scene/main/node.h:446)
SCRIPT ERROR: Invalid access to property or key 'current_scene' on a base object of type 'null instance'.
          at: _on_tree_changed (res://scripts/autoload/last_chance_effects_manager.gd:1418)
ERROR: Parameter "data.tree" is null.
   at: get_tree (scene/main/node.h:446)
SCRIPT ERROR: Invalid access to property or key 'current_scene' on a base object of type 'null instance'.
          at: _on_tree_changed (res://scripts/autoload/cinema_effects_manager.gd:661)
ERROR: Parameter "data.tree" is null.
   at: get_tree (scene/main/node.h:446)
SCRIPT ERROR: Invalid access to property or key 'current_scene' on a base object of type 'null instance'.
          at: _on_tree_changed (res://scripts/autoload/power_fantasy_effects_manager.gd:230)
ERROR: Parameter "data.tree" is null.
   at: get_tree (scene/main/node.h:446)
SCRIPT ERROR: Invalid access to property or key 'current_scene' on a base object of type 'null instance'.
          at: _on_tree_changed (res://scripts/autoload/black_metal_effects_manager.gd:151)
ERROR: Parameter "data.tree" is null.
   at: get_tree (scene/main/node.h:446)
SCRIPT ERROR: Invalid access to property or key 'current_scene' on a base object of type 'null instance'.
          at: _on_tree_changed (res://scripts/autoload/flashbang_player_effects_manager.gd:232)
ERROR: Parameter "data.tree" is null.
   at: get_tree (scene/main/node.h:446)
SCRIPT ERROR: Invalid access to property or key 'current_scene' on a base object of type 'null instance'.
          at: _on_tree_changed (res://scripts/autoload/persist_manager.gd:290)
ERROR: Parameter "data.tree" is null.
   at: get_tree (scene/main/node.h:446)
SCRIPT ERROR: Invalid access to property or key 'current_scene' on a base object of type 'null instance'.
          at: _on_tree_changed (res://scripts/autoload/screen_shake_manager.gd:171)
ERROR: Parameter "data.tree" is null.
   at: get_tree (scene/main/node.h:446)
SCRIPT ERROR: Invalid access to property or key 'current_scene' on a base object of type 'null instance'.
          at: _on_tree_changed (res://scripts/autoload/impact_effects_manager.gd:1054)
ERROR: Parameter "data.tree" is null.
   at: get_tree (scene/main/node.h:446)
SCRIPT ERROR: Invalid access to property or key 'current_scene' on a base object of type 'null instance'.
          at: _on_tree_changed (res://scripts/autoload/penultimate_hit_effects_manager.gd:551)
ERROR: Parameter "data.tree" is null.
   at: get_tree (scene/main/node.h:446)
SCRIPT ERROR: Invalid access to property or key 'current_scene' on a base object of type 'null instance'.
          at: _on_tree_changed (res://scripts/autoload/last_chance_effects_manager.gd:1418)
ERROR: Parameter "data.tree" is null.
   at: get_tree (scene/main/node.h:446)
SCRIPT ERROR: Invalid access to property or key 'current_scene' on a base object of type 'null instance'.
          at: _on_tree_changed (res://scripts/autoload/cinema_effects_manager.gd:661)
ERROR: Parameter "data.tree" is null.
   at: get_tree (scene/main/node.h:446)
SCRIPT ERROR: Invalid access to property or key 'current_scene' on a base object of type 'null instance'.
          at: _on_tree_changed (res://scripts/autoload/power_fantasy_effects_manager.gd:230)
ERROR: Parameter "data.tree" is null.
   at: get_tree (scene/main/node.h:446)
SCRIPT ERROR: Invalid access to property or key 'current_scene' on a base object of type 'null instance'.
          at: _on_tree_changed (res://scripts/autoload/black_metal_effects_manager.gd:151)
ERROR: Parameter "data.tree" is null.
   at: get_tree (scene/main/node.h:446)
SCRIPT ERROR: Invalid access to property or key 'current_scene' on a base object of type 'null instance'.
          at: _on_tree_changed (res://scripts/autoload/flashbang_player_effects_manager.gd:232)
ERROR: Parameter "data.tree" is null.
   at: get_tree (scene/main/node.h:446)
SCRIPT ERROR: Invalid access to property or key 'current_scene' on a base object of type 'null instance'.
          at: _on_tree_changed (res://scripts/autoload/persist_manager.gd:290)
ERROR: Parameter "data.tree" is null.
   at: get_tree (scene/main/node.h:446)
SCRIPT ERROR: Invalid access to property or key 'current_scene' on a base object of type 'null instance'.
          at: _on_tree_changed (res://scripts/autoload/screen_shake_manager.gd:171)
ERROR: Parameter "data.tree" is null.
   at: get_tree (scene/main/node.h:446)
SCRIPT ERROR: Invalid access to property or key 'current_scene' on a base object of type 'null instance'.
          at: _on_tree_changed (res://scripts/autoload/impact_effects_manager.gd:1054)
ERROR: Parameter "data.tree" is null.
   at: get_tree (scene/main/node.h:446)
SCRIPT ERROR: Invalid access to property or key 'current_scene' on a base object of type 'null instance'.
          at: _on_tree_changed (res://scripts/autoload/penultimate_hit_effects_manager.gd:551)
ERROR: Parameter "data.tree" is null.
   at: get_tree (scene/main/node.h:446)
SCRIPT ERROR: Invalid access to property or key 'current_scene' on a base object of type 'null instance'.
          at: _on_tree_changed (res://scripts/autoload/last_chance_effects_manager.gd:1418)
ERROR: Parameter "data.tree" is null.
   at: get_tree (scene/main/node.h:446)
SCRIPT ERROR: Invalid access to property or key 'current_scene' on a base object of type 'null instance'.
          at: _on_tree_changed (res://scripts/autoload/cinema_effects_manager.gd:661)
ERROR: Parameter "data.tree" is null.
   at: get_tree (scene/main/node.h:446)
SCRIPT ERROR: Invalid access to property or key 'current_scene' on a base object of type 'null instance'.
          at: _on_tree_changed (res://scripts/autoload/power_fantasy_effects_manager.gd:230)
ERROR: Parameter "data.tree" is null.
   at: get_tree (scene/main/node.h:446)
SCRIPT ERROR: Invalid access to property or key 'current_scene' on a base object of type 'null instance'.
          at: _on_tree_changed (res://scripts/autoload/black_metal_effects_manager.gd:151)
ERROR: Parameter "data.tree" is null.
   at: get_tree (scene/main/node.h:446)
SCRIPT ERROR: Invalid access to property or key 'current_scene' on a base object of type 'null instance'.
          at: _on_tree_changed (res://scripts/autoload/flashbang_player_effects_manager.gd:232)
ERROR: Parameter "data.tree" is null.
   at: get_tree (scene/main/node.h:446)
SCRIPT ERROR: Invalid access to property or key 'current_scene' on a base object of type 'null instance'.
          at: _on_tree_changed (res://scripts/autoload/persist_manager.gd:290)
ERROR: Parameter "data.tree" is null.
   at: get_tree (scene/main/node.h:446)
SCRIPT ERROR: Invalid access to property or key 'current_scene' on a base object of type 'null instance'.
          at: _on_tree_changed (res://scripts/autoload/screen_shake_manager.gd:171)
ERROR: Parameter "data.tree" is null.
   at: get_tree (scene/main/node.h:446)
SCRIPT ERROR: Invalid access to property or key 'current_scene' on a base object of type 'null instance'.
          at: _on_tree_changed (res://scripts/autoload/impact_effects_manager.gd:1054)
ERROR: Parameter "data.tree" is null.
   at: get_tree (scene/main/node.h:446)
SCRIPT ERROR: Invalid access to property or key 'current_scene' on a base object of type 'null instance'.
          at: _on_tree_changed (res://scripts/autoload/penultimate_hit_effects_manager.gd:551)
ERROR: Parameter "data.tree" is null.
   at: get_tree (scene/main/node.h:446)
SCRIPT ERROR: Invalid access to property or key 'current_scene' on a base object of type 'null instance'.
          at: _on_tree_changed (res://scripts/autoload/last_chance_effects_manager.gd:1418)
ERROR: Parameter "data.tree" is null.
   at: get_tree (scene/main/node.h:446)
SCRIPT ERROR: Invalid access to property or key 'current_scene' on a base object of type 'null instance'.
          at: _on_tree_changed (res://scripts/autoload/cinema_effects_manager.gd:661)
ERROR: Parameter "data.tree" is null.
   at: get_tree (scene/main/node.h:446)
SCRIPT ERROR: Invalid access to property or key 'current_scene' on a base object of type 'null instance'.
          at: _on_tree_changed (res://scripts/autoload/power_fantasy_effects_manager.gd:230)
ERROR: Parameter "data.tree" is null.
   at: get_tree (scene/main/node.h:446)
SCRIPT ERROR: Invalid access to property or key 'current_scene' on a base object of type 'null instance'.
          at: _on_tree_changed (res://scripts/autoload/black_metal_effects_manager.gd:151)
ERROR: Parameter "data.tree" is null.
   at: get_tree (scene/main/node.h:446)
SCRIPT ERROR: Invalid access to property or key 'current_scene' on a base object of type 'null instance'.
          at: _on_tree_changed (res://scripts/autoload/flashbang_player_effects_manager.gd:232)
ERROR: Parameter "data.tree" is null.
   at: get_tree (scene/main/node.h:446)
SCRIPT ERROR: Invalid access to property or key 'current_scene' on a base object of type 'null instance'.
          at: _on_tree_changed (res://scripts/autoload/persist_manager.gd:290)
ERROR: Parameter "data.tree" is null.
   at: get_tree (scene/main/node.h:446)
SCRIPT ERROR: Invalid access to property or key 'current_scene' on a base object of type 'null instance'.
          at: _on_tree_changed (res://scripts/autoload/screen_shake_manager.gd:171)
ERROR: Parameter "data.tree" is null.
   at: get_tree (scene/main/node.h:446)
SCRIPT ERROR: Invalid access to property or key 'current_scene' on a base object of type 'null instance'.
          at: _on_tree_changed (res://scripts/autoload/impact_effects_manager.gd:1054)
ERROR: Parameter "data.tree" is null.
   at: get_tree (scene/main/node.h:446)
SCRIPT ERROR: Invalid access to property or key 'current_scene' on a base object of type 'null instance'.
          at: _on_tree_changed (res://scripts/autoload/penultimate_hit_effects_manager.gd:551)
ERROR: Parameter "data.tree" is null.
   at: get_tree (scene/main/node.h:446)
SCRIPT ERROR: Invalid access to property or key 'current_scene' on a base object of type 'null instance'.
          at: _on_tree_changed (res://scripts/autoload/last_chance_effects_manager.gd:1418)
ERROR: Parameter "data.tree" is null.
   at: get_tree (scene/main/node.h:446)
SCRIPT ERROR: Invalid access to property or key 'current_scene' on a base object of type 'null instance'.
          at: _on_tree_changed (res://scripts/autoload/cinema_effects_manager.gd:661)
ERROR: Parameter "data.tree" is null.
   at: get_tree (scene/main/node.h:446)
SCRIPT ERROR: Invalid access to property or key 'current_scene' on a base object of type 'null instance'.
          at: _on_tree_changed (res://scripts/autoload/power_fantasy_effects_manager.gd:230)
ERROR: Parameter "data.tree" is null.
   at: get_tree (scene/main/node.h:446)
SCRIPT ERROR: Invalid access to property or key 'current_scene' on a base object of type 'null instance'.
          at: _on_tree_changed (res://scripts/autoload/black_metal_effects_manager.gd:151)
ERROR: Parameter "data.tree" is null.
   at: get_tree (scene/main/node.h:446)
SCRIPT ERROR: Invalid access to property or key 'current_scene' on a base object of type 'null instance'.
          at: _on_tree_changed (res://scripts/autoload/flashbang_player_effects_manager.gd:232)
ERROR: Parameter "data.tree" is null.
   at: get_tree (scene/main/node.h:446)
SCRIPT ERROR: Invalid access to property or key 'current_scene' on a base object of type 'null instance'.
          at: _on_tree_changed (res://scripts/autoload/persist_manager.gd:290)
ERROR: Parameter "data.tree" is null.
   at: get_tree (scene/main/node.h:446)
SCRIPT ERROR: Invalid access to property or key 'current_scene' on a base object of type 'null instance'.
          at: _on_tree_changed (res://scripts/autoload/screen_shake_manager.gd:171)
ERROR: Parameter "data.tree" is null.
   at: get_tree (scene/main/node.h:446)
SCRIPT ERROR: Invalid access to property or key 'current_scene' on a base object of type 'null instance'.
          at: _on_tree_changed (res://scripts/autoload/impact_effects_manager.gd:1054)
ERROR: Parameter "data.tree" is null.
   at: get_tree (scene/main/node.h:446)
SCRIPT ERROR: Invalid access to property or key 'current_scene' on a base object of type 'null instance'.
          at: _on_tree_changed (res://scripts/autoload/penultimate_hit_effects_manager.gd:551)
ERROR: Parameter "data.tree" is null.
   at: get_tree (scene/main/node.h:446)
SCRIPT ERROR: Invalid access to property or key 'current_scene' on a base object of type 'null instance'.
          at: _on_tree_changed (res://scripts/autoload/last_chance_effects_manager.gd:1418)
ERROR: Parameter "data.tree" is null.
   at: get_tree (scene/main/node.h:446)
SCRIPT ERROR: Invalid access to property or key 'current_scene' on a base object of type 'null instance'.
          at: _on_tree_changed (res://scripts/autoload/cinema_effects_manager.gd:661)
ERROR: Parameter "data.tree" is null.
   at: get_tree (scene/main/node.h:446)
SCRIPT ERROR: Invalid access to property or key 'current_scene' on a base object of type 'null instance'.
          at: _on_tree_changed (res://scripts/autoload/power_fantasy_effects_manager.gd:230)
ERROR: Parameter "data.tree" is null.
   at: get_tree (scene/main/node.h:446)
SCRIPT ERROR: Invalid access to property or key 'current_scene' on a base object of type 'null instance'.
          at: _on_tree_changed (res://scripts/autoload/black_metal_effects_manager.gd:151)
ERROR: Parameter "data.tree" is null.
   at: get_tree (scene/main/node.h:446)
SCRIPT ERROR: Invalid access to property or key 'current_scene' on a base object of type 'null instance'.
          at: _on_tree_changed (res://scripts/autoload/flashbang_player_effects_manager.gd:232)
ERROR: Parameter "data.tree" is null.
   at: get_tree (scene/main/node.h:446)
SCRIPT ERROR: Invalid access to property or key 'current_scene' on a base object of type 'null instance'.
          at: _on_tree_changed (res://scripts/autoload/persist_manager.gd:290)
ERROR: Parameter "data.tree" is null.
   at: get_tree (scene/main/node.h:446)
SCRIPT ERROR: Invalid access to property or key 'current_scene' on a base object of type 'null instance'.
          at: _on_tree_changed (res://scripts/autoload/screen_shake_manager.gd:171)
ERROR: Parameter "data.tree" is null.
   at: get_tree (scene/main/node.h:446)
SCRIPT ERROR: Invalid access to property or key 'current_scene' on a base object of type 'null instance'.
          at: _on_tree_changed (res://scripts/autoload/impact_effects_manager.gd:1054)
ERROR: Parameter "data.tree" is null.
   at: get_tree (scene/main/node.h:446)
SCRIPT ERROR: Invalid access to property or key 'current_scene' on a base object of type 'null instance'.
          at: _on_tree_changed (res://scripts/autoload/penultimate_hit_effects_manager.gd:551)
ERROR: Parameter "data.tree" is null.
   at: get_tree (scene/main/node.h:446)
SCRIPT ERROR: Invalid access to property or key 'current_scene' on a base object of type 'null instance'.
          at: _on_tree_changed (res://scripts/autoload/last_chance_effects_manager.gd:1418)
ERROR: Parameter "data.tree" is null.
   at: get_tree (scene/main/node.h:446)
SCRIPT ERROR: Invalid access to property or key 'current_scene' on a base object of type 'null instance'.
          at: _on_tree_changed (res://scripts/autoload/cinema_effects_manager.gd:661)
ERROR: Parameter "data.tree" is null.
   at: get_tree (scene/main/node.h:446)
SCRIPT ERROR: Invalid access to property or key 'current_scene' on a base object of type 'null instance'.
          at: _on_tree_changed (res://scripts/autoload/power_fantasy_effects_manager.gd:230)
ERROR: Parameter "data.tree" is null.
   at: get_tree (scene/main/node.h:446)
SCRIPT ERROR: Invalid access to property or key 'current_scene' on a base object of type 'null instance'.
          at: _on_tree_changed (res://scripts/autoload/black_metal_effects_manager.gd:151)
ERROR: Parameter "data.tree" is null.
   at: get_tree (scene/main/node.h:446)
SCRIPT ERROR: Invalid access to property or key 'current_scene' on a base object of type 'null instance'.
          at: _on_tree_changed (res://scripts/autoload/flashbang_player_effects_manager.gd:232)
ERROR: Parameter "data.tree" is null.
   at: get_tree (scene/main/node.h:446)
SCRIPT ERROR: Invalid access to property or key 'current_scene' on a base object of type 'null instance'.
          at: _on_tree_changed (res://scripts/autoload/persist_manager.gd:290)
ERROR: Parameter "data.tree" is null.
   at: get_tree (scene/main/node.h:446)
SCRIPT ERROR: Invalid access to property or key 'current_scene' on a base object of type 'null instance'.
          at: _on_tree_changed (res://scripts/autoload/screen_shake_manager.gd:171)
ERROR: Parameter "data.tree" is null.
   at: get_tree (scene/main/node.h:446)
SCRIPT ERROR: Invalid access to property or key 'current_scene' on a base object of type 'null instance'.
          at: _on_tree_changed (res://scripts/autoload/impact_effects_manager.gd:1054)
ERROR: Parameter "data.tree" is null.
   at: get_tree (scene/main/node.h:446)
SCRIPT ERROR: Invalid access to property or key 'current_scene' on a base object of type 'null instance'.
          at: _on_tree_changed (res://scripts/autoload/penultimate_hit_effects_manager.gd:551)
ERROR: Parameter "data.tree" is null.
   at: get_tree (scene/main/node.h:446)
SCRIPT ERROR: Invalid access to property or key 'current_scene' on a base object of type 'null instance'.
          at: _on_tree_changed (res://scripts/autoload/last_chance_effects_manager.gd:1418)
ERROR: Parameter "data.tree" is null.
   at: get_tree (scene/main/node.h:446)
SCRIPT ERROR: Invalid access to property or key 'current_scene' on a base object of type 'null instance'.
          at: _on_tree_changed (res://scripts/autoload/cinema_effects_manager.gd:661)
ERROR: Parameter "data.tree" is null.
   at: get_tree (scene/main/node.h:446)
SCRIPT ERROR: Invalid access to property or key 'current_scene' on a base object of type 'null instance'.
          at: _on_tree_changed (res://scripts/autoload/power_fantasy_effects_manager.gd:230)
ERROR: Parameter "data.tree" is null.
   at: get_tree (scene/main/node.h:446)
SCRIPT ERROR: Invalid access to property or key 'current_scene' on a base object of type 'null instance'.
          at: _on_tree_changed (res://scripts/autoload/black_metal_effects_manager.gd:151)
ERROR: Parameter "data.tree" is null.
   at: get_tree (scene/main/node.h:446)
SCRIPT ERROR: Invalid access to property or key 'current_scene' on a base object of type 'null instance'.
          at: _on_tree_changed (res://scripts/autoload/flashbang_player_effects_manager.gd:232)
ERROR: Parameter "data.tree" is null.
   at: get_tree (scene/main/node.h:446)
SCRIPT ERROR: Invalid access to property or key 'current_scene' on a base object of type 'null instance'.
          at: _on_tree_changed (res://scripts/autoload/persist_manager.gd:290)
ERROR: Parameter "data.tree" is null.
   at: get_tree (scene/main/node.h:446)
SCRIPT ERROR: Invalid access to property or key 'current_scene' on a base object of type 'null instance'.
          at: _on_tree_changed (res://scripts/autoload/screen_shake_manager.gd:171)
ERROR: Parameter "data.tree" is null.
   at: get_tree (scene/main/node.h:446)
SCRIPT ERROR: Invalid access to property or key 'current_scene' on a base object of type 'null instance'.
          at: _on_tree_changed (res://scripts/autoload/impact_effects_manager.gd:1054)
ERROR: Parameter "data.tree" is null.
   at: get_tree (scene/main/node.h:446)
SCRIPT ERROR: Invalid access to property or key 'current_scene' on a base object of type 'null instance'.
          at: _on_tree_changed (res://scripts/autoload/penultimate_hit_effects_manager.gd:551)
ERROR: Parameter "data.tree" is null.
   at: get_tree (scene/main/node.h:446)
SCRIPT ERROR: Invalid access to property or key 'current_scene' on a base object of type 'null instance'.
          at: _on_tree_changed (res://scripts/autoload/last_chance_effects_manager.gd:1418)
ERROR: Parameter "data.tree" is null.
   at: get_tree (scene/main/node.h:446)
SCRIPT ERROR: Invalid access to property or key 'current_scene' on a base object of type 'null instance'.
          at: _on_tree_changed (res://scripts/autoload/cinema_effects_manager.gd:661)
ERROR: Parameter "data.tree" is null.
   at: get_tree (scene/main/node.h:446)
SCRIPT ERROR: Invalid access to property or key 'current_scene' on a base object of type 'null instance'.
          at: _on_tree_changed (res://scripts/autoload/power_fantasy_effects_manager.gd:230)
ERROR: Parameter "data.tree" is null.
   at: get_tree (scene/main/node.h:446)
SCRIPT ERROR: Invalid access to property or key 'current_scene' on a base object of type 'null instance'.
          at: _on_tree_changed (res://scripts/autoload/black_metal_effects_manager.gd:151)
ERROR: Parameter "data.tree" is null.
   at: get_tree (scene/main/node.h:446)
SCRIPT ERROR: Invalid access to property or key 'current_scene' on a base object of type 'null instance'.
          at: _on_tree_changed (res://scripts/autoload/flashbang_player_effects_manager.gd:232)
ERROR: Parameter "data.tree" is null.
   at: get_tree (scene/main/node.h:446)
SCRIPT ERROR: Invalid access to property or key 'current_scene' on a base object of type 'null instance'.
          at: _on_tree_changed (res://scripts/autoload/persist_manager.gd:290)
ERROR: Parameter "data.tree" is null.
   at: get_tree (scene/main/node.h:446)
SCRIPT ERROR: Invalid access to property or key 'current_scene' on a base object of type 'null instance'.
          at: _on_tree_changed (res://scripts/autoload/screen_shake_manager.gd:171)
ERROR: Parameter "data.tree" is null.
   at: get_tree (scene/main/node.h:446)
SCRIPT ERROR: Invalid access to property or key 'current_scene' on a base object of type 'null instance'.
          at: _on_tree_changed (res://scripts/autoload/impact_effects_manager.gd:1054)
ERROR: Parameter "data.tree" is null.
   at: get_tree (scene/main/node.h:446)
SCRIPT ERROR: Invalid access to property or key 'current_scene' on a base object of type 'null instance'.
          at: _on_tree_changed (res://scripts/autoload/penultimate_hit_effects_manager.gd:551)
ERROR: Parameter "data.tree" is null.
   at: get_tree (scene/main/node.h:446)
SCRIPT ERROR: Invalid access to property or key 'current_scene' on a base object of type 'null instance'.
          at: _on_tree_changed (res://scripts/autoload/last_chance_effects_manager.gd:1418)
ERROR: Parameter "data.tree" is null.
   at: get_tree (scene/main/node.h:446)
SCRIPT ERROR: Invalid access to property or key 'current_scene' on a base object of type 'null instance'.
          at: _on_tree_changed (res://scripts/autoload/cinema_effects_manager.gd:661)
ERROR: Parameter "data.tree" is null.
   at: get_tree (scene/main/node.h:446)
SCRIPT ERROR: Invalid access to property or key 'current_scene' on a base object of type 'null instance'.
          at: _on_tree_changed (res://scripts/autoload/power_fantasy_effects_manager.gd:230)
ERROR: Parameter "data.tree" is null.
   at: get_tree (scene/main/node.h:446)
SCRIPT ERROR: Invalid access to property or key 'current_scene' on a base object of type 'null instance'.
          at: _on_tree_changed (res://scripts/autoload/black_metal_effects_manager.gd:151)
ERROR: Parameter "data.tree" is null.
   at: get_tree (scene/main/node.h:446)
SCRIPT ERROR: Invalid access to property or key 'current_scene' on a base object of type 'null instance'.
          at: _on_tree_changed (res://scripts/autoload/flashbang_player_effects_manager.gd:232)
ERROR: Parameter "data.tree" is null.
   at: get_tree (scene/main/node.h:446)
SCRIPT ERROR: Invalid access to property or key 'current_scene' on a base object of type 'null instance'.
          at: _on_tree_changed (res://scripts/autoload/persist_manager.gd:290)
ERROR: Parameter "data.tree" is null.
   at: get_tree (scene/main/node.h:446)
SCRIPT ERROR: Invalid access to property or key 'current_scene' on a base object of type 'null instance'.
          at: _on_tree_changed (res://scripts/autoload/screen_shake_manager.gd:171)
ERROR: Parameter "data.tree" is null.
   at: get_tree (scene/main/node.h:446)
SCRIPT ERROR: Invalid access to property or key 'current_scene' on a base object of type 'null instance'.
          at: _on_tree_changed (res://scripts/autoload/impact_effects_manager.gd:1054)
ERROR: Parameter "data.tree" is null.
   at: get_tree (scene/main/node.h:446)
SCRIPT ERROR: Invalid access to property or key 'current_scene' on a base object of type 'null instance'.
          at: _on_tree_changed (res://scripts/autoload/penultimate_hit_effects_manager.gd:551)
ERROR: Parameter "data.tree" is null.
   at: get_tree (scene/main/node.h:446)
SCRIPT ERROR: Invalid access to property or key 'current_scene' on a base object of type 'null instance'.
          at: _on_tree_changed (res://scripts/autoload/last_chance_effects_manager.gd:1418)
ERROR: Parameter "data.tree" is null.
   at: get_tree (scene/main/node.h:446)
SCRIPT ERROR: Invalid access to property or key 'current_scene' on a base object of type 'null instance'.
          at: _on_tree_changed (res://scripts/autoload/cinema_effects_manager.gd:661)
ERROR: Parameter "data.tree" is null.
   at: get_tree (scene/main/node.h:446)
SCRIPT ERROR: Invalid access to property or key 'current_scene' on a base object of type 'null instance'.
          at: _on_tree_changed (res://scripts/autoload/power_fantasy_effects_manager.gd:230)
ERROR: Parameter "data.tree" is null.
   at: get_tree (scene/main/node.h:446)
SCRIPT ERROR: Invalid access to property or key 'current_scene' on a base object of type 'null instance'.
          at: _on_tree_changed (res://scripts/autoload/black_metal_effects_manager.gd:151)
ERROR: Parameter "data.tree" is null.
   at: get_tree (scene/main/node.h:446)
SCRIPT ERROR: Invalid access to property or key 'current_scene' on a base object of type 'null instance'.
          at: _on_tree_changed (res://scripts/autoload/flashbang_player_effects_manager.gd:232)
ERROR: Parameter "data.tree" is null.
   at: get_tree (scene/main/node.h:446)
SCRIPT ERROR: Invalid access to property or key 'current_scene' on a base object of type 'null instance'.
          at: _on_tree_changed (res://scripts/autoload/persist_manager.gd:290)
ERROR: Parameter "data.tree" is null.
   at: get_tree (scene/main/node.h:446)
SCRIPT ERROR: Invalid access to property or key 'current_scene' on a base object of type 'null instance'.
          at: _on_tree_changed (res://scripts/autoload/screen_shake_manager.gd:171)
ERROR: Parameter "data.tree" is null.
   at: get_tree (scene/main/node.h:446)
SCRIPT ERROR: Invalid access to property or key 'current_scene' on a base object of type 'null instance'.
          at: _on_tree_changed (res://scripts/autoload/impact_effects_manager.gd:1054)
ERROR: Parameter "data.tree" is null.
   at: get_tree (scene/main/node.h:446)
SCRIPT ERROR: Invalid access to property or key 'current_scene' on a base object of type 'null instance'.
          at: _on_tree_changed (res://scripts/autoload/penultimate_hit_effects_manager.gd:551)
ERROR: Parameter "data.tree" is null.
   at: get_tree (scene/main/node.h:446)
SCRIPT ERROR: Invalid access to property or key 'current_scene' on a base object of type 'null instance'.
          at: _on_tree_changed (res://scripts/autoload/last_chance_effects_manager.gd:1418)
ERROR: Parameter "data.tree" is null.
   at: get_tree (scene/main/node.h:446)
SCRIPT ERROR: Invalid access to property or key 'current_scene' on a base object of type 'null instance'.
          at: _on_tree_changed (res://scripts/autoload/cinema_effects_manager.gd:661)
ERROR: Parameter "data.tree" is null.
   at: get_tree (scene/main/node.h:446)
SCRIPT ERROR: Invalid access to property or key 'current_scene' on a base object of type 'null instance'.
          at: _on_tree_changed (res://scripts/autoload/power_fantasy_effects_manager.gd:230)
ERROR: Parameter "data.tree" is null.
   at: get_tree (scene/main/node.h:446)
SCRIPT ERROR: Invalid access to property or key 'current_scene' on a base object of type 'null instance'.
          at: _on_tree_changed (res://scripts/autoload/black_metal_effects_manager.gd:151)
ERROR: Parameter "data.tree" is null.
   at: get_tree (scene/main/node.h:446)
SCRIPT ERROR: Invalid access to property or key 'current_scene' on a base object of type 'null instance'.
          at: _on_tree_changed (res://scripts/autoload/flashbang_player_effects_manager.gd:232)
ERROR: Parameter "data.tree" is null.
   at: get_tree (scene/main/node.h:446)
SCRIPT ERROR: Invalid access to property or key 'current_scene' on a base object of type 'null instance'.
          at: _on_tree_changed (res://scripts/autoload/persist_manager.gd:290)
ERROR: Parameter "data.tree" is null.
   at: get_tree (scene/main/node.h:446)
SCRIPT ERROR: Invalid access to property or key 'current_scene' on a base object of type 'null instance'.
          at: _on_tree_changed (res://scripts/autoload/screen_shake_manager.gd:171)
ERROR: Parameter "data.tree" is null.
   at: get_tree (scene/main/node.h:446)
SCRIPT ERROR: Invalid access to property or key 'current_scene' on a base object of type 'null instance'.
          at: _on_tree_changed (res://scripts/autoload/impact_effects_manager.gd:1054)
ERROR: Parameter "data.tree" is null.
   at: get_tree (scene/main/node.h:446)
SCRIPT ERROR: Invalid access to property or key 'current_scene' on a base object of type 'null instance'.
          at: _on_tree_changed (res://scripts/autoload/penultimate_hit_effects_manager.gd:551)
ERROR: Parameter "data.tree" is null.
   at: get_tree (scene/main/node.h:446)
SCRIPT ERROR: Invalid access to property or key 'current_scene' on a base object of type 'null instance'.
          at: _on_tree_changed (res://scripts/autoload/last_chance_effects_manager.gd:1418)
ERROR: Parameter "data.tree" is null.
   at: get_tree (scene/main/node.h:446)
SCRIPT ERROR: Invalid access to property or key 'current_scene' on a base object of type 'null instance'.
          at: _on_tree_changed (res://scripts/autoload/cinema_effects_manager.gd:661)
ERROR: Parameter "data.tree" is null.
   at: get_tree (scene/main/node.h:446)
SCRIPT ERROR: Invalid access to property or key 'current_scene' on a base object of type 'null instance'.
          at: _on_tree_changed (res://scripts/autoload/power_fantasy_effects_manager.gd:230)
ERROR: Parameter "data.tree" is null.
   at: get_tree (scene/main/node.h:446)
SCRIPT ERROR: Invalid access to property or key 'current_scene' on a base object of type 'null instance'.
          at: _on_tree_changed (res://scripts/autoload/black_metal_effects_manager.gd:151)
ERROR: Parameter "data.tree" is null.
   at: get_tree (scene/main/node.h:446)
SCRIPT ERROR: Invalid access to property or key 'current_scene' on a base object of type 'null instance'.
          at: _on_tree_changed (res://scripts/autoload/flashbang_player_effects_manager.gd:232)
ERROR: Parameter "data.tree" is null.
   at: get_tree (scene/main/node.h:446)
SCRIPT ERROR: Invalid access to property or key 'current_scene' on a base object of type 'null instance'.
          at: _on_tree_changed (res://scripts/autoload/persist_manager.gd:290)
ERROR: Parameter "data.tree" is null.
   at: get_tree (scene/main/node.h:446)
SCRIPT ERROR: Invalid access to property or key 'current_scene' on a base object of type 'null instance'.
          at: _on_tree_changed (res://scripts/autoload/screen_shake_manager.gd:171)
ERROR: Parameter "data.tree" is null.
   at: get_tree (scene/main/node.h:446)
SCRIPT ERROR: Invalid access to property or key 'current_scene' on a base object of type 'null instance'.
          at: _on_tree_changed (res://scripts/autoload/impact_effects_manager.gd:1054)
ERROR: Parameter "data.tree" is null.
   at: get_tree (scene/main/node.h:446)
SCRIPT ERROR: Invalid access to property or key 'current_scene' on a base object of type 'null instance'.
          at: _on_tree_changed (res://scripts/autoload/penultimate_hit_effects_manager.gd:551)
ERROR: Parameter "data.tree" is null.
   at: get_tree (scene/main/node.h:446)
SCRIPT ERROR: Invalid access to property or key 'current_scene' on a base object of type 'null instance'.
          at: _on_tree_changed (res://scripts/autoload/last_chance_effects_manager.gd:1418)
ERROR: Parameter "data.tree" is null.
   at: get_tree (scene/main/node.h:446)
SCRIPT ERROR: Invalid access to property or key 'current_scene' on a base object of type 'null instance'.
          at: _on_tree_changed (res://scripts/autoload/cinema_effects_manager.gd:661)
ERROR: Parameter "data.tree" is null.
   at: get_tree (scene/main/node.h:446)
SCRIPT ERROR: Invalid access to property or key 'current_scene' on a base object of type 'null instance'.
          at: _on_tree_changed (res://scripts/autoload/power_fantasy_effects_manager.gd:230)
ERROR: Parameter "data.tree" is null.
   at: get_tree (scene/main/node.h:446)
SCRIPT ERROR: Invalid access to property or key 'current_scene' on a base object of type 'null instance'.
          at: _on_tree_changed (res://scripts/autoload/black_metal_effects_manager.gd:151)
ERROR: Parameter "data.tree" is null.
   at: get_tree (scene/main/node.h:446)
SCRIPT ERROR: Invalid access to property or key 'current_scene' on a base object of type 'null instance'.
          at: _on_tree_changed (res://scripts/autoload/flashbang_player_effects_manager.gd:232)
ERROR: Parameter "data.tree" is null.
   at: get_tree (scene/main/node.h:446)
SCRIPT ERROR: Invalid access to property or key 'current_scene' on a base object of type 'null instance'.
          at: _on_tree_changed (res://scripts/autoload/persist_manager.gd:290)
ERROR: Parameter "data.tree" is null.
   at: get_tree (scene/main/node.h:446)
SCRIPT ERROR: Invalid access to property or key 'current_scene' on a base object of type 'null instance'.
          at: _on_tree_changed (res://scripts/autoload/hit_effects_manager.gd:192)
ERROR: Parameter "data.tree" is null.
   at: get_tree (scene/main/node.h:446)
SCRIPT ERROR: Invalid access to property or key 'current_scene' on a base object of type 'null instance'.
          at: _on_tree_changed (res://scripts/autoload/screen_shake_manager.gd:171)
ERROR: Parameter "data.tree" is null.
   at: get_tree (scene/main/node.h:446)
SCRIPT ERROR: Invalid access to property or key 'current_scene' on a base object of type 'null instance'.
          at: _on_tree_changed (res://scripts/autoload/impact_effects_manager.gd:1054)
ERROR: Parameter "data.tree" is null.
   at: get_tree (scene/main/node.h:446)
SCRIPT ERROR: Invalid access to property or key 'current_scene' on a base object of type 'null instance'.
          at: _on_tree_changed (res://scripts/autoload/penultimate_hit_effects_manager.gd:551)
ERROR: Parameter "data.tree" is null.
   at: get_tree (scene/main/node.h:446)
SCRIPT ERROR: Invalid access to property or key 'current_scene' on a base object of type 'null instance'.
          at: _on_tree_changed (res://scripts/autoload/last_chance_effects_manager.gd:1418)
ERROR: Parameter "data.tree" is null.
   at: get_tree (scene/main/node.h:446)
SCRIPT ERROR: Invalid access to property or key 'current_scene' on a base object of type 'null instance'.
          at: _on_tree_changed (res://scripts/autoload/cinema_effects_manager.gd:661)
ERROR: Parameter "data.tree" is null.
   at: get_tree (scene/main/node.h:446)
SCRIPT ERROR: Invalid access to property or key 'current_scene' on a base object of type 'null instance'.
          at: _on_tree_changed (res://scripts/autoload/power_fantasy_effects_manager.gd:230)
ERROR: Parameter "data.tree" is null.
   at: get_tree (scene/main/node.h:446)
SCRIPT ERROR: Invalid access to property or key 'current_scene' on a base object of type 'null instance'.
          at: _on_tree_changed (res://scripts/autoload/black_metal_effects_manager.gd:151)
ERROR: Parameter "data.tree" is null.
   at: get_tree (scene/main/node.h:446)
SCRIPT ERROR: Invalid access to property or key 'current_scene' on a base object of type 'null instance'.
          at: _on_tree_changed (res://scripts/autoload/flashbang_player_effects_manager.gd:232)
ERROR: Parameter "data.tree" is null.
   at: get_tree (scene/main/node.h:446)
SCRIPT ERROR: Invalid access to property or key 'current_scene' on a base object of type 'null instance'.
          at: _on_tree_changed (res://scripts/autoload/persist_manager.gd:290)
ERROR: Parameter "data.tree" is null.
   at: get_tree (scene/main/node.h:446)
SCRIPT ERROR: Invalid access to property or key 'current_scene' on a base object of type 'null instance'.
          at: _on_tree_changed (res://scripts/autoload/hit_effects_manager.gd:192)
ERROR: Parameter "data.tree" is null.
   at: get_tree (scene/main/node.h:446)
SCRIPT ERROR: Invalid access to property or key 'current_scene' on a base object of type 'null instance'.
          at: _on_tree_changed (res://scripts/autoload/screen_shake_manager.gd:171)
ERROR: Parameter "data.tree" is null.
   at: get_tree (scene/main/node.h:446)
SCRIPT ERROR: Invalid access to property or key 'current_scene' on a base object of type 'null instance'.
          at: _on_tree_changed (res://scripts/autoload/impact_effects_manager.gd:1054)
ERROR: Parameter "data.tree" is null.
   at: get_tree (scene/main/node.h:446)
SCRIPT ERROR: Invalid access to property or key 'current_scene' on a base object of type 'null instance'.
          at: _on_tree_changed (res://scripts/autoload/penultimate_hit_effects_manager.gd:551)
ERROR: Parameter "data.tree" is null.
   at: get_tree (scene/main/node.h:446)
SCRIPT ERROR: Invalid access to property or key 'current_scene' on a base object of type 'null instance'.
          at: _on_tree_changed (res://scripts/autoload/last_chance_effects_manager.gd:1418)
ERROR: Parameter "data.tree" is null.
   at: get_tree (scene/main/node.h:446)
SCRIPT ERROR: Invalid access to property or key 'current_scene' on a base object of type 'null instance'.
          at: _on_tree_changed (res://scripts/autoload/cinema_effects_manager.gd:661)
ERROR: Parameter "data.tree" is null.
   at: get_tree (scene/main/node.h:446)
SCRIPT ERROR: Invalid access to property or key 'current_scene' on a base object of type 'null instance'.
          at: _on_tree_changed (res://scripts/autoload/power_fantasy_effects_manager.gd:230)
ERROR: Parameter "data.tree" is null.
   at: get_tree (scene/main/node.h:446)
SCRIPT ERROR: Invalid access to property or key 'current_scene' on a base object of type 'null instance'.
          at: _on_tree_changed (res://scripts/autoload/black_metal_effects_manager.gd:151)
ERROR: Parameter "data.tree" is null.
   at: get_tree (scene/main/node.h:446)
SCRIPT ERROR: Invalid access to property or key 'current_scene' on a base object of type 'null instance'.
          at: _on_tree_changed (res://scripts/autoload/flashbang_player_effects_manager.gd:232)
ERROR: Parameter "data.tree" is null.
   at: get_tree (scene/main/node.h:446)
SCRIPT ERROR: Invalid access to property or key 'current_scene' on a base object of type 'null instance'.
          at: _on_tree_changed (res://scripts/autoload/persist_manager.gd:290)
ERROR: Parameter "data.tree" is null.
   at: get_tree (scene/main/node.h:446)
SCRIPT ERROR: Invalid access to property or key 'current_scene' on a base object of type 'null instance'.
          at: _on_tree_changed (res://scripts/autoload/hit_effects_manager.gd:192)
ERROR: Parameter "data.tree" is null.
   at: get_tree (scene/main/node.h:446)
SCRIPT ERROR: Invalid access to property or key 'current_scene' on a base object of type 'null instance'.
          at: _on_tree_changed (res://scripts/autoload/screen_shake_manager.gd:171)
ERROR: Parameter "data.tree" is null.
   at: get_tree (scene/main/node.h:446)
SCRIPT ERROR: Invalid access to property or key 'current_scene' on a base object of type 'null instance'.
          at: _on_tree_changed (res://scripts/autoload/impact_effects_manager.gd:1054)
ERROR: Parameter "data.tree" is null.
   at: get_tree (scene/main/node.h:446)
SCRIPT ERROR: Invalid access to property or key 'current_scene' on a base object of type 'null instance'.
          at: _on_tree_changed (res://scripts/autoload/penultimate_hit_effects_manager.gd:551)
ERROR: Parameter "data.tree" is null.
   at: get_tree (scene/main/node.h:446)
SCRIPT ERROR: Invalid access to property or key 'current_scene' on a base object of type 'null instance'.
          at: _on_tree_changed (res://scripts/autoload/last_chance_effects_manager.gd:1418)
ERROR: Parameter "data.tree" is null.
   at: get_tree (scene/main/node.h:446)
SCRIPT ERROR: Invalid access to property or key 'current_scene' on a base object of type 'null instance'.
          at: _on_tree_changed (res://scripts/autoload/cinema_effects_manager.gd:661)
ERROR: Parameter "data.tree" is null.
   at: get_tree (scene/main/node.h:446)
SCRIPT ERROR: Invalid access to property or key 'current_scene' on a base object of type 'null instance'.
          at: _on_tree_changed (res://scripts/autoload/power_fantasy_effects_manager.gd:230)
ERROR: Parameter "data.tree" is null.
   at: get_tree (scene/main/node.h:446)
SCRIPT ERROR: Invalid access to property or key 'current_scene' on a base object of type 'null instance'.
          at: _on_tree_changed (res://scripts/autoload/black_metal_effects_manager.gd:151)
ERROR: Parameter "data.tree" is null.
   at: get_tree (scene/main/node.h:446)
SCRIPT ERROR: Invalid access to property or key 'current_scene' on a base object of type 'null instance'.
          at: _on_tree_changed (res://scripts/autoload/flashbang_player_effects_manager.gd:232)
ERROR: Parameter "data.tree" is null.
   at: get_tree (scene/main/node.h:446)
SCRIPT ERROR: Invalid access to property or key 'current_scene' on a base object of type 'null instance'.
          at: _on_tree_changed (res://scripts/autoload/persist_manager.gd:290)
ERROR: Parameter "data.tree" is null.
   at: get_tree (scene/main/node.h:446)
SCRIPT ERROR: Invalid access to property or key 'current_scene' on a base object of type 'null instance'.
          at: _on_tree_changed (res://scripts/autoload/hit_effects_manager.gd:192)
ERROR: Parameter "data.tree" is null.
   at: get_tree (scene/main/node.h:446)
SCRIPT ERROR: Invalid access to property or key 'current_scene' on a base object of type 'null instance'.
          at: _on_tree_changed (res://scripts/autoload/screen_shake_manager.gd:171)
ERROR: Parameter "data.tree" is null.
   at: get_tree (scene/main/node.h:446)
SCRIPT ERROR: Invalid access to property or key 'current_scene' on a base object of type 'null instance'.
          at: _on_tree_changed (res://scripts/autoload/impact_effects_manager.gd:1054)
ERROR: Parameter "data.tree" is null.
   at: get_tree (scene/main/node.h:446)
SCRIPT ERROR: Invalid access to property or key 'current_scene' on a base object of type 'null instance'.
          at: _on_tree_changed (res://scripts/autoload/penultimate_hit_effects_manager.gd:551)
ERROR: Parameter "data.tree" is null.
   at: get_tree (scene/main/node.h:446)
SCRIPT ERROR: Invalid access to property or key 'current_scene' on a base object of type 'null instance'.
          at: _on_tree_changed (res://scripts/autoload/last_chance_effects_manager.gd:1418)
ERROR: Parameter "data.tree" is null.
   at: get_tree (scene/main/node.h:446)
SCRIPT ERROR: Invalid access to property or key 'current_scene' on a base object of type 'null instance'.
          at: _on_tree_changed (res://scripts/autoload/cinema_effects_manager.gd:661)
ERROR: Parameter "data.tree" is null.
   at: get_tree (scene/main/node.h:446)
SCRIPT ERROR: Invalid access to property or key 'current_scene' on a base object of type 'null instance'.
          at: _on_tree_changed (res://scripts/autoload/power_fantasy_effects_manager.gd:230)
ERROR: Parameter "data.tree" is null.
   at: get_tree (scene/main/node.h:446)
SCRIPT ERROR: Invalid access to property or key 'current_scene' on a base object of type 'null instance'.
          at: _on_tree_changed (res://scripts/autoload/black_metal_effects_manager.gd:151)
ERROR: Parameter "data.tree" is null.
   at: get_tree (scene/main/node.h:446)
SCRIPT ERROR: Invalid access to property or key 'current_scene' on a base object of type 'null instance'.
          at: _on_tree_changed (res://scripts/autoload/flashbang_player_effects_manager.gd:232)
ERROR: Parameter "data.tree" is null.
   at: get_tree (scene/main/node.h:446)
SCRIPT ERROR: Invalid access to property or key 'current_scene' on a base object of type 'null instance'.
          at: _on_tree_changed (res://scripts/autoload/persist_manager.gd:290)
ERROR: Parameter "data.tree" is null.
   at: get_tree (scene/main/node.h:446)
SCRIPT ERROR: Invalid access to property or key 'current_scene' on a base object of type 'null instance'.
          at: _on_tree_changed (res://scripts/autoload/hit_effects_manager.gd:192)
ERROR: Parameter "data.tree" is null.
   at: get_tree (scene/main/node.h:446)
SCRIPT ERROR: Invalid access to property or key 'current_scene' on a base object of type 'null instance'.
          at: _on_tree_changed (res://scripts/autoload/screen_shake_manager.gd:171)
ERROR: Parameter "data.tree" is null.
   at: get_tree (scene/main/node.h:446)
SCRIPT ERROR: Invalid access to property or key 'current_scene' on a base object of type 'null instance'.
          at: _on_tree_changed (res://scripts/autoload/impact_effects_manager.gd:1054)
ERROR: Parameter "data.tree" is null.
   at: get_tree (scene/main/node.h:446)
SCRIPT ERROR: Invalid access to property or key 'current_scene' on a base object of type 'null instance'.
          at: _on_tree_changed (res://scripts/autoload/penultimate_hit_effects_manager.gd:551)
ERROR: Parameter "data.tree" is null.
   at: get_tree (scene/main/node.h:446)
SCRIPT ERROR: Invalid access to property or key 'current_scene' on a base object of type 'null instance'.
          at: _on_tree_changed (res://scripts/autoload/last_chance_effects_manager.gd:1418)
ERROR: Parameter "data.tree" is null.
   at: get_tree (scene/main/node.h:446)
SCRIPT ERROR: Invalid access to property or key 'current_scene' on a base object of type 'null instance'.
          at: _on_tree_changed (res://scripts/autoload/cinema_effects_manager.gd:661)
ERROR: Parameter "data.tree" is null.
   at: get_tree (scene/main/node.h:446)
SCRIPT ERROR: Invalid access to property or key 'current_scene' on a base object of type 'null instance'.
          at: _on_tree_changed (res://scripts/autoload/power_fantasy_effects_manager.gd:230)
ERROR: Parameter "data.tree" is null.
   at: get_tree (scene/main/node.h:446)
SCRIPT ERROR: Invalid access to property or key 'current_scene' on a base object of type 'null instance'.
          at: _on_tree_changed (res://scripts/autoload/black_metal_effects_manager.gd:151)
ERROR: Parameter "data.tree" is null.
   at: get_tree (scene/main/node.h:446)
SCRIPT ERROR: Invalid access to property or key 'current_scene' on a base object of type 'null instance'.
          at: _on_tree_changed (res://scripts/autoload/flashbang_player_effects_manager.gd:232)
ERROR: Parameter "data.tree" is null.
   at: get_tree (scene/main/node.h:446)
SCRIPT ERROR: Invalid access to property or key 'current_scene' on a base object of type 'null instance'.
          at: _on_tree_changed (res://scripts/autoload/persist_manager.gd:290)
ERROR: Parameter "data.tree" is null.
   at: get_tree (scene/main/node.h:446)
SCRIPT ERROR: Invalid access to property or key 'current_scene' on a base object of type 'null instance'.
          at: _on_tree_changed (res://scripts/autoload/hit_effects_manager.gd:192)
ERROR: Parameter "data.tree" is null.
   at: get_tree (scene/main/node.h:446)
SCRIPT ERROR: Invalid access to property or key 'current_scene' on a base object of type 'null instance'.
          at: _on_tree_changed (res://scripts/autoload/screen_shake_manager.gd:171)
ERROR: Parameter "data.tree" is null.
   at: get_tree (scene/main/node.h:446)
SCRIPT ERROR: Invalid access to property or key 'current_scene' on a base object of type 'null instance'.
          at: _on_tree_changed (res://scripts/autoload/impact_effects_manager.gd:1054)
ERROR: Parameter "data.tree" is null.
   at: get_tree (scene/main/node.h:446)
SCRIPT ERROR: Invalid access to property or key 'current_scene' on a base object of type 'null instance'.
          at: _on_tree_changed (res://scripts/autoload/penultimate_hit_effects_manager.gd:551)
ERROR: Parameter "data.tree" is null.
   at: get_tree (scene/main/node.h:446)
SCRIPT ERROR: Invalid access to property or key 'current_scene' on a base object of type 'null instance'.
          at: _on_tree_changed (res://scripts/autoload/last_chance_effects_manager.gd:1418)
ERROR: Parameter "data.tree" is null.
   at: get_tree (scene/main/node.h:446)
SCRIPT ERROR: Invalid access to property or key 'current_scene' on a base object of type 'null instance'.
          at: _on_tree_changed (res://scripts/autoload/cinema_effects_manager.gd:661)
ERROR: Parameter "data.tree" is null.
   at: get_tree (scene/main/node.h:446)
SCRIPT ERROR: Invalid access to property or key 'current_scene' on a base object of type 'null instance'.
          at: _on_tree_changed (res://scripts/autoload/power_fantasy_effects_manager.gd:230)
ERROR: Parameter "data.tree" is null.
   at: get_tree (scene/main/node.h:446)
SCRIPT ERROR: Invalid access to property or key 'current_scene' on a base object of type 'null instance'.
          at: _on_tree_changed (res://scripts/autoload/black_metal_effects_manager.gd:151)
ERROR: Parameter "data.tree" is null.
   at: get_tree (scene/main/node.h:446)
SCRIPT ERROR: Invalid access to property or key 'current_scene' on a base object of type 'null instance'.
          at: _on_tree_changed (res://scripts/autoload/flashbang_player_effects_manager.gd:232)
ERROR: Parameter "data.tree" is null.
   at: get_tree (scene/main/node.h:446)
SCRIPT ERROR: Invalid access to property or key 'current_scene' on a base object of type 'null instance'.
          at: _on_tree_changed (res://scripts/autoload/persist_manager.gd:290)
[21:45:45] [INFO] ------------------------------------------------------------
[21:45:45] [INFO] GAME LOG ENDED: 2026-04-16T21:45:45
[21:45:45] [INFO] ============================================================
ERROR: 3 RID allocations of type 'PN13RendererDummy14TextureStorage12DummyTextureE' were leaked at exit.
ERROR: 1 RID allocations of type 'N13RendererDummy15MaterialStorage11DummyShaderE' were leaked at exit.
WARNING: ObjectDB instances leaked at exit (run with --verbose for details).
     at: cleanup (core/object/object.cpp:2284)
ERROR: 14 resources still in use at exit (run with --verbose for details).
   at: clear (core/io/resource.cpp:604)
