Windows Export	Set up job	﻿2026-05-03T20:37:02.5368422Z Current runner version: '2.334.0'
Windows Export	Set up job	2026-05-03T20:37:02.5394694Z ##[group]Runner Image Provisioner
Windows Export	Set up job	2026-05-03T20:37:02.5395905Z Hosted Compute Agent
Windows Export	Set up job	2026-05-03T20:37:02.5396460Z Version: 20260213.493
Windows Export	Set up job	2026-05-03T20:37:02.5397247Z Commit: 5c115507f6dd24b8de37d8bbe0bb4509d0cc0fa3
Windows Export	Set up job	2026-05-03T20:37:02.5398004Z Build Date: 2026-02-13T00:28:41Z
Windows Export	Set up job	2026-05-03T20:37:02.5398629Z Worker ID: {acbf4373-cb24-424b-9e9a-df251a230c8a}
Windows Export	Set up job	2026-05-03T20:37:02.5399375Z Azure Region: eastus
Windows Export	Set up job	2026-05-03T20:37:02.5399884Z ##[endgroup]
Windows Export	Set up job	2026-05-03T20:37:02.5401315Z ##[group]Operating System
Windows Export	Set up job	2026-05-03T20:37:02.5402033Z Ubuntu
Windows Export	Set up job	2026-05-03T20:37:02.5402488Z 24.04.4
Windows Export	Set up job	2026-05-03T20:37:02.5402963Z LTS
Windows Export	Set up job	2026-05-03T20:37:02.5403433Z ##[endgroup]
Windows Export	Set up job	2026-05-03T20:37:02.5403997Z ##[group]Runner Image
Windows Export	Set up job	2026-05-03T20:37:02.5404531Z Image: ubuntu-24.04
Windows Export	Set up job	2026-05-03T20:37:02.5405402Z Version: 20260413.86.1
Windows Export	Set up job	2026-05-03T20:37:02.5406456Z Included Software: https://github.com/actions/runner-images/blob/ubuntu24/20260413.86/images/ubuntu/Ubuntu2404-Readme.md
Windows Export	Set up job	2026-05-03T20:37:02.5408202Z Image Release: https://github.com/actions/runner-images/releases/tag/ubuntu24%2F20260413.86
Windows Export	Set up job	2026-05-03T20:37:02.5409056Z ##[endgroup]
Windows Export	Set up job	2026-05-03T20:37:02.5410041Z ##[group]GITHUB_TOKEN Permissions
Windows Export	Set up job	2026-05-03T20:37:02.5412279Z Contents: write
Windows Export	Set up job	2026-05-03T20:37:02.5412814Z Metadata: read
Windows Export	Set up job	2026-05-03T20:37:02.5413318Z ##[endgroup]
Windows Export	Set up job	2026-05-03T20:37:02.5415735Z Secret source: Actions
Windows Export	Set up job	2026-05-03T20:37:02.5416655Z Prepare workflow directory
Windows Export	Set up job	2026-05-03T20:37:02.5746919Z Prepare all required actions
Windows Export	Set up job	2026-05-03T20:37:02.5785113Z Getting action download info
Windows Export	Set up job	2026-05-03T20:37:02.9182035Z Download action repository 'actions/checkout@v4' (SHA:34e114876b0b11c390a56381ad16ebd13914f8d5)
Windows Export	Set up job	2026-05-03T20:37:03.0320797Z Download action repository 'actions/setup-dotnet@v4' (SHA:67a3573c9a986a3f9c594539f4ab511d57bb3ce9)
Windows Export	Set up job	2026-05-03T20:37:03.2013875Z Download action repository 'firebelley/godot-export@v7.0.0' (SHA:930577654862a320eef793f399ee911b4479efb9)
Windows Export	Set up job	2026-05-03T20:37:03.3323850Z Download action repository 'actions/upload-artifact@v4' (SHA:ea165f8d65b6e75b540449e92b4886f43607fa02)
Windows Export	Set up job	2026-05-03T20:37:03.5407466Z Complete job name: Windows Export
Windows Export	Checkout	﻿2026-05-03T20:37:03.6166139Z ##[group]Run actions/checkout@v4
Windows Export	Checkout	2026-05-03T20:37:03.6167048Z with:
Windows Export	Checkout	2026-05-03T20:37:03.6167510Z   ref: b5dd750943aa517c8bff8b1be8829e34072c283a
Windows Export	Checkout	2026-05-03T20:37:03.6168137Z   repository: Jhon-Crow/godot-topdown-MVP
Windows Export	Checkout	2026-05-03T20:37:03.6168916Z   token: ***
Windows Export	Checkout	2026-05-03T20:37:03.6169322Z   ssh-strict: true
Windows Export	Checkout	2026-05-03T20:37:03.6169740Z   ssh-user: git
Windows Export	Checkout	2026-05-03T20:37:03.6170173Z   persist-credentials: true
Windows Export	Checkout	2026-05-03T20:37:03.6170645Z   clean: true
Windows Export	Checkout	2026-05-03T20:37:03.6171079Z   sparse-checkout-cone-mode: true
Windows Export	Checkout	2026-05-03T20:37:03.6171621Z   fetch-depth: 1
Windows Export	Checkout	2026-05-03T20:37:03.6172033Z   fetch-tags: false
Windows Export	Checkout	2026-05-03T20:37:03.6172467Z   show-progress: true
Windows Export	Checkout	2026-05-03T20:37:03.6172905Z   lfs: false
Windows Export	Checkout	2026-05-03T20:37:03.6173291Z   submodules: false
Windows Export	Checkout	2026-05-03T20:37:03.6173715Z   set-safe-directory: true
Windows Export	Checkout	2026-05-03T20:37:03.6174348Z ##[endgroup]
Windows Export	Checkout	2026-05-03T20:37:03.7286298Z Syncing repository: Jhon-Crow/godot-topdown-MVP
Windows Export	Checkout	2026-05-03T20:37:03.7288498Z ##[group]Getting Git version info
Windows Export	Checkout	2026-05-03T20:37:03.7289517Z Working directory is '/home/runner/work/godot-topdown-MVP/godot-topdown-MVP'
Windows Export	Checkout	2026-05-03T20:37:03.7290958Z [command]/usr/bin/git version
Windows Export	Checkout	2026-05-03T20:37:03.7327155Z git version 2.53.0
Windows Export	Checkout	2026-05-03T20:37:03.7351630Z ##[endgroup]
Windows Export	Checkout	2026-05-03T20:37:03.7366163Z Temporarily overriding HOME='/home/runner/work/_temp/f7543ab0-cfec-4f0e-9b6d-c5586c1af1df' before making global git config changes
Windows Export	Checkout	2026-05-03T20:37:03.7367826Z Adding repository directory to the temporary git global config as a safe directory
Windows Export	Checkout	2026-05-03T20:37:03.7371140Z [command]/usr/bin/git config --global --add safe.directory /home/runner/work/godot-topdown-MVP/godot-topdown-MVP
Windows Export	Checkout	2026-05-03T20:37:03.7404705Z Deleting the contents of '/home/runner/work/godot-topdown-MVP/godot-topdown-MVP'
Windows Export	Checkout	2026-05-03T20:37:03.7408371Z ##[group]Initializing the repository
Windows Export	Checkout	2026-05-03T20:37:03.7412502Z [command]/usr/bin/git init /home/runner/work/godot-topdown-MVP/godot-topdown-MVP
Windows Export	Checkout	2026-05-03T20:37:03.7472134Z hint: Using 'master' as the name for the initial branch. This default branch name
Windows Export	Checkout	2026-05-03T20:37:03.7474221Z hint: will change to "main" in Git 3.0. To configure the initial branch name
Windows Export	Checkout	2026-05-03T20:37:03.7476387Z hint: to use in all of your new repositories, which will suppress this warning,
Windows Export	Checkout	2026-05-03T20:37:03.7478077Z hint: call:
Windows Export	Checkout	2026-05-03T20:37:03.7479026Z hint:
Windows Export	Checkout	2026-05-03T20:37:03.7480085Z hint: 	git config --global init.defaultBranch <name>
Windows Export	Checkout	2026-05-03T20:37:03.7481293Z hint:
Windows Export	Checkout	2026-05-03T20:37:03.7482335Z hint: Names commonly chosen instead of 'master' are 'main', 'trunk' and
Windows Export	Checkout	2026-05-03T20:37:03.7484208Z hint: 'development'. The just-created branch can be renamed via this command:
Windows Export	Checkout	2026-05-03T20:37:03.7485988Z hint:
Windows Export	Checkout	2026-05-03T20:37:03.7486891Z hint: 	git branch -m <name>
Windows Export	Checkout	2026-05-03T20:37:03.7487936Z hint:
Windows Export	Checkout	2026-05-03T20:37:03.7489065Z hint: Disable this message with "git config set advice.defaultBranchName false"
Windows Export	Checkout	2026-05-03T20:37:03.7491097Z Initialized empty Git repository in /home/runner/work/godot-topdown-MVP/godot-topdown-MVP/.git/
Windows Export	Checkout	2026-05-03T20:37:03.7494060Z [command]/usr/bin/git remote add origin https://github.com/Jhon-Crow/godot-topdown-MVP
Windows Export	Checkout	2026-05-03T20:37:03.7519015Z ##[endgroup]
Windows Export	Checkout	2026-05-03T20:37:03.7524000Z ##[group]Disabling automatic garbage collection
Windows Export	Checkout	2026-05-03T20:37:03.7525561Z [command]/usr/bin/git config --local gc.auto 0
Windows Export	Checkout	2026-05-03T20:37:03.7553542Z ##[endgroup]
Windows Export	Checkout	2026-05-03T20:37:03.7555352Z ##[group]Setting up auth
Windows Export	Checkout	2026-05-03T20:37:03.7561225Z [command]/usr/bin/git config --local --name-only --get-regexp core\.sshCommand
Windows Export	Checkout	2026-05-03T20:37:03.7593068Z [command]/usr/bin/git submodule foreach --recursive sh -c "git config --local --name-only --get-regexp 'core\.sshCommand' && git config --local --unset-all 'core.sshCommand' || :"
Windows Export	Checkout	2026-05-03T20:37:03.7881053Z [command]/usr/bin/git config --local --name-only --get-regexp http\.https\:\/\/github\.com\/\.extraheader
Windows Export	Checkout	2026-05-03T20:37:03.7911380Z [command]/usr/bin/git submodule foreach --recursive sh -c "git config --local --name-only --get-regexp 'http\.https\:\/\/github\.com\/\.extraheader' && git config --local --unset-all 'http.https://github.com/.extraheader' || :"
Windows Export	Checkout	2026-05-03T20:37:03.8139864Z [command]/usr/bin/git config --local --name-only --get-regexp ^includeIf\.gitdir:
Windows Export	Checkout	2026-05-03T20:37:03.8178698Z [command]/usr/bin/git submodule foreach --recursive git config --local --show-origin --name-only --get-regexp remote.origin.url
Windows Export	Checkout	2026-05-03T20:37:03.8415686Z [command]/usr/bin/git config --local http.https://github.com/.extraheader AUTHORIZATION: basic ***
Windows Export	Checkout	2026-05-03T20:37:03.8451753Z ##[endgroup]
Windows Export	Checkout	2026-05-03T20:37:03.8453222Z ##[group]Fetching the repository
Windows Export	Checkout	2026-05-03T20:37:03.8461393Z [command]/usr/bin/git -c protocol.version=2 fetch --no-tags --prune --no-recurse-submodules --depth=1 origin b5dd750943aa517c8bff8b1be8829e34072c283a
Windows Export	Checkout	2026-05-03T20:37:10.1310963Z From https://github.com/Jhon-Crow/godot-topdown-MVP
Windows Export	Checkout	2026-05-03T20:37:10.1312122Z  * branch            b5dd750943aa517c8bff8b1be8829e34072c283a -> FETCH_HEAD
Windows Export	Checkout	2026-05-03T20:37:10.1336710Z ##[endgroup]
Windows Export	Checkout	2026-05-03T20:37:10.1337357Z ##[group]Determining the checkout info
Windows Export	Checkout	2026-05-03T20:37:10.1338375Z ##[endgroup]
Windows Export	Checkout	2026-05-03T20:37:10.1343422Z [command]/usr/bin/git sparse-checkout disable
Windows Export	Checkout	2026-05-03T20:37:10.1380818Z [command]/usr/bin/git config --local --unset-all extensions.worktreeConfig
Windows Export	Checkout	2026-05-03T20:37:10.1407066Z ##[group]Checking out the ref
Windows Export	Checkout	2026-05-03T20:37:10.1410541Z [command]/usr/bin/git checkout --progress --force b5dd750943aa517c8bff8b1be8829e34072c283a
Windows Export	Checkout	2026-05-03T20:37:11.1806447Z Updating files:  31% (1117/3570)
Windows Export	Checkout	2026-05-03T20:37:11.1968900Z Updating files:  32% (1143/3570)
Windows Export	Checkout	2026-05-03T20:37:11.2167727Z Updating files:  33% (1179/3570)
Windows Export	Checkout	2026-05-03T20:37:11.2261982Z Updating files:  34% (1214/3570)
Windows Export	Checkout	2026-05-03T20:37:11.2381355Z Updating files:  35% (1250/3570)
Windows Export	Checkout	2026-05-03T20:37:11.2532755Z Updating files:  36% (1286/3570)
Windows Export	Checkout	2026-05-03T20:37:11.2589045Z Updating files:  37% (1321/3570)
Windows Export	Checkout	2026-05-03T20:37:11.2804147Z Updating files:  38% (1357/3570)
Windows Export	Checkout	2026-05-03T20:37:11.2945410Z Updating files:  39% (1393/3570)
Windows Export	Checkout	2026-05-03T20:37:11.3015251Z Updating files:  40% (1428/3570)
Windows Export	Checkout	2026-05-03T20:37:11.3098386Z Updating files:  41% (1464/3570)
Windows Export	Checkout	2026-05-03T20:37:11.3310325Z Updating files:  42% (1500/3570)
Windows Export	Checkout	2026-05-03T20:37:11.3376292Z Updating files:  43% (1536/3570)
Windows Export	Checkout	2026-05-03T20:37:11.3570583Z Updating files:  44% (1571/3570)
Windows Export	Checkout	2026-05-03T20:37:11.3645338Z Updating files:  45% (1607/3570)
Windows Export	Checkout	2026-05-03T20:37:11.3744070Z Updating files:  46% (1643/3570)
Windows Export	Checkout	2026-05-03T20:37:11.3890181Z Updating files:  47% (1678/3570)
Windows Export	Checkout	2026-05-03T20:37:11.4092780Z Updating files:  48% (1714/3570)
Windows Export	Checkout	2026-05-03T20:37:11.4658251Z Updating files:  49% (1750/3570)
Windows Export	Checkout	2026-05-03T20:37:11.4890356Z Updating files:  50% (1785/3570)
Windows Export	Checkout	2026-05-03T20:37:11.5026497Z Updating files:  51% (1821/3570)
Windows Export	Checkout	2026-05-03T20:37:11.5196732Z Updating files:  52% (1857/3570)
Windows Export	Checkout	2026-05-03T20:37:11.5246012Z Updating files:  53% (1893/3570)
Windows Export	Checkout	2026-05-03T20:37:11.5774506Z Updating files:  54% (1928/3570)
Windows Export	Checkout	2026-05-03T20:37:11.6196227Z Updating files:  55% (1964/3570)
Windows Export	Checkout	2026-05-03T20:37:11.6384476Z Updating files:  56% (2000/3570)
Windows Export	Checkout	2026-05-03T20:37:11.6751826Z Updating files:  57% (2035/3570)
Windows Export	Checkout	2026-05-03T20:37:11.7040813Z Updating files:  58% (2071/3570)
Windows Export	Checkout	2026-05-03T20:37:11.7249354Z Updating files:  59% (2107/3570)
Windows Export	Checkout	2026-05-03T20:37:11.7463384Z Updating files:  60% (2142/3570)
Windows Export	Checkout	2026-05-03T20:37:11.7850016Z Updating files:  61% (2178/3570)
Windows Export	Checkout	2026-05-03T20:37:11.8226266Z Updating files:  62% (2214/3570)
Windows Export	Checkout	2026-05-03T20:37:11.8480015Z Updating files:  63% (2250/3570)
Windows Export	Checkout	2026-05-03T20:37:11.8629222Z Updating files:  64% (2285/3570)
Windows Export	Checkout	2026-05-03T20:37:11.8738926Z Updating files:  65% (2321/3570)
Windows Export	Checkout	2026-05-03T20:37:11.9051952Z Updating files:  66% (2357/3570)
Windows Export	Checkout	2026-05-03T20:37:11.9289622Z Updating files:  67% (2392/3570)
Windows Export	Checkout	2026-05-03T20:37:11.9876615Z Updating files:  68% (2428/3570)
Windows Export	Checkout	2026-05-03T20:37:12.0221912Z Updating files:  69% (2464/3570)
Windows Export	Checkout	2026-05-03T20:37:12.0359515Z Updating files:  70% (2499/3570)
Windows Export	Checkout	2026-05-03T20:37:12.0686524Z Updating files:  71% (2535/3570)
Windows Export	Checkout	2026-05-03T20:37:12.0900622Z Updating files:  72% (2571/3570)
Windows Export	Checkout	2026-05-03T20:37:12.1259351Z Updating files:  73% (2607/3570)
Windows Export	Checkout	2026-05-03T20:37:12.1477729Z Updating files:  74% (2642/3570)
Windows Export	Checkout	2026-05-03T20:37:12.1556569Z Updating files:  74% (2675/3570)
Windows Export	Checkout	2026-05-03T20:37:12.2586764Z Updating files:  75% (2678/3570)
Windows Export	Checkout	2026-05-03T20:37:12.3002430Z Updating files:  76% (2714/3570)
Windows Export	Checkout	2026-05-03T20:37:12.3146092Z Updating files:  77% (2749/3570)
Windows Export	Checkout	2026-05-03T20:37:12.3175610Z Updating files:  78% (2785/3570)
Windows Export	Checkout	2026-05-03T20:37:12.3255527Z Updating files:  79% (2821/3570)
Windows Export	Checkout	2026-05-03T20:37:12.3320405Z Updating files:  80% (2856/3570)
Windows Export	Checkout	2026-05-03T20:37:12.3358963Z Updating files:  81% (2892/3570)
Windows Export	Checkout	2026-05-03T20:37:12.3409785Z Updating files:  82% (2928/3570)
Windows Export	Checkout	2026-05-03T20:37:12.3432528Z Updating files:  83% (2964/3570)
Windows Export	Checkout	2026-05-03T20:37:12.3473073Z Updating files:  84% (2999/3570)
Windows Export	Checkout	2026-05-03T20:37:12.3492731Z Updating files:  85% (3035/3570)
Windows Export	Checkout	2026-05-03T20:37:12.3628614Z Updating files:  86% (3071/3570)
Windows Export	Checkout	2026-05-03T20:37:12.3667985Z Updating files:  87% (3106/3570)
Windows Export	Checkout	2026-05-03T20:37:12.3697330Z Updating files:  88% (3142/3570)
Windows Export	Checkout	2026-05-03T20:37:12.3729595Z Updating files:  89% (3178/3570)
Windows Export	Checkout	2026-05-03T20:37:12.3782150Z Updating files:  90% (3213/3570)
Windows Export	Checkout	2026-05-03T20:37:12.3811209Z Updating files:  91% (3249/3570)
Windows Export	Checkout	2026-05-03T20:37:12.3841517Z Updating files:  92% (3285/3570)
Windows Export	Checkout	2026-05-03T20:37:12.3872611Z Updating files:  93% (3321/3570)
Windows Export	Checkout	2026-05-03T20:37:12.3903730Z Updating files:  94% (3356/3570)
Windows Export	Checkout	2026-05-03T20:37:12.3933571Z Updating files:  95% (3392/3570)
Windows Export	Checkout	2026-05-03T20:37:12.3963752Z Updating files:  96% (3428/3570)
Windows Export	Checkout	2026-05-03T20:37:12.4051463Z Updating files:  97% (3463/3570)
Windows Export	Checkout	2026-05-03T20:37:12.4051882Z Updating files:  98% (3499/3570)
Windows Export	Checkout	2026-05-03T20:37:12.4081256Z Updating files:  99% (3535/3570)
Windows Export	Checkout	2026-05-03T20:37:12.4081678Z Updating files: 100% (3570/3570)
Windows Export	Checkout	2026-05-03T20:37:12.4082049Z Updating files: 100% (3570/3570), done.
Windows Export	Checkout	2026-05-03T20:37:12.4125593Z Note: switching to 'b5dd750943aa517c8bff8b1be8829e34072c283a'.
Windows Export	Checkout	2026-05-03T20:37:12.4126444Z 
Windows Export	Checkout	2026-05-03T20:37:12.4126745Z You are in 'detached HEAD' state. You can look around, make experimental
Windows Export	Checkout	2026-05-03T20:37:12.4127216Z changes and commit them, and you can discard any commits you make in this
Windows Export	Checkout	2026-05-03T20:37:12.4127687Z state without impacting any branches by switching back to a branch.
Windows Export	Checkout	2026-05-03T20:37:12.4127952Z 
Windows Export	Checkout	2026-05-03T20:37:12.4128128Z If you want to create a new branch to retain commits you create, you may
Windows Export	Checkout	2026-05-03T20:37:12.4128585Z do so (now or later) by using -c with the switch command. Example:
Windows Export	Checkout	2026-05-03T20:37:12.4128831Z 
Windows Export	Checkout	2026-05-03T20:37:12.4128940Z   git switch -c <new-branch-name>
Windows Export	Checkout	2026-05-03T20:37:12.4129107Z 
Windows Export	Checkout	2026-05-03T20:37:12.4129202Z Or undo this operation with:
Windows Export	Checkout	2026-05-03T20:37:12.4129352Z 
Windows Export	Checkout	2026-05-03T20:37:12.4129441Z   git switch -
Windows Export	Checkout	2026-05-03T20:37:12.4129560Z 
Windows Export	Checkout	2026-05-03T20:37:12.4129767Z Turn off this advice by setting config variable advice.detachedHead to false
Windows Export	Checkout	2026-05-03T20:37:12.4130071Z 
Windows Export	Checkout	2026-05-03T20:37:12.4130214Z HEAD is now at b5dd750 Fix City ammo HUD weapon tracking
Windows Export	Checkout	2026-05-03T20:37:12.4280595Z ##[endgroup]
Windows Export	Checkout	2026-05-03T20:37:12.4349521Z [command]/usr/bin/git log -1 --format=%H
Windows Export	Checkout	2026-05-03T20:37:12.4372438Z b5dd750943aa517c8bff8b1be8829e34072c283a
Windows Export	Setup .NET	﻿2026-05-03T20:37:12.4562082Z ##[group]Run actions/setup-dotnet@v4
Windows Export	Setup .NET	2026-05-03T20:37:12.4562366Z with:
Windows Export	Setup .NET	2026-05-03T20:37:12.4562558Z   dotnet-version: 8.0.x
Windows Export	Setup .NET	2026-05-03T20:37:12.4562789Z   cache: false
Windows Export	Setup .NET	2026-05-03T20:37:12.4562979Z ##[endgroup]
Windows Export	Setup .NET	2026-05-03T20:37:12.6352581Z [command]/home/runner/work/_actions/actions/setup-dotnet/v4/externals/install-dotnet.sh --skip-non-versioned-files --runtime dotnet --channel LTS
Windows Export	Setup .NET	2026-05-03T20:37:12.8923249Z dotnet-install: Attempting to download using aka.ms link https://builds.dotnet.microsoft.com/dotnet/Runtime/10.0.7/dotnet-runtime-10.0.7-linux-x64.tar.gz
Windows Export	Setup .NET	2026-05-03T20:37:13.0844574Z dotnet-install: Remote file https://builds.dotnet.microsoft.com/dotnet/Runtime/10.0.7/dotnet-runtime-10.0.7-linux-x64.tar.gz size is 36689672 bytes.
Windows Export	Setup .NET	2026-05-03T20:37:13.0850803Z dotnet-install: Extracting archive from https://builds.dotnet.microsoft.com/dotnet/Runtime/10.0.7/dotnet-runtime-10.0.7-linux-x64.tar.gz
Windows Export	Setup .NET	2026-05-03T20:37:13.8120738Z dotnet-install: Downloaded file size is 36689672 bytes.
Windows Export	Setup .NET	2026-05-03T20:37:13.8122059Z dotnet-install: The remote and local file sizes are equal.
Windows Export	Setup .NET	2026-05-03T20:37:13.8420526Z dotnet-install: Installed version is 10.0.7
Windows Export	Setup .NET	2026-05-03T20:37:13.8482012Z dotnet-install: Adding to current process PATH: `/usr/share/dotnet`. Note: This change will be visible only when sourcing script.
Windows Export	Setup .NET	2026-05-03T20:37:13.8483131Z dotnet-install: Note that the script does not resolve dependencies during installation.
Windows Export	Setup .NET	2026-05-03T20:37:13.8484044Z dotnet-install: To check the list of dependencies, go to https://learn.microsoft.com/dotnet/core/install, select your operating system and check the "Dependencies" section.
Windows Export	Setup .NET	2026-05-03T20:37:13.8485375Z dotnet-install: Installation finished successfully.
Windows Export	Setup .NET	2026-05-03T20:37:13.8513354Z [command]/home/runner/work/_actions/actions/setup-dotnet/v4/externals/install-dotnet.sh --skip-non-versioned-files --channel 8.0
Windows Export	Setup .NET	2026-05-03T20:37:14.0807025Z dotnet-install: Attempting to download using aka.ms link https://builds.dotnet.microsoft.com/dotnet/Sdk/8.0.420/dotnet-sdk-8.0.420-linux-x64.tar.gz
Windows Export	Setup .NET	2026-05-03T20:37:14.8880187Z dotnet-install: Remote file https://builds.dotnet.microsoft.com/dotnet/Sdk/8.0.420/dotnet-sdk-8.0.420-linux-x64.tar.gz size is 216822173 bytes.
Windows Export	Setup .NET	2026-05-03T20:37:14.8882062Z dotnet-install: Extracting archive from https://builds.dotnet.microsoft.com/dotnet/Sdk/8.0.420/dotnet-sdk-8.0.420-linux-x64.tar.gz
Windows Export	Setup .NET	2026-05-03T20:37:19.9523905Z dotnet-install: Downloaded file size is 216822173 bytes.
Windows Export	Setup .NET	2026-05-03T20:37:19.9525218Z dotnet-install: The remote and local file sizes are equal.
Windows Export	Setup .NET	2026-05-03T20:37:20.2007285Z dotnet-install: Installed version is 8.0.420
Windows Export	Setup .NET	2026-05-03T20:37:20.2068775Z dotnet-install: Adding to current process PATH: `/usr/share/dotnet`. Note: This change will be visible only when sourcing script.
Windows Export	Setup .NET	2026-05-03T20:37:20.2070395Z dotnet-install: Note that the script does not resolve dependencies during installation.
Windows Export	Setup .NET	2026-05-03T20:37:20.2071637Z dotnet-install: To check the list of dependencies, go to https://learn.microsoft.com/dotnet/core/install, select your operating system and check the "Dependencies" section.
Windows Export	Setup .NET	2026-05-03T20:37:20.2072442Z dotnet-install: Installation finished successfully.
Windows Export	Generate build_info.cfg	﻿2026-05-03T20:37:20.2229126Z ##[group]Run cat > build_info.cfg <<EOF
Windows Export	Generate build_info.cfg	2026-05-03T20:37:20.2229517Z [36;1mcat > build_info.cfg <<EOF[0m
Windows Export	Generate build_info.cfg	2026-05-03T20:37:20.2229781Z [36;1m[build][0m
Windows Export	Generate build_info.cfg	2026-05-03T20:37:20.2230012Z [36;1mbranch="issue-1945-55f810b89c10"[0m
Windows Export	Generate build_info.cfg	2026-05-03T20:37:20.2230355Z [36;1mcommit="b5dd750943aa517c8bff8b1be8829e34072c283a"[0m
Windows Export	Generate build_info.cfg	2026-05-03T20:37:20.2230708Z [36;1mdate="$(date -u +%Y-%m-%dT%H:%M:%SZ)"[0m
Windows Export	Generate build_info.cfg	2026-05-03T20:37:20.2230990Z [36;1mpr="1946"[0m
Windows Export	Generate build_info.cfg	2026-05-03T20:37:20.2231186Z [36;1mEOF[0m
Windows Export	Generate build_info.cfg	2026-05-03T20:37:20.2231399Z [36;1mecho "Generated build_info.cfg:"[0m
Windows Export	Generate build_info.cfg	2026-05-03T20:37:20.2231659Z [36;1mcat build_info.cfg[0m
Windows Export	Generate build_info.cfg	2026-05-03T20:37:20.2259849Z shell: /usr/bin/bash -e {0}
Windows Export	Generate build_info.cfg	2026-05-03T20:37:20.2260118Z env:
Windows Export	Generate build_info.cfg	2026-05-03T20:37:20.2260316Z   DOTNET_ROOT: /usr/share/dotnet
Windows Export	Generate build_info.cfg	2026-05-03T20:37:20.2260569Z ##[endgroup]
Windows Export	Generate build_info.cfg	2026-05-03T20:37:20.2788075Z Generated build_info.cfg:
Windows Export	Generate build_info.cfg	2026-05-03T20:37:20.2797461Z [build]
Windows Export	Generate build_info.cfg	2026-05-03T20:37:20.2797824Z branch="issue-1945-55f810b89c10"
Windows Export	Generate build_info.cfg	2026-05-03T20:37:20.2798336Z commit="b5dd750943aa517c8bff8b1be8829e34072c283a"
Windows Export	Generate build_info.cfg	2026-05-03T20:37:20.2798874Z date="2026-05-03T20:37:20Z"
Windows Export	Generate build_info.cfg	2026-05-03T20:37:20.2799211Z pr="1946"
Windows Export	Build .NET project	﻿2026-05-03T20:37:20.2829230Z ##[group]Run dotnet restore GodotTopDownTemplate.sln
Windows Export	Build .NET project	2026-05-03T20:37:20.2829635Z [36;1mdotnet restore GodotTopDownTemplate.sln[0m
Windows Export	Build .NET project	2026-05-03T20:37:20.2830040Z [36;1mdotnet build GodotTopDownTemplate.sln --configuration Release[0m
Windows Export	Build .NET project	2026-05-03T20:37:20.2851898Z shell: /usr/bin/bash -e {0}
Windows Export	Build .NET project	2026-05-03T20:37:20.2852150Z env:
Windows Export	Build .NET project	2026-05-03T20:37:20.2852340Z   DOTNET_ROOT: /usr/share/dotnet
Windows Export	Build .NET project	2026-05-03T20:37:20.2852588Z ##[endgroup]
Windows Export	Build .NET project	2026-05-03T20:37:24.2413799Z   Determining projects to restore...
Windows Export	Build .NET project	2026-05-03T20:37:25.2097743Z   Restored /home/runner/work/godot-topdown-MVP/godot-topdown-MVP/GodotTopDownTemplate.csproj (in 605 ms).
Windows Export	Build .NET project	2026-05-03T20:37:25.9153822Z   Determining projects to restore...
Windows Export	Build .NET project	2026-05-03T20:37:26.4790070Z   Restored /home/runner/work/godot-topdown-MVP/godot-topdown-MVP/GodotTopDownTemplate.csproj (in 241 ms).
Windows Export	Build .NET project	2026-05-03T20:37:33.2575577Z ##[warning]/home/runner/work/godot-topdown-MVP/godot-topdown-MVP/Scripts/Weapons/Shotgun.cs(1356,17): warning CS0114: 'Shotgun.StartReload()' hides inherited member 'BaseWeapon.StartReload()'. To make the current member override that implementation, add the override keyword. Otherwise add the new keyword. [/home/runner/work/godot-topdown-MVP/godot-topdown-MVP/GodotTopDownTemplate.csproj]
Windows Export	Build .NET project	2026-05-03T20:37:33.2588962Z ##[warning]/home/runner/work/godot-topdown-MVP/godot-topdown-MVP/Scripts/Projectiles/GrenadeTimer.cs(379,49): warning CS0618: 'TileMap' is obsolete: 'Use multiple 'TileMapLayer' nodes instead. To convert a TileMap to a set of TileMapLayer nodes, open the TileMap bottom panel with the node selected, click the toolbox icon in the top-right corner and choose 'Extract TileMap layers as individual TileMapLayer nodes'.' [/home/runner/work/godot-topdown-MVP/godot-topdown-MVP/GodotTopDownTemplate.csproj]
Windows Export	Build .NET project	2026-05-03T20:37:33.2593200Z ##[warning]/home/runner/work/godot-topdown-MVP/godot-topdown-MVP/Scripts/Projectiles/GrenadeTimer.cs(645,67): warning CS8625: Cannot convert null literal to non-nullable reference type. [/home/runner/work/godot-topdown-MVP/godot-topdown-MVP/GodotTopDownTemplate.csproj]
Windows Export	Build .NET project	2026-05-03T20:37:33.2596467Z ##[warning]/home/runner/work/godot-topdown-MVP/godot-topdown-MVP/Scripts/Projectiles/GrenadeTimer.cs(691,69): warning CS8604: Possible null reference argument for parameter 'from' in 'Variant.implicit operator Variant(GodotObject from)'. [/home/runner/work/godot-topdown-MVP/godot-topdown-MVP/GodotTopDownTemplate.csproj]
Windows Export	Build .NET project	2026-05-03T20:37:33.2599658Z ##[warning]/home/runner/work/godot-topdown-MVP/godot-topdown-MVP/Scripts/Projectiles/GrenadeTimer.cs(714,73): warning CS8604: Possible null reference argument for parameter 'from' in 'Variant.implicit operator Variant(GodotObject from)'. [/home/runner/work/godot-topdown-MVP/godot-topdown-MVP/GodotTopDownTemplate.csproj]
Windows Export	Build .NET project	2026-05-03T20:37:33.2604274Z ##[warning]/home/runner/work/godot-topdown-MVP/godot-topdown-MVP/Scripts/Weapons/SniperRifle.cs(971,63): warning CS0618: 'TileMap' is obsolete: 'Use multiple 'TileMapLayer' nodes instead. To convert a TileMap to a set of TileMapLayer nodes, open the TileMap bottom panel with the node selected, click the toolbox icon in the top-right corner and choose 'Extract TileMap layers as individual TileMapLayer nodes'.' [/home/runner/work/godot-topdown-MVP/godot-topdown-MVP/GodotTopDownTemplate.csproj]
Windows Export	Build .NET project	2026-05-03T20:37:33.2609259Z ##[warning]/home/runner/work/godot-topdown-MVP/godot-topdown-MVP/Scripts/Weapons/SniperRifle.cs(1061,63): warning CS0618: 'TileMap' is obsolete: 'Use multiple 'TileMapLayer' nodes instead. To convert a TileMap to a set of TileMapLayer nodes, open the TileMap bottom panel with the node selected, click the toolbox icon in the top-right corner and choose 'Extract TileMap layers as individual TileMapLayer nodes'.' [/home/runner/work/godot-topdown-MVP/godot-topdown-MVP/GodotTopDownTemplate.csproj]
Windows Export	Build .NET project	2026-05-03T20:37:33.2612936Z ##[warning]/home/runner/work/godot-topdown-MVP/godot-topdown-MVP/Scripts/Components/LevelInitFallback.cs(1035,34): warning CS8604: Possible null reference argument for parameter 'from' in 'Variant.implicit operator Variant(GodotObject from)'. [/home/runner/work/godot-topdown-MVP/godot-topdown-MVP/GodotTopDownTemplate.csproj]
Windows Export	Build .NET project	2026-05-03T20:37:33.2616556Z ##[warning]/home/runner/work/godot-topdown-MVP/godot-topdown-MVP/Scripts/Components/LevelInitFallback.cs(1036,45): warning CS8604: Possible null reference argument for parameter 'from' in 'Variant.implicit operator Variant(GodotObject from)'. [/home/runner/work/godot-topdown-MVP/godot-topdown-MVP/GodotTopDownTemplate.csproj]
Windows Export	Build .NET project	2026-05-03T20:37:33.2620263Z ##[warning]/home/runner/work/godot-topdown-MVP/godot-topdown-MVP/Scripts/Components/LevelInitFallback.cs(1037,38): warning CS8604: Possible null reference argument for parameter 'from' in 'Variant.implicit operator Variant(GodotObject from)'. [/home/runner/work/godot-topdown-MVP/godot-topdown-MVP/GodotTopDownTemplate.csproj]
Windows Export	Build .NET project	2026-05-03T20:37:33.2625085Z ##[warning]/home/runner/work/godot-topdown-MVP/godot-topdown-MVP/Scripts/Weapons/SniperRifle.cs(1271,63): warning CS0618: 'TileMap' is obsolete: 'Use multiple 'TileMapLayer' nodes instead. To convert a TileMap to a set of TileMapLayer nodes, open the TileMap bottom panel with the node selected, click the toolbox icon in the top-right corner and choose 'Extract TileMap layers as individual TileMapLayer nodes'.' [/home/runner/work/godot-topdown-MVP/godot-topdown-MVP/GodotTopDownTemplate.csproj]
Windows Export	Build .NET project	2026-05-03T20:37:33.2629850Z ##[warning]/home/runner/work/godot-topdown-MVP/godot-topdown-MVP/Scripts/Weapons/SniperRifle.cs(1459,63): warning CS0618: 'TileMap' is obsolete: 'Use multiple 'TileMapLayer' nodes instead. To convert a TileMap to a set of TileMapLayer nodes, open the TileMap bottom panel with the node selected, click the toolbox icon in the top-right corner and choose 'Extract TileMap layers as individual TileMapLayer nodes'.' [/home/runner/work/godot-topdown-MVP/godot-topdown-MVP/GodotTopDownTemplate.csproj]
Windows Export	Build .NET project	2026-05-03T20:37:33.2632956Z ##[warning]/home/runner/work/godot-topdown-MVP/godot-topdown-MVP/Scripts/Weapons/SniperRifle.cs(1790,93): warning CS8625: Cannot convert null literal to non-nullable reference type. [/home/runner/work/godot-topdown-MVP/godot-topdown-MVP/GodotTopDownTemplate.csproj]
Windows Export	Build .NET project	2026-05-03T20:37:33.2636101Z ##[warning]/home/runner/work/godot-topdown-MVP/godot-topdown-MVP/Scripts/Components/LevelInitFallback.cs(1916,21): warning CS0618: 'Image.Create(int, int, bool, Image.Format)' is obsolete: 'Use 'Godot.Image.CreateEmpty(int, int, bool, Image.Format)'.' [/home/runner/work/godot-topdown-MVP/godot-topdown-MVP/GodotTopDownTemplate.csproj]
Windows Export	Build .NET project	2026-05-03T20:37:33.2639454Z ##[warning]/home/runner/work/godot-topdown-MVP/godot-topdown-MVP/Scripts/Components/LevelInitFallback.cs(1942,21): warning CS0618: 'Image.Create(int, int, bool, Image.Format)' is obsolete: 'Use 'Godot.Image.CreateEmpty(int, int, bool, Image.Format)'.' [/home/runner/work/godot-topdown-MVP/godot-topdown-MVP/GodotTopDownTemplate.csproj]
Windows Export	Build .NET project	2026-05-03T20:37:33.2642111Z ##[warning]/home/runner/work/godot-topdown-MVP/godot-topdown-MVP/Scripts/Weapons/SilencedPistol.cs(832,94): warning CS8625: Cannot convert null literal to non-nullable reference type. [/home/runner/work/godot-topdown-MVP/godot-topdown-MVP/GodotTopDownTemplate.csproj]
Windows Export	Build .NET project	2026-05-03T20:37:33.2644680Z ##[warning]/home/runner/work/godot-topdown-MVP/godot-topdown-MVP/Scripts/AbstractClasses/BaseWeapon.cs(519,90): warning CS8625: Cannot convert null literal to non-nullable reference type. [/home/runner/work/godot-topdown-MVP/godot-topdown-MVP/GodotTopDownTemplate.csproj]
Windows Export	Build .NET project	2026-05-03T20:37:33.2647966Z ##[warning]/home/runner/work/godot-topdown-MVP/godot-topdown-MVP/Scripts/AbstractClasses/BaseWeapon.cs(702,75): warning CS8604: Possible null reference argument for parameter 'from' in 'Variant.implicit operator Variant(GodotObject from)'. [/home/runner/work/godot-topdown-MVP/godot-topdown-MVP/GodotTopDownTemplate.csproj]
Windows Export	Build .NET project	2026-05-03T20:37:33.2650405Z ##[warning]/home/runner/work/godot-topdown-MVP/godot-topdown-MVP/Scripts/AbstractClasses/BaseWeapon.cs(725,13): warning CS0162: Unreachable code detected [/home/runner/work/godot-topdown-MVP/godot-topdown-MVP/GodotTopDownTemplate.csproj]
Windows Export	Build .NET project	2026-05-03T20:37:33.2653105Z ##[warning]/home/runner/work/godot-topdown-MVP/godot-topdown-MVP/Scripts/Characters/Player.ActiveItems.cs(3601,33): warning CS8625: Cannot convert null literal to non-nullable reference type. [/home/runner/work/godot-topdown-MVP/godot-topdown-MVP/GodotTopDownTemplate.csproj]
Windows Export	Build .NET project	2026-05-03T20:37:33.2655887Z ##[warning]/home/runner/work/godot-topdown-MVP/godot-topdown-MVP/Scripts/Characters/Player.ActiveItems.cs(3613,36): warning CS8625: Cannot convert null literal to non-nullable reference type. [/home/runner/work/godot-topdown-MVP/godot-topdown-MVP/GodotTopDownTemplate.csproj]
Windows Export	Build .NET project	2026-05-03T20:37:33.2658777Z ##[warning]/home/runner/work/godot-topdown-MVP/godot-topdown-MVP/Scripts/Weapons/Revolver.cs(1260,75): warning CS8604: Possible null reference argument for parameter 'from' in 'Variant.implicit operator Variant(GodotObject from)'. [/home/runner/work/godot-topdown-MVP/godot-topdown-MVP/GodotTopDownTemplate.csproj]
Windows Export	Build .NET project	2026-05-03T20:37:33.2663064Z ##[warning]/home/runner/work/godot-topdown-MVP/godot-topdown-MVP/Scripts/Projectiles/BreakerDetonation.cs(138,57): warning CS0618: 'TileMap' is obsolete: 'Use multiple 'TileMapLayer' nodes instead. To convert a TileMap to a set of TileMapLayer nodes, open the TileMap bottom panel with the node selected, click the toolbox icon in the top-right corner and choose 'Extract TileMap layers as individual TileMapLayer nodes'.' [/home/runner/work/godot-topdown-MVP/godot-topdown-MVP/GodotTopDownTemplate.csproj]
Windows Export	Build .NET project	2026-05-03T20:37:33.2668196Z ##[warning]/home/runner/work/godot-topdown-MVP/godot-topdown-MVP/Scripts/Projectiles/SniperBullet.cs(222,45): warning CS0618: 'TileMap' is obsolete: 'Use multiple 'TileMapLayer' nodes instead. To convert a TileMap to a set of TileMapLayer nodes, open the TileMap bottom panel with the node selected, click the toolbox icon in the top-right corner and choose 'Extract TileMap layers as individual TileMapLayer nodes'.' [/home/runner/work/godot-topdown-MVP/godot-topdown-MVP/GodotTopDownTemplate.csproj]
Windows Export	Build .NET project	2026-05-03T20:37:33.2671358Z ##[warning]/home/runner/work/godot-topdown-MVP/godot-topdown-MVP/Scripts/Projectiles/SniperBullet.cs(300,72): warning CS8625: Cannot convert null literal to non-nullable reference type. [/home/runner/work/godot-topdown-MVP/godot-topdown-MVP/GodotTopDownTemplate.csproj]
Windows Export	Build .NET project	2026-05-03T20:37:33.2673833Z ##[warning]/home/runner/work/godot-topdown-MVP/godot-topdown-MVP/Scripts/Projectiles/BreakerDetonation.cs(298,36): warning CS8625: Cannot convert null literal to non-nullable reference type. [/home/runner/work/godot-topdown-MVP/godot-topdown-MVP/GodotTopDownTemplate.csproj]
Windows Export	Build .NET project	2026-05-03T20:37:33.2676770Z ##[warning]/home/runner/work/godot-topdown-MVP/godot-topdown-MVP/Scripts/Projectiles/BreakerDetonation.cs(306,78): warning CS8625: Cannot convert null literal to non-nullable reference type. [/home/runner/work/godot-topdown-MVP/godot-topdown-MVP/GodotTopDownTemplate.csproj]
Windows Export	Build .NET project	2026-05-03T20:37:33.2679216Z ##[warning]/home/runner/work/godot-topdown-MVP/godot-topdown-MVP/Scripts/Projectiles/SniperBullet.cs(408,99): warning CS8625: Cannot convert null literal to non-nullable reference type. [/home/runner/work/godot-topdown-MVP/godot-topdown-MVP/GodotTopDownTemplate.csproj]
Windows Export	Build .NET project	2026-05-03T20:37:33.2681506Z ##[warning]/home/runner/work/godot-topdown-MVP/godot-topdown-MVP/Scripts/Projectiles/ShotgunPellet.cs(296,21): warning CS0162: Unreachable code detected [/home/runner/work/godot-topdown-MVP/godot-topdown-MVP/GodotTopDownTemplate.csproj]
Windows Export	Build .NET project	2026-05-03T20:37:33.2683722Z ##[warning]/home/runner/work/godot-topdown-MVP/godot-topdown-MVP/Scripts/Projectiles/ShotgunPellet.cs(363,13): warning CS0162: Unreachable code detected [/home/runner/work/godot-topdown-MVP/godot-topdown-MVP/GodotTopDownTemplate.csproj]
Windows Export	Build .NET project	2026-05-03T20:37:33.2685945Z ##[warning]/home/runner/work/godot-topdown-MVP/godot-topdown-MVP/Scripts/Projectiles/Bullet.cs(462,21): warning CS0162: Unreachable code detected [/home/runner/work/godot-topdown-MVP/godot-topdown-MVP/GodotTopDownTemplate.csproj]
Windows Export	Build .NET project	2026-05-03T20:37:33.2688070Z ##[warning]/home/runner/work/godot-topdown-MVP/godot-topdown-MVP/Scripts/Projectiles/ShotgunPellet.cs(383,13): warning CS0162: Unreachable code detected [/home/runner/work/godot-topdown-MVP/godot-topdown-MVP/GodotTopDownTemplate.csproj]
Windows Export	Build .NET project	2026-05-03T20:37:33.2690359Z ##[warning]/home/runner/work/godot-topdown-MVP/godot-topdown-MVP/Scripts/Projectiles/ShotgunPellet.cs(426,17): warning CS0162: Unreachable code detected [/home/runner/work/godot-topdown-MVP/godot-topdown-MVP/GodotTopDownTemplate.csproj]
Windows Export	Build .NET project	2026-05-03T20:37:33.2692526Z ##[warning]/home/runner/work/godot-topdown-MVP/godot-topdown-MVP/Scripts/Projectiles/ShotgunPellet.cs(437,13): warning CS0162: Unreachable code detected [/home/runner/work/godot-topdown-MVP/godot-topdown-MVP/GodotTopDownTemplate.csproj]
Windows Export	Build .NET project	2026-05-03T20:37:33.2696574Z ##[warning]/home/runner/work/godot-topdown-MVP/godot-topdown-MVP/Scripts/Projectiles/Bullet.cs(669,66): warning CS0618: 'TileMap' is obsolete: 'Use multiple 'TileMapLayer' nodes instead. To convert a TileMap to a set of TileMapLayer nodes, open the TileMap bottom panel with the node selected, click the toolbox icon in the top-right corner and choose 'Extract TileMap layers as individual TileMapLayer nodes'.' [/home/runner/work/godot-topdown-MVP/godot-topdown-MVP/GodotTopDownTemplate.csproj]
Windows Export	Build .NET project	2026-05-03T20:37:33.2701236Z ##[warning]/home/runner/work/godot-topdown-MVP/godot-topdown-MVP/Scripts/Projectiles/Bullet.cs(675,45): warning CS0618: 'TileMap' is obsolete: 'Use multiple 'TileMapLayer' nodes instead. To convert a TileMap to a set of TileMapLayer nodes, open the TileMap bottom panel with the node selected, click the toolbox icon in the top-right corner and choose 'Extract TileMap layers as individual TileMapLayer nodes'.' [/home/runner/work/godot-topdown-MVP/godot-topdown-MVP/GodotTopDownTemplate.csproj]
Windows Export	Build .NET project	2026-05-03T20:37:33.2704109Z ##[warning]/home/runner/work/godot-topdown-MVP/godot-topdown-MVP/Scripts/Projectiles/Bullet.cs(648,36): warning CS0162: Unreachable code detected [/home/runner/work/godot-topdown-MVP/godot-topdown-MVP/GodotTopDownTemplate.csproj]
Windows Export	Build .NET project	2026-05-03T20:37:33.2706551Z ##[warning]/home/runner/work/godot-topdown-MVP/godot-topdown-MVP/Scripts/Projectiles/ShotgunPellet.cs(489,21): warning CS0162: Unreachable code detected [/home/runner/work/godot-topdown-MVP/godot-topdown-MVP/GodotTopDownTemplate.csproj]
Windows Export	Build .NET project	2026-05-03T20:37:33.2709291Z ##[warning]/home/runner/work/godot-topdown-MVP/godot-topdown-MVP/Scripts/Projectiles/Bullet.cs(774,99): warning CS8625: Cannot convert null literal to non-nullable reference type. [/home/runner/work/godot-topdown-MVP/godot-topdown-MVP/GodotTopDownTemplate.csproj]
Windows Export	Build .NET project	2026-05-03T20:37:33.2711716Z ##[warning]/home/runner/work/godot-topdown-MVP/godot-topdown-MVP/Scripts/Projectiles/ShotgunPellet.cs(556,21): warning CS0162: Unreachable code detected [/home/runner/work/godot-topdown-MVP/godot-topdown-MVP/GodotTopDownTemplate.csproj]
Windows Export	Build .NET project	2026-05-03T20:37:33.2715990Z ##[warning]/home/runner/work/godot-topdown-MVP/godot-topdown-MVP/Scripts/Projectiles/ShotgunPellet.cs(666,66): warning CS0618: 'TileMap' is obsolete: 'Use multiple 'TileMapLayer' nodes instead. To convert a TileMap to a set of TileMapLayer nodes, open the TileMap bottom panel with the node selected, click the toolbox icon in the top-right corner and choose 'Extract TileMap layers as individual TileMapLayer nodes'.' [/home/runner/work/godot-topdown-MVP/godot-topdown-MVP/GodotTopDownTemplate.csproj]
Windows Export	Build .NET project	2026-05-03T20:37:33.2720781Z ##[warning]/home/runner/work/godot-topdown-MVP/godot-topdown-MVP/Scripts/Projectiles/ShotgunPellet.cs(673,45): warning CS0618: 'TileMap' is obsolete: 'Use multiple 'TileMapLayer' nodes instead. To convert a TileMap to a set of TileMapLayer nodes, open the TileMap bottom panel with the node selected, click the toolbox icon in the top-right corner and choose 'Extract TileMap layers as individual TileMapLayer nodes'.' [/home/runner/work/godot-topdown-MVP/godot-topdown-MVP/GodotTopDownTemplate.csproj]
Windows Export	Build .NET project	2026-05-03T20:37:33.2723930Z ##[warning]/home/runner/work/godot-topdown-MVP/godot-topdown-MVP/Scripts/Projectiles/ShotgunPellet.cs(714,99): warning CS8625: Cannot convert null literal to non-nullable reference type. [/home/runner/work/godot-topdown-MVP/godot-topdown-MVP/GodotTopDownTemplate.csproj]
Windows Export	Build .NET project	2026-05-03T20:37:33.2726649Z ##[warning]/home/runner/work/godot-topdown-MVP/godot-topdown-MVP/Scripts/Projectiles/Bullet.cs(889,72): warning CS8625: Cannot convert null literal to non-nullable reference type. [/home/runner/work/godot-topdown-MVP/godot-topdown-MVP/GodotTopDownTemplate.csproj]
Windows Export	Build .NET project	2026-05-03T20:37:33.2728889Z ##[warning]/home/runner/work/godot-topdown-MVP/godot-topdown-MVP/Scripts/Projectiles/Bullet.cs(807,24): warning CS0162: Unreachable code detected [/home/runner/work/godot-topdown-MVP/godot-topdown-MVP/GodotTopDownTemplate.csproj]
Windows Export	Build .NET project	2026-05-03T20:37:33.2730954Z ##[warning]/home/runner/work/godot-topdown-MVP/godot-topdown-MVP/Scripts/Projectiles/Bullet.cs(815,28): warning CS0162: Unreachable code detected [/home/runner/work/godot-topdown-MVP/godot-topdown-MVP/GodotTopDownTemplate.csproj]
Windows Export	Build .NET project	2026-05-03T20:37:33.2733014Z ##[warning]/home/runner/work/godot-topdown-MVP/godot-topdown-MVP/Scripts/Projectiles/Bullet.cs(825,28): warning CS0162: Unreachable code detected [/home/runner/work/godot-topdown-MVP/godot-topdown-MVP/GodotTopDownTemplate.csproj]
Windows Export	Build .NET project	2026-05-03T20:37:33.2735170Z ##[warning]/home/runner/work/godot-topdown-MVP/godot-topdown-MVP/Scripts/Projectiles/Bullet.cs(835,28): warning CS0162: Unreachable code detected [/home/runner/work/godot-topdown-MVP/godot-topdown-MVP/GodotTopDownTemplate.csproj]
Windows Export	Build .NET project	2026-05-03T20:37:33.2737258Z ##[warning]/home/runner/work/godot-topdown-MVP/godot-topdown-MVP/Scripts/Projectiles/Bullet.cs(850,36): warning CS0162: Unreachable code detected [/home/runner/work/godot-topdown-MVP/godot-topdown-MVP/GodotTopDownTemplate.csproj]
Windows Export	Build .NET project	2026-05-03T20:37:33.2739289Z ##[warning]/home/runner/work/godot-topdown-MVP/godot-topdown-MVP/Scripts/Projectiles/Bullet.cs(864,32): warning CS0162: Unreachable code detected [/home/runner/work/godot-topdown-MVP/godot-topdown-MVP/GodotTopDownTemplate.csproj]
Windows Export	Build .NET project	2026-05-03T20:37:33.2741334Z ##[warning]/home/runner/work/godot-topdown-MVP/godot-topdown-MVP/Scripts/Projectiles/Bullet.cs(888,28): warning CS0162: Unreachable code detected [/home/runner/work/godot-topdown-MVP/godot-topdown-MVP/GodotTopDownTemplate.csproj]
Windows Export	Build .NET project	2026-05-03T20:37:33.2743568Z ##[warning]/home/runner/work/godot-topdown-MVP/godot-topdown-MVP/Scripts/Projectiles/Bullet.cs(895,28): warning CS0162: Unreachable code detected [/home/runner/work/godot-topdown-MVP/godot-topdown-MVP/GodotTopDownTemplate.csproj]
Windows Export	Build .NET project	2026-05-03T20:37:33.2746094Z ##[warning]/home/runner/work/godot-topdown-MVP/godot-topdown-MVP/Scripts/Projectiles/Bullet.cs(904,28): warning CS0162: Unreachable code detected [/home/runner/work/godot-topdown-MVP/godot-topdown-MVP/GodotTopDownTemplate.csproj]
Windows Export	Build .NET project	2026-05-03T20:37:33.2748154Z ##[warning]/home/runner/work/godot-topdown-MVP/godot-topdown-MVP/Scripts/Projectiles/Bullet.cs(911,28): warning CS0162: Unreachable code detected [/home/runner/work/godot-topdown-MVP/godot-topdown-MVP/GodotTopDownTemplate.csproj]
Windows Export	Build .NET project	2026-05-03T20:37:33.2750201Z ##[warning]/home/runner/work/godot-topdown-MVP/godot-topdown-MVP/Scripts/Projectiles/Bullet.cs(918,28): warning CS0162: Unreachable code detected [/home/runner/work/godot-topdown-MVP/godot-topdown-MVP/GodotTopDownTemplate.csproj]
Windows Export	Build .NET project	2026-05-03T20:37:33.2752274Z ##[warning]/home/runner/work/godot-topdown-MVP/godot-topdown-MVP/Scripts/Projectiles/Bullet.cs(928,28): warning CS0162: Unreachable code detected [/home/runner/work/godot-topdown-MVP/godot-topdown-MVP/GodotTopDownTemplate.csproj]
Windows Export	Build .NET project	2026-05-03T20:37:33.2754327Z ##[warning]/home/runner/work/godot-topdown-MVP/godot-topdown-MVP/Scripts/Projectiles/Bullet.cs(950,28): warning CS0162: Unreachable code detected [/home/runner/work/godot-topdown-MVP/godot-topdown-MVP/GodotTopDownTemplate.csproj]
Windows Export	Build .NET project	2026-05-03T20:37:33.2756871Z ##[warning]/home/runner/work/godot-topdown-MVP/godot-topdown-MVP/Scripts/Projectiles/ShotgunPellet.cs(778,72): warning CS8625: Cannot convert null literal to non-nullable reference type. [/home/runner/work/godot-topdown-MVP/godot-topdown-MVP/GodotTopDownTemplate.csproj]
Windows Export	Build .NET project	2026-05-03T20:37:33.2759313Z ##[warning]/home/runner/work/godot-topdown-MVP/godot-topdown-MVP/Scripts/Projectiles/Bullet.cs(1012,28): warning CS0162: Unreachable code detected [/home/runner/work/godot-topdown-MVP/godot-topdown-MVP/GodotTopDownTemplate.csproj]
Windows Export	Build .NET project	2026-05-03T20:37:33.2761369Z ##[warning]/home/runner/work/godot-topdown-MVP/godot-topdown-MVP/Scripts/Projectiles/Bullet.cs(1032,28): warning CS0162: Unreachable code detected [/home/runner/work/godot-topdown-MVP/godot-topdown-MVP/GodotTopDownTemplate.csproj]
Windows Export	Build .NET project	2026-05-03T20:37:33.2763454Z ##[warning]/home/runner/work/godot-topdown-MVP/godot-topdown-MVP/Scripts/Projectiles/Bullet.cs(1040,28): warning CS0162: Unreachable code detected [/home/runner/work/godot-topdown-MVP/godot-topdown-MVP/GodotTopDownTemplate.csproj]
Windows Export	Build .NET project	2026-05-03T20:37:33.2765696Z ##[warning]/home/runner/work/godot-topdown-MVP/godot-topdown-MVP/Scripts/Projectiles/Bullet.cs(1048,32): warning CS0162: Unreachable code detected [/home/runner/work/godot-topdown-MVP/godot-topdown-MVP/GodotTopDownTemplate.csproj]
Windows Export	Build .NET project	2026-05-03T20:37:33.2767843Z ##[warning]/home/runner/work/godot-topdown-MVP/godot-topdown-MVP/Scripts/Projectiles/ShotgunPellet.cs(873,17): warning CS0162: Unreachable code detected [/home/runner/work/godot-topdown-MVP/godot-topdown-MVP/GodotTopDownTemplate.csproj]
Windows Export	Build .NET project	2026-05-03T20:37:33.2770034Z ##[warning]/home/runner/work/godot-topdown-MVP/godot-topdown-MVP/Scripts/Projectiles/ShotgunPellet.cs(883,17): warning CS0162: Unreachable code detected [/home/runner/work/godot-topdown-MVP/godot-topdown-MVP/GodotTopDownTemplate.csproj]
Windows Export	Build .NET project	2026-05-03T20:37:33.2772154Z ##[warning]/home/runner/work/godot-topdown-MVP/godot-topdown-MVP/Scripts/Projectiles/ShotgunPellet.cs(893,13): warning CS0162: Unreachable code detected [/home/runner/work/godot-topdown-MVP/godot-topdown-MVP/GodotTopDownTemplate.csproj]
Windows Export	Build .NET project	2026-05-03T20:37:33.2774405Z ##[warning]/home/runner/work/godot-topdown-MVP/godot-topdown-MVP/Scripts/Projectiles/ShotgunPellet.cs(901,17): warning CS0162: Unreachable code detected [/home/runner/work/godot-topdown-MVP/godot-topdown-MVP/GodotTopDownTemplate.csproj]
Windows Export	Build .NET project	2026-05-03T20:37:33.2776690Z ##[warning]/home/runner/work/godot-topdown-MVP/godot-topdown-MVP/Scripts/Projectiles/ShotgunPellet.cs(911,13): warning CS0162: Unreachable code detected [/home/runner/work/godot-topdown-MVP/godot-topdown-MVP/GodotTopDownTemplate.csproj]
Windows Export	Build .NET project	2026-05-03T20:37:33.2778805Z ##[warning]/home/runner/work/godot-topdown-MVP/godot-topdown-MVP/Scripts/Projectiles/ShotgunPellet.cs(918,17): warning CS0162: Unreachable code detected [/home/runner/work/godot-topdown-MVP/godot-topdown-MVP/GodotTopDownTemplate.csproj]
Windows Export	Build .NET project	2026-05-03T20:37:33.2781114Z ##[warning]/home/runner/work/godot-topdown-MVP/godot-topdown-MVP/Scripts/Projectiles/Bullet.cs(1073,17): warning CS0162: Unreachable code detected [/home/runner/work/godot-topdown-MVP/godot-topdown-MVP/GodotTopDownTemplate.csproj]
Windows Export	Build .NET project	2026-05-03T20:37:33.2783250Z ##[warning]/home/runner/work/godot-topdown-MVP/godot-topdown-MVP/Scripts/Projectiles/Bullet.cs(1084,17): warning CS0162: Unreachable code detected [/home/runner/work/godot-topdown-MVP/godot-topdown-MVP/GodotTopDownTemplate.csproj]
Windows Export	Build .NET project	2026-05-03T20:37:33.2785612Z ##[warning]/home/runner/work/godot-topdown-MVP/godot-topdown-MVP/Scripts/Projectiles/Bullet.cs(1097,13): warning CS0162: Unreachable code detected [/home/runner/work/godot-topdown-MVP/godot-topdown-MVP/GodotTopDownTemplate.csproj]
Windows Export	Build .NET project	2026-05-03T20:37:33.2787747Z ##[warning]/home/runner/work/godot-topdown-MVP/godot-topdown-MVP/Scripts/Projectiles/Bullet.cs(1105,13): warning CS0162: Unreachable code detected [/home/runner/work/godot-topdown-MVP/godot-topdown-MVP/GodotTopDownTemplate.csproj]
Windows Export	Build .NET project	2026-05-03T20:37:33.2789813Z ##[warning]/home/runner/work/godot-topdown-MVP/godot-topdown-MVP/Scripts/Projectiles/Bullet.cs(1113,17): warning CS0162: Unreachable code detected [/home/runner/work/godot-topdown-MVP/godot-topdown-MVP/GodotTopDownTemplate.csproj]
Windows Export	Build .NET project	2026-05-03T20:37:33.2791900Z ##[warning]/home/runner/work/godot-topdown-MVP/godot-topdown-MVP/Scripts/Projectiles/ShotgunPellet.cs(1024,13): warning CS0162: Unreachable code detected [/home/runner/work/godot-topdown-MVP/godot-topdown-MVP/GodotTopDownTemplate.csproj]
Windows Export	Build .NET project	2026-05-03T20:37:33.2794174Z ##[warning]/home/runner/work/godot-topdown-MVP/godot-topdown-MVP/Scripts/Projectiles/Bullet.cs(1273,13): warning CS0162: Unreachable code detected [/home/runner/work/godot-topdown-MVP/godot-topdown-MVP/GodotTopDownTemplate.csproj]
Windows Export	Build .NET project	2026-05-03T20:37:33.2796511Z ##[warning]/home/runner/work/godot-topdown-MVP/godot-topdown-MVP/Scripts/Projectiles/Bullet.cs(1333,9): warning CS0162: Unreachable code detected [/home/runner/work/godot-topdown-MVP/godot-topdown-MVP/GodotTopDownTemplate.csproj]
Windows Export	Build .NET project	2026-05-03T20:37:33.2798636Z ##[warning]/home/runner/work/godot-topdown-MVP/godot-topdown-MVP/Scripts/Projectiles/Bullet.cs(1458,13): warning CS0162: Unreachable code detected [/home/runner/work/godot-topdown-MVP/godot-topdown-MVP/GodotTopDownTemplate.csproj]
Windows Export	Build .NET project	2026-05-03T20:37:33.2800849Z ##[warning]/home/runner/work/godot-topdown-MVP/godot-topdown-MVP/Scripts/Characters/Player.cs(1712,31): warning CS8602: Dereference of a possibly null reference. [/home/runner/work/godot-topdown-MVP/godot-topdown-MVP/GodotTopDownTemplate.csproj]
Windows Export	Build .NET project	2026-05-03T20:37:33.2803097Z ##[warning]/home/runner/work/godot-topdown-MVP/godot-topdown-MVP/Scripts/Characters/Player.cs(1736,58): warning CS8602: Dereference of a possibly null reference. [/home/runner/work/godot-topdown-MVP/godot-topdown-MVP/GodotTopDownTemplate.csproj]
Windows Export	Build .NET project	2026-05-03T20:37:33.2805409Z ##[warning]/home/runner/work/godot-topdown-MVP/godot-topdown-MVP/Scripts/Characters/Player.cs(1752,38): warning CS8602: Dereference of a possibly null reference. [/home/runner/work/godot-topdown-MVP/godot-topdown-MVP/GodotTopDownTemplate.csproj]
Windows Export	Build .NET project	2026-05-03T20:37:33.2807610Z ##[warning]/home/runner/work/godot-topdown-MVP/godot-topdown-MVP/Scripts/Characters/Player.cs(1773,21): warning CS8602: Dereference of a possibly null reference. [/home/runner/work/godot-topdown-MVP/godot-topdown-MVP/GodotTopDownTemplate.csproj]
Windows Export	Build .NET project	2026-05-03T20:37:33.2809931Z ##[warning]/home/runner/work/godot-topdown-MVP/godot-topdown-MVP/Scripts/Projectiles/Bullet.cs(1582,93): warning CS8625: Cannot convert null literal to non-nullable reference type. [/home/runner/work/godot-topdown-MVP/godot-topdown-MVP/GodotTopDownTemplate.csproj]
Windows Export	Build .NET project	2026-05-03T20:37:33.2812345Z ##[warning]/home/runner/work/godot-topdown-MVP/godot-topdown-MVP/Scripts/Projectiles/Bullet.cs(1601,109): warning CS8625: Cannot convert null literal to non-nullable reference type. [/home/runner/work/godot-topdown-MVP/godot-topdown-MVP/GodotTopDownTemplate.csproj]
Windows Export	Build .NET project	2026-05-03T20:37:33.2814842Z ##[warning]/home/runner/work/godot-topdown-MVP/godot-topdown-MVP/Scripts/Projectiles/Bullet.cs(1685,13): warning CS0162: Unreachable code detected [/home/runner/work/godot-topdown-MVP/godot-topdown-MVP/GodotTopDownTemplate.csproj]
Windows Export	Build .NET project	2026-05-03T20:37:33.2816946Z ##[warning]/home/runner/work/godot-topdown-MVP/godot-topdown-MVP/Scripts/Projectiles/Bullet.cs(1705,13): warning CS0162: Unreachable code detected [/home/runner/work/godot-topdown-MVP/godot-topdown-MVP/GodotTopDownTemplate.csproj]
Windows Export	Build .NET project	2026-05-03T20:37:33.2819093Z ##[warning]/home/runner/work/godot-topdown-MVP/godot-topdown-MVP/Scripts/Projectiles/Bullet.cs(1726,13): warning CS0162: Unreachable code detected [/home/runner/work/godot-topdown-MVP/godot-topdown-MVP/GodotTopDownTemplate.csproj]
Windows Export	Build .NET project	2026-05-03T20:37:33.2821199Z ##[warning]/home/runner/work/godot-topdown-MVP/godot-topdown-MVP/Scripts/Projectiles/Bullet.cs(1769,17): warning CS0162: Unreachable code detected [/home/runner/work/godot-topdown-MVP/godot-topdown-MVP/GodotTopDownTemplate.csproj]
Windows Export	Build .NET project	2026-05-03T20:37:33.2823304Z ##[warning]/home/runner/work/godot-topdown-MVP/godot-topdown-MVP/Scripts/Projectiles/Bullet.cs(1780,13): warning CS0162: Unreachable code detected [/home/runner/work/godot-topdown-MVP/godot-topdown-MVP/GodotTopDownTemplate.csproj]
Windows Export	Build .NET project	2026-05-03T20:37:33.2825639Z ##[warning]/home/runner/work/godot-topdown-MVP/godot-topdown-MVP/Scripts/Projectiles/Bullet.cs(1832,21): warning CS0162: Unreachable code detected [/home/runner/work/godot-topdown-MVP/godot-topdown-MVP/GodotTopDownTemplate.csproj]
Windows Export	Build .NET project	2026-05-03T20:37:33.2827937Z ##[warning]/home/runner/work/godot-topdown-MVP/godot-topdown-MVP/Scripts/Projectiles/Bullet.cs(1901,21): warning CS0162: Unreachable code detected [/home/runner/work/godot-topdown-MVP/godot-topdown-MVP/GodotTopDownTemplate.csproj]
Windows Export	Build .NET project	2026-05-03T20:37:33.2830669Z ##[warning]/home/runner/work/godot-topdown-MVP/godot-topdown-MVP/Scripts/Characters/Player.cs(2856,89): warning CS8604: Possible null reference argument for parameter 'from' in 'Variant.implicit operator Variant(GodotObject from)'. [/home/runner/work/godot-topdown-MVP/godot-topdown-MVP/GodotTopDownTemplate.csproj]
Windows Export	Build .NET project	2026-05-03T20:37:33.2833308Z ##[warning]/home/runner/work/godot-topdown-MVP/godot-topdown-MVP/Scripts/Characters/Player.ActiveItems.cs(1551,49): warning CS8625: Cannot convert null literal to non-nullable reference type. [/home/runner/work/godot-topdown-MVP/godot-topdown-MVP/GodotTopDownTemplate.csproj]
Windows Export	Build .NET project	2026-05-03T20:37:33.2836103Z ##[warning]/home/runner/work/godot-topdown-MVP/godot-topdown-MVP/Scripts/Characters/Player.ActiveItems.cs(4541,33): warning CS8625: Cannot convert null literal to non-nullable reference type. [/home/runner/work/godot-topdown-MVP/godot-topdown-MVP/GodotTopDownTemplate.csproj]
Windows Export	Build .NET project	2026-05-03T20:37:33.2838630Z ##[warning]/home/runner/work/godot-topdown-MVP/godot-topdown-MVP/Scripts/Characters/Player.cs(926,52): warning CS8625: Cannot convert null literal to non-nullable reference type. [/home/runner/work/godot-topdown-MVP/godot-topdown-MVP/GodotTopDownTemplate.csproj]
Windows Export	Build .NET project	2026-05-03T20:37:33.3133941Z   GodotTopDownTemplate -> /home/runner/work/godot-topdown-MVP/godot-topdown-MVP/.godot/mono/temp/bin/ExportRelease/GodotTopDownTemplate.dll
Windows Export	Build .NET project	2026-05-03T20:37:33.3249706Z 
Windows Export	Build .NET project	2026-05-03T20:37:33.3256210Z Build succeeded.
Windows Export	Build .NET project	2026-05-03T20:37:33.3256571Z 
Windows Export	Build .NET project	2026-05-03T20:37:33.3261091Z ##[warning]/home/runner/work/godot-topdown-MVP/godot-topdown-MVP/Scripts/Weapons/Shotgun.cs(1356,17): warning CS0114: 'Shotgun.StartReload()' hides inherited member 'BaseWeapon.StartReload()'. To make the current member override that implementation, add the override keyword. Otherwise add the new keyword. [/home/runner/work/godot-topdown-MVP/godot-topdown-MVP/GodotTopDownTemplate.csproj]
Windows Export	Build .NET project	2026-05-03T20:37:33.3268905Z ##[warning]/home/runner/work/godot-topdown-MVP/godot-topdown-MVP/Scripts/Projectiles/GrenadeTimer.cs(379,49): warning CS0618: 'TileMap' is obsolete: 'Use multiple 'TileMapLayer' nodes instead. To convert a TileMap to a set of TileMapLayer nodes, open the TileMap bottom panel with the node selected, click the toolbox icon in the top-right corner and choose 'Extract TileMap layers as individual TileMapLayer nodes'.' [/home/runner/work/godot-topdown-MVP/godot-topdown-MVP/GodotTopDownTemplate.csproj]
Windows Export	Build .NET project	2026-05-03T20:37:33.3275329Z ##[warning]/home/runner/work/godot-topdown-MVP/godot-topdown-MVP/Scripts/Projectiles/GrenadeTimer.cs(645,67): warning CS8625: Cannot convert null literal to non-nullable reference type. [/home/runner/work/godot-topdown-MVP/godot-topdown-MVP/GodotTopDownTemplate.csproj]
Windows Export	Build .NET project	2026-05-03T20:37:33.3280547Z ##[warning]/home/runner/work/godot-topdown-MVP/godot-topdown-MVP/Scripts/Projectiles/GrenadeTimer.cs(691,69): warning CS8604: Possible null reference argument for parameter 'from' in 'Variant.implicit operator Variant(GodotObject from)'. [/home/runner/work/godot-topdown-MVP/godot-topdown-MVP/GodotTopDownTemplate.csproj]
Windows Export	Build .NET project	2026-05-03T20:37:33.3286244Z ##[warning]/home/runner/work/godot-topdown-MVP/godot-topdown-MVP/Scripts/Projectiles/GrenadeTimer.cs(714,73): warning CS8604: Possible null reference argument for parameter 'from' in 'Variant.implicit operator Variant(GodotObject from)'. [/home/runner/work/godot-topdown-MVP/godot-topdown-MVP/GodotTopDownTemplate.csproj]
Windows Export	Build .NET project	2026-05-03T20:37:33.3293989Z ##[warning]/home/runner/work/godot-topdown-MVP/godot-topdown-MVP/Scripts/Weapons/SniperRifle.cs(971,63): warning CS0618: 'TileMap' is obsolete: 'Use multiple 'TileMapLayer' nodes instead. To convert a TileMap to a set of TileMapLayer nodes, open the TileMap bottom panel with the node selected, click the toolbox icon in the top-right corner and choose 'Extract TileMap layers as individual TileMapLayer nodes'.' [/home/runner/work/godot-topdown-MVP/godot-topdown-MVP/GodotTopDownTemplate.csproj]
Windows Export	Build .NET project	2026-05-03T20:37:33.3300527Z ##[warning]/home/runner/work/godot-topdown-MVP/godot-topdown-MVP/Scripts/Weapons/SniperRifle.cs(1061,63): warning CS0618: 'TileMap' is obsolete: 'Use multiple 'TileMapLayer' nodes instead. To convert a TileMap to a set of TileMapLayer nodes, open the TileMap bottom panel with the node selected, click the toolbox icon in the top-right corner and choose 'Extract TileMap layers as individual TileMapLayer nodes'.' [/home/runner/work/godot-topdown-MVP/godot-topdown-MVP/GodotTopDownTemplate.csproj]
Windows Export	Build .NET project	2026-05-03T20:37:33.3305291Z ##[warning]/home/runner/work/godot-topdown-MVP/godot-topdown-MVP/Scripts/Components/LevelInitFallback.cs(1035,34): warning CS8604: Possible null reference argument for parameter 'from' in 'Variant.implicit operator Variant(GodotObject from)'. [/home/runner/work/godot-topdown-MVP/godot-topdown-MVP/GodotTopDownTemplate.csproj]
Windows Export	Build .NET project	2026-05-03T20:37:33.3308683Z ##[warning]/home/runner/work/godot-topdown-MVP/godot-topdown-MVP/Scripts/Components/LevelInitFallback.cs(1036,45): warning CS8604: Possible null reference argument for parameter 'from' in 'Variant.implicit operator Variant(GodotObject from)'. [/home/runner/work/godot-topdown-MVP/godot-topdown-MVP/GodotTopDownTemplate.csproj]
Windows Export	Build .NET project	2026-05-03T20:37:33.3311719Z ##[warning]/home/runner/work/godot-topdown-MVP/godot-topdown-MVP/Scripts/Components/LevelInitFallback.cs(1037,38): warning CS8604: Possible null reference argument for parameter 'from' in 'Variant.implicit operator Variant(GodotObject from)'. [/home/runner/work/godot-topdown-MVP/godot-topdown-MVP/GodotTopDownTemplate.csproj]
Windows Export	Build .NET project	2026-05-03T20:37:33.3316737Z ##[warning]/home/runner/work/godot-topdown-MVP/godot-topdown-MVP/Scripts/Weapons/SniperRifle.cs(1271,63): warning CS0618: 'TileMap' is obsolete: 'Use multiple 'TileMapLayer' nodes instead. To convert a TileMap to a set of TileMapLayer nodes, open the TileMap bottom panel with the node selected, click the toolbox icon in the top-right corner and choose 'Extract TileMap layers as individual TileMapLayer nodes'.' [/home/runner/work/godot-topdown-MVP/godot-topdown-MVP/GodotTopDownTemplate.csproj]
Windows Export	Build .NET project	2026-05-03T20:37:33.3322363Z ##[warning]/home/runner/work/godot-topdown-MVP/godot-topdown-MVP/Scripts/Weapons/SniperRifle.cs(1459,63): warning CS0618: 'TileMap' is obsolete: 'Use multiple 'TileMapLayer' nodes instead. To convert a TileMap to a set of TileMapLayer nodes, open the TileMap bottom panel with the node selected, click the toolbox icon in the top-right corner and choose 'Extract TileMap layers as individual TileMapLayer nodes'.' [/home/runner/work/godot-topdown-MVP/godot-topdown-MVP/GodotTopDownTemplate.csproj]
Windows Export	Build .NET project	2026-05-03T20:37:33.3329220Z ##[warning]/home/runner/work/godot-topdown-MVP/godot-topdown-MVP/Scripts/Weapons/SniperRifle.cs(1790,93): warning CS8625: Cannot convert null literal to non-nullable reference type. [/home/runner/work/godot-topdown-MVP/godot-topdown-MVP/GodotTopDownTemplate.csproj]
Windows Export	Build .NET project	2026-05-03T20:37:33.3334070Z ##[warning]/home/runner/work/godot-topdown-MVP/godot-topdown-MVP/Scripts/Components/LevelInitFallback.cs(1916,21): warning CS0618: 'Image.Create(int, int, bool, Image.Format)' is obsolete: 'Use 'Godot.Image.CreateEmpty(int, int, bool, Image.Format)'.' [/home/runner/work/godot-topdown-MVP/godot-topdown-MVP/GodotTopDownTemplate.csproj]
Windows Export	Build .NET project	2026-05-03T20:37:33.3339416Z ##[warning]/home/runner/work/godot-topdown-MVP/godot-topdown-MVP/Scripts/Components/LevelInitFallback.cs(1942,21): warning CS0618: 'Image.Create(int, int, bool, Image.Format)' is obsolete: 'Use 'Godot.Image.CreateEmpty(int, int, bool, Image.Format)'.' [/home/runner/work/godot-topdown-MVP/godot-topdown-MVP/GodotTopDownTemplate.csproj]
Windows Export	Build .NET project	2026-05-03T20:37:33.3343976Z ##[warning]/home/runner/work/godot-topdown-MVP/godot-topdown-MVP/Scripts/Weapons/SilencedPistol.cs(832,94): warning CS8625: Cannot convert null literal to non-nullable reference type. [/home/runner/work/godot-topdown-MVP/godot-topdown-MVP/GodotTopDownTemplate.csproj]
Windows Export	Build .NET project	2026-05-03T20:37:33.3349058Z ##[warning]/home/runner/work/godot-topdown-MVP/godot-topdown-MVP/Scripts/AbstractClasses/BaseWeapon.cs(519,90): warning CS8625: Cannot convert null literal to non-nullable reference type. [/home/runner/work/godot-topdown-MVP/godot-topdown-MVP/GodotTopDownTemplate.csproj]
Windows Export	Build .NET project	2026-05-03T20:37:33.3354124Z ##[warning]/home/runner/work/godot-topdown-MVP/godot-topdown-MVP/Scripts/AbstractClasses/BaseWeapon.cs(702,75): warning CS8604: Possible null reference argument for parameter 'from' in 'Variant.implicit operator Variant(GodotObject from)'. [/home/runner/work/godot-topdown-MVP/godot-topdown-MVP/GodotTopDownTemplate.csproj]
Windows Export	Build .NET project	2026-05-03T20:37:33.3358634Z ##[warning]/home/runner/work/godot-topdown-MVP/godot-topdown-MVP/Scripts/AbstractClasses/BaseWeapon.cs(725,13): warning CS0162: Unreachable code detected [/home/runner/work/godot-topdown-MVP/godot-topdown-MVP/GodotTopDownTemplate.csproj]
Windows Export	Build .NET project	2026-05-03T20:37:33.3362667Z ##[warning]/home/runner/work/godot-topdown-MVP/godot-topdown-MVP/Scripts/Characters/Player.ActiveItems.cs(3601,33): warning CS8625: Cannot convert null literal to non-nullable reference type. [/home/runner/work/godot-topdown-MVP/godot-topdown-MVP/GodotTopDownTemplate.csproj]
Windows Export	Build .NET project	2026-05-03T20:37:33.3367116Z ##[warning]/home/runner/work/godot-topdown-MVP/godot-topdown-MVP/Scripts/Characters/Player.ActiveItems.cs(3613,36): warning CS8625: Cannot convert null literal to non-nullable reference type. [/home/runner/work/godot-topdown-MVP/godot-topdown-MVP/GodotTopDownTemplate.csproj]
Windows Export	Build .NET project	2026-05-03T20:37:33.3372085Z ##[warning]/home/runner/work/godot-topdown-MVP/godot-topdown-MVP/Scripts/Weapons/Revolver.cs(1260,75): warning CS8604: Possible null reference argument for parameter 'from' in 'Variant.implicit operator Variant(GodotObject from)'. [/home/runner/work/godot-topdown-MVP/godot-topdown-MVP/GodotTopDownTemplate.csproj]
Windows Export	Build .NET project	2026-05-03T20:37:33.3379947Z ##[warning]/home/runner/work/godot-topdown-MVP/godot-topdown-MVP/Scripts/Projectiles/BreakerDetonation.cs(138,57): warning CS0618: 'TileMap' is obsolete: 'Use multiple 'TileMapLayer' nodes instead. To convert a TileMap to a set of TileMapLayer nodes, open the TileMap bottom panel with the node selected, click the toolbox icon in the top-right corner and choose 'Extract TileMap layers as individual TileMapLayer nodes'.' [/home/runner/work/godot-topdown-MVP/godot-topdown-MVP/GodotTopDownTemplate.csproj]
Windows Export	Build .NET project	2026-05-03T20:37:33.3389058Z ##[warning]/home/runner/work/godot-topdown-MVP/godot-topdown-MVP/Scripts/Projectiles/SniperBullet.cs(222,45): warning CS0618: 'TileMap' is obsolete: 'Use multiple 'TileMapLayer' nodes instead. To convert a TileMap to a set of TileMapLayer nodes, open the TileMap bottom panel with the node selected, click the toolbox icon in the top-right corner and choose 'Extract TileMap layers as individual TileMapLayer nodes'.' [/home/runner/work/godot-topdown-MVP/godot-topdown-MVP/GodotTopDownTemplate.csproj]
Windows Export	Build .NET project	2026-05-03T20:37:33.3395179Z ##[warning]/home/runner/work/godot-topdown-MVP/godot-topdown-MVP/Scripts/Projectiles/SniperBullet.cs(300,72): warning CS8625: Cannot convert null literal to non-nullable reference type. [/home/runner/work/godot-topdown-MVP/godot-topdown-MVP/GodotTopDownTemplate.csproj]
Windows Export	Build .NET project	2026-05-03T20:37:33.3400091Z ##[warning]/home/runner/work/godot-topdown-MVP/godot-topdown-MVP/Scripts/Projectiles/BreakerDetonation.cs(298,36): warning CS8625: Cannot convert null literal to non-nullable reference type. [/home/runner/work/godot-topdown-MVP/godot-topdown-MVP/GodotTopDownTemplate.csproj]
Windows Export	Build .NET project	2026-05-03T20:37:33.3405277Z ##[warning]/home/runner/work/godot-topdown-MVP/godot-topdown-MVP/Scripts/Projectiles/BreakerDetonation.cs(306,78): warning CS8625: Cannot convert null literal to non-nullable reference type. [/home/runner/work/godot-topdown-MVP/godot-topdown-MVP/GodotTopDownTemplate.csproj]
Windows Export	Build .NET project	2026-05-03T20:37:33.3410073Z ##[warning]/home/runner/work/godot-topdown-MVP/godot-topdown-MVP/Scripts/Projectiles/SniperBullet.cs(408,99): warning CS8625: Cannot convert null literal to non-nullable reference type. [/home/runner/work/godot-topdown-MVP/godot-topdown-MVP/GodotTopDownTemplate.csproj]
Windows Export	Build .NET project	2026-05-03T20:37:33.3415005Z ##[warning]/home/runner/work/godot-topdown-MVP/godot-topdown-MVP/Scripts/Projectiles/ShotgunPellet.cs(296,21): warning CS0162: Unreachable code detected [/home/runner/work/godot-topdown-MVP/godot-topdown-MVP/GodotTopDownTemplate.csproj]
Windows Export	Build .NET project	2026-05-03T20:37:33.3419354Z ##[warning]/home/runner/work/godot-topdown-MVP/godot-topdown-MVP/Scripts/Projectiles/ShotgunPellet.cs(363,13): warning CS0162: Unreachable code detected [/home/runner/work/godot-topdown-MVP/godot-topdown-MVP/GodotTopDownTemplate.csproj]
Windows Export	Build .NET project	2026-05-03T20:37:33.3423602Z ##[warning]/home/runner/work/godot-topdown-MVP/godot-topdown-MVP/Scripts/Projectiles/Bullet.cs(462,21): warning CS0162: Unreachable code detected [/home/runner/work/godot-topdown-MVP/godot-topdown-MVP/GodotTopDownTemplate.csproj]
Windows Export	Build .NET project	2026-05-03T20:37:33.3428113Z ##[warning]/home/runner/work/godot-topdown-MVP/godot-topdown-MVP/Scripts/Projectiles/ShotgunPellet.cs(383,13): warning CS0162: Unreachable code detected [/home/runner/work/godot-topdown-MVP/godot-topdown-MVP/GodotTopDownTemplate.csproj]
Windows Export	Build .NET project	2026-05-03T20:37:33.3432495Z ##[warning]/home/runner/work/godot-topdown-MVP/godot-topdown-MVP/Scripts/Projectiles/ShotgunPellet.cs(426,17): warning CS0162: Unreachable code detected [/home/runner/work/godot-topdown-MVP/godot-topdown-MVP/GodotTopDownTemplate.csproj]
Windows Export	Build .NET project	2026-05-03T20:37:33.3437013Z ##[warning]/home/runner/work/godot-topdown-MVP/godot-topdown-MVP/Scripts/Projectiles/ShotgunPellet.cs(437,13): warning CS0162: Unreachable code detected [/home/runner/work/godot-topdown-MVP/godot-topdown-MVP/GodotTopDownTemplate.csproj]
Windows Export	Build .NET project	2026-05-03T20:37:33.3445715Z ##[warning]/home/runner/work/godot-topdown-MVP/godot-topdown-MVP/Scripts/Projectiles/Bullet.cs(669,66): warning CS0618: 'TileMap' is obsolete: 'Use multiple 'TileMapLayer' nodes instead. To convert a TileMap to a set of TileMapLayer nodes, open the TileMap bottom panel with the node selected, click the toolbox icon in the top-right corner and choose 'Extract TileMap layers as individual TileMapLayer nodes'.' [/home/runner/work/godot-topdown-MVP/godot-topdown-MVP/GodotTopDownTemplate.csproj]
Windows Export	Build .NET project	2026-05-03T20:37:33.3454066Z ##[warning]/home/runner/work/godot-topdown-MVP/godot-topdown-MVP/Scripts/Projectiles/Bullet.cs(675,45): warning CS0618: 'TileMap' is obsolete: 'Use multiple 'TileMapLayer' nodes instead. To convert a TileMap to a set of TileMapLayer nodes, open the TileMap bottom panel with the node selected, click the toolbox icon in the top-right corner and choose 'Extract TileMap layers as individual TileMapLayer nodes'.' [/home/runner/work/godot-topdown-MVP/godot-topdown-MVP/GodotTopDownTemplate.csproj]
Windows Export	Build .NET project	2026-05-03T20:37:33.3459622Z ##[warning]/home/runner/work/godot-topdown-MVP/godot-topdown-MVP/Scripts/Projectiles/Bullet.cs(648,36): warning CS0162: Unreachable code detected [/home/runner/work/godot-topdown-MVP/godot-topdown-MVP/GodotTopDownTemplate.csproj]
Windows Export	Build .NET project	2026-05-03T20:37:33.3463414Z ##[warning]/home/runner/work/godot-topdown-MVP/godot-topdown-MVP/Scripts/Projectiles/ShotgunPellet.cs(489,21): warning CS0162: Unreachable code detected [/home/runner/work/godot-topdown-MVP/godot-topdown-MVP/GodotTopDownTemplate.csproj]
Windows Export	Build .NET project	2026-05-03T20:37:33.3468174Z ##[warning]/home/runner/work/godot-topdown-MVP/godot-topdown-MVP/Scripts/Projectiles/Bullet.cs(774,99): warning CS8625: Cannot convert null literal to non-nullable reference type. [/home/runner/work/godot-topdown-MVP/godot-topdown-MVP/GodotTopDownTemplate.csproj]
Windows Export	Build .NET project	2026-05-03T20:37:33.3472200Z ##[warning]/home/runner/work/godot-topdown-MVP/godot-topdown-MVP/Scripts/Projectiles/ShotgunPellet.cs(556,21): warning CS0162: Unreachable code detected [/home/runner/work/godot-topdown-MVP/godot-topdown-MVP/GodotTopDownTemplate.csproj]
Windows Export	Build .NET project	2026-05-03T20:37:33.3479595Z ##[warning]/home/runner/work/godot-topdown-MVP/godot-topdown-MVP/Scripts/Projectiles/ShotgunPellet.cs(666,66): warning CS0618: 'TileMap' is obsolete: 'Use multiple 'TileMapLayer' nodes instead. To convert a TileMap to a set of TileMapLayer nodes, open the TileMap bottom panel with the node selected, click the toolbox icon in the top-right corner and choose 'Extract TileMap layers as individual TileMapLayer nodes'.' [/home/runner/work/godot-topdown-MVP/godot-topdown-MVP/GodotTopDownTemplate.csproj]
Windows Export	Build .NET project	2026-05-03T20:37:33.3488661Z ##[warning]/home/runner/work/godot-topdown-MVP/godot-topdown-MVP/Scripts/Projectiles/ShotgunPellet.cs(673,45): warning CS0618: 'TileMap' is obsolete: 'Use multiple 'TileMapLayer' nodes instead. To convert a TileMap to a set of TileMapLayer nodes, open the TileMap bottom panel with the node selected, click the toolbox icon in the top-right corner and choose 'Extract TileMap layers as individual TileMapLayer nodes'.' [/home/runner/work/godot-topdown-MVP/godot-topdown-MVP/GodotTopDownTemplate.csproj]
Windows Export	Build .NET project	2026-05-03T20:37:33.3494393Z ##[warning]/home/runner/work/godot-topdown-MVP/godot-topdown-MVP/Scripts/Projectiles/ShotgunPellet.cs(714,99): warning CS8625: Cannot convert null literal to non-nullable reference type. [/home/runner/work/godot-topdown-MVP/godot-topdown-MVP/GodotTopDownTemplate.csproj]
Windows Export	Build .NET project	2026-05-03T20:37:33.3498899Z ##[warning]/home/runner/work/godot-topdown-MVP/godot-topdown-MVP/Scripts/Projectiles/Bullet.cs(889,72): warning CS8625: Cannot convert null literal to non-nullable reference type. [/home/runner/work/godot-topdown-MVP/godot-topdown-MVP/GodotTopDownTemplate.csproj]
Windows Export	Build .NET project	2026-05-03T20:37:33.3502784Z ##[warning]/home/runner/work/godot-topdown-MVP/godot-topdown-MVP/Scripts/Projectiles/Bullet.cs(807,24): warning CS0162: Unreachable code detected [/home/runner/work/godot-topdown-MVP/godot-topdown-MVP/GodotTopDownTemplate.csproj]
Windows Export	Build .NET project	2026-05-03T20:37:33.3506627Z ##[warning]/home/runner/work/godot-topdown-MVP/godot-topdown-MVP/Scripts/Projectiles/Bullet.cs(815,28): warning CS0162: Unreachable code detected [/home/runner/work/godot-topdown-MVP/godot-topdown-MVP/GodotTopDownTemplate.csproj]
Windows Export	Build .NET project	2026-05-03T20:37:33.3510357Z ##[warning]/home/runner/work/godot-topdown-MVP/godot-topdown-MVP/Scripts/Projectiles/Bullet.cs(825,28): warning CS0162: Unreachable code detected [/home/runner/work/godot-topdown-MVP/godot-topdown-MVP/GodotTopDownTemplate.csproj]
Windows Export	Build .NET project	2026-05-03T20:37:33.3514057Z ##[warning]/home/runner/work/godot-topdown-MVP/godot-topdown-MVP/Scripts/Projectiles/Bullet.cs(835,28): warning CS0162: Unreachable code detected [/home/runner/work/godot-topdown-MVP/godot-topdown-MVP/GodotTopDownTemplate.csproj]
Windows Export	Build .NET project	2026-05-03T20:37:33.3517918Z ##[warning]/home/runner/work/godot-topdown-MVP/godot-topdown-MVP/Scripts/Projectiles/Bullet.cs(850,36): warning CS0162: Unreachable code detected [/home/runner/work/godot-topdown-MVP/godot-topdown-MVP/GodotTopDownTemplate.csproj]
Windows Export	Build .NET project	2026-05-03T20:37:33.3521806Z ##[warning]/home/runner/work/godot-topdown-MVP/godot-topdown-MVP/Scripts/Projectiles/Bullet.cs(864,32): warning CS0162: Unreachable code detected [/home/runner/work/godot-topdown-MVP/godot-topdown-MVP/GodotTopDownTemplate.csproj]
Windows Export	Build .NET project	2026-05-03T20:37:33.3525679Z ##[warning]/home/runner/work/godot-topdown-MVP/godot-topdown-MVP/Scripts/Projectiles/Bullet.cs(888,28): warning CS0162: Unreachable code detected [/home/runner/work/godot-topdown-MVP/godot-topdown-MVP/GodotTopDownTemplate.csproj]
Windows Export	Build .NET project	2026-05-03T20:37:33.3529324Z ##[warning]/home/runner/work/godot-topdown-MVP/godot-topdown-MVP/Scripts/Projectiles/Bullet.cs(895,28): warning CS0162: Unreachable code detected [/home/runner/work/godot-topdown-MVP/godot-topdown-MVP/GodotTopDownTemplate.csproj]
Windows Export	Build .NET project	2026-05-03T20:37:33.3531612Z ##[warning]/home/runner/work/godot-topdown-MVP/godot-topdown-MVP/Scripts/Projectiles/Bullet.cs(904,28): warning CS0162: Unreachable code detected [/home/runner/work/godot-topdown-MVP/godot-topdown-MVP/GodotTopDownTemplate.csproj]
Windows Export	Build .NET project	2026-05-03T20:37:33.3565295Z ##[warning]/home/runner/work/godot-topdown-MVP/godot-topdown-MVP/Scripts/Projectiles/Bullet.cs(911,28): warning CS0162: Unreachable code detected [/home/runner/work/godot-topdown-MVP/godot-topdown-MVP/GodotTopDownTemplate.csproj]
Windows Export	Build .NET project	2026-05-03T20:37:33.3567965Z ##[warning]/home/runner/work/godot-topdown-MVP/godot-topdown-MVP/Scripts/Projectiles/Bullet.cs(918,28): warning CS0162: Unreachable code detected [/home/runner/work/godot-topdown-MVP/godot-topdown-MVP/GodotTopDownTemplate.csproj]
Windows Export	Build .NET project	2026-05-03T20:37:33.3570395Z ##[warning]/home/runner/work/godot-topdown-MVP/godot-topdown-MVP/Scripts/Projectiles/Bullet.cs(928,28): warning CS0162: Unreachable code detected [/home/runner/work/godot-topdown-MVP/godot-topdown-MVP/GodotTopDownTemplate.csproj]
Windows Export	Build .NET project	2026-05-03T20:37:33.3572595Z ##[warning]/home/runner/work/godot-topdown-MVP/godot-topdown-MVP/Scripts/Projectiles/Bullet.cs(950,28): warning CS0162: Unreachable code detected [/home/runner/work/godot-topdown-MVP/godot-topdown-MVP/GodotTopDownTemplate.csproj]
Windows Export	Build .NET project	2026-05-03T20:37:33.3575685Z ##[warning]/home/runner/work/godot-topdown-MVP/godot-topdown-MVP/Scripts/Projectiles/ShotgunPellet.cs(778,72): warning CS8625: Cannot convert null literal to non-nullable reference type. [/home/runner/work/godot-topdown-MVP/godot-topdown-MVP/GodotTopDownTemplate.csproj]
Windows Export	Build .NET project	2026-05-03T20:37:33.3578753Z ##[warning]/home/runner/work/godot-topdown-MVP/godot-topdown-MVP/Scripts/Projectiles/Bullet.cs(1012,28): warning CS0162: Unreachable code detected [/home/runner/work/godot-topdown-MVP/godot-topdown-MVP/GodotTopDownTemplate.csproj]
Windows Export	Build .NET project	2026-05-03T20:37:33.3580901Z ##[warning]/home/runner/work/godot-topdown-MVP/godot-topdown-MVP/Scripts/Projectiles/Bullet.cs(1032,28): warning CS0162: Unreachable code detected [/home/runner/work/godot-topdown-MVP/godot-topdown-MVP/GodotTopDownTemplate.csproj]
Windows Export	Build .NET project	2026-05-03T20:37:33.3583017Z ##[warning]/home/runner/work/godot-topdown-MVP/godot-topdown-MVP/Scripts/Projectiles/Bullet.cs(1040,28): warning CS0162: Unreachable code detected [/home/runner/work/godot-topdown-MVP/godot-topdown-MVP/GodotTopDownTemplate.csproj]
Windows Export	Build .NET project	2026-05-03T20:37:33.3585312Z ##[warning]/home/runner/work/godot-topdown-MVP/godot-topdown-MVP/Scripts/Projectiles/Bullet.cs(1048,32): warning CS0162: Unreachable code detected [/home/runner/work/godot-topdown-MVP/godot-topdown-MVP/GodotTopDownTemplate.csproj]
Windows Export	Build .NET project	2026-05-03T20:37:33.3587508Z ##[warning]/home/runner/work/godot-topdown-MVP/godot-topdown-MVP/Scripts/Projectiles/ShotgunPellet.cs(873,17): warning CS0162: Unreachable code detected [/home/runner/work/godot-topdown-MVP/godot-topdown-MVP/GodotTopDownTemplate.csproj]
Windows Export	Build .NET project	2026-05-03T20:37:33.3589689Z ##[warning]/home/runner/work/godot-topdown-MVP/godot-topdown-MVP/Scripts/Projectiles/ShotgunPellet.cs(883,17): warning CS0162: Unreachable code detected [/home/runner/work/godot-topdown-MVP/godot-topdown-MVP/GodotTopDownTemplate.csproj]
Windows Export	Build .NET project	2026-05-03T20:37:33.3592056Z ##[warning]/home/runner/work/godot-topdown-MVP/godot-topdown-MVP/Scripts/Projectiles/ShotgunPellet.cs(893,13): warning CS0162: Unreachable code detected [/home/runner/work/godot-topdown-MVP/godot-topdown-MVP/GodotTopDownTemplate.csproj]
Windows Export	Build .NET project	2026-05-03T20:37:33.3594288Z ##[warning]/home/runner/work/godot-topdown-MVP/godot-topdown-MVP/Scripts/Projectiles/ShotgunPellet.cs(901,17): warning CS0162: Unreachable code detected [/home/runner/work/godot-topdown-MVP/godot-topdown-MVP/GodotTopDownTemplate.csproj]
Windows Export	Build .NET project	2026-05-03T20:37:33.3596935Z ##[warning]/home/runner/work/godot-topdown-MVP/godot-topdown-MVP/Scripts/Projectiles/ShotgunPellet.cs(911,13): warning CS0162: Unreachable code detected [/home/runner/work/godot-topdown-MVP/godot-topdown-MVP/GodotTopDownTemplate.csproj]
Windows Export	Build .NET project	2026-05-03T20:37:33.3599093Z ##[warning]/home/runner/work/godot-topdown-MVP/godot-topdown-MVP/Scripts/Projectiles/ShotgunPellet.cs(918,17): warning CS0162: Unreachable code detected [/home/runner/work/godot-topdown-MVP/godot-topdown-MVP/GodotTopDownTemplate.csproj]
Windows Export	Build .NET project	2026-05-03T20:37:33.3601217Z ##[warning]/home/runner/work/godot-topdown-MVP/godot-topdown-MVP/Scripts/Projectiles/Bullet.cs(1073,17): warning CS0162: Unreachable code detected [/home/runner/work/godot-topdown-MVP/godot-topdown-MVP/GodotTopDownTemplate.csproj]
Windows Export	Build .NET project	2026-05-03T20:37:33.3603303Z ##[warning]/home/runner/work/godot-topdown-MVP/godot-topdown-MVP/Scripts/Projectiles/Bullet.cs(1084,17): warning CS0162: Unreachable code detected [/home/runner/work/godot-topdown-MVP/godot-topdown-MVP/GodotTopDownTemplate.csproj]
Windows Export	Build .NET project	2026-05-03T20:37:33.3605767Z ##[warning]/home/runner/work/godot-topdown-MVP/godot-topdown-MVP/Scripts/Projectiles/Bullet.cs(1097,13): warning CS0162: Unreachable code detected [/home/runner/work/godot-topdown-MVP/godot-topdown-MVP/GodotTopDownTemplate.csproj]
Windows Export	Build .NET project	2026-05-03T20:37:33.3607850Z ##[warning]/home/runner/work/godot-topdown-MVP/godot-topdown-MVP/Scripts/Projectiles/Bullet.cs(1105,13): warning CS0162: Unreachable code detected [/home/runner/work/godot-topdown-MVP/godot-topdown-MVP/GodotTopDownTemplate.csproj]
Windows Export	Build .NET project	2026-05-03T20:37:33.3609964Z ##[warning]/home/runner/work/godot-topdown-MVP/godot-topdown-MVP/Scripts/Projectiles/Bullet.cs(1113,17): warning CS0162: Unreachable code detected [/home/runner/work/godot-topdown-MVP/godot-topdown-MVP/GodotTopDownTemplate.csproj]
Windows Export	Build .NET project	2026-05-03T20:37:33.3612066Z ##[warning]/home/runner/work/godot-topdown-MVP/godot-topdown-MVP/Scripts/Projectiles/ShotgunPellet.cs(1024,13): warning CS0162: Unreachable code detected [/home/runner/work/godot-topdown-MVP/godot-topdown-MVP/GodotTopDownTemplate.csproj]
Windows Export	Build .NET project	2026-05-03T20:37:33.3614173Z ##[warning]/home/runner/work/godot-topdown-MVP/godot-topdown-MVP/Scripts/Projectiles/Bullet.cs(1273,13): warning CS0162: Unreachable code detected [/home/runner/work/godot-topdown-MVP/godot-topdown-MVP/GodotTopDownTemplate.csproj]
Windows Export	Build .NET project	2026-05-03T20:37:33.3616514Z ##[warning]/home/runner/work/godot-topdown-MVP/godot-topdown-MVP/Scripts/Projectiles/Bullet.cs(1333,9): warning CS0162: Unreachable code detected [/home/runner/work/godot-topdown-MVP/godot-topdown-MVP/GodotTopDownTemplate.csproj]
Windows Export	Build .NET project	2026-05-03T20:37:33.3618595Z ##[warning]/home/runner/work/godot-topdown-MVP/godot-topdown-MVP/Scripts/Projectiles/Bullet.cs(1458,13): warning CS0162: Unreachable code detected [/home/runner/work/godot-topdown-MVP/godot-topdown-MVP/GodotTopDownTemplate.csproj]
Windows Export	Build .NET project	2026-05-03T20:37:33.3620779Z ##[warning]/home/runner/work/godot-topdown-MVP/godot-topdown-MVP/Scripts/Characters/Player.cs(1712,31): warning CS8602: Dereference of a possibly null reference. [/home/runner/work/godot-topdown-MVP/godot-topdown-MVP/GodotTopDownTemplate.csproj]
Windows Export	Build .NET project	2026-05-03T20:37:33.3623027Z ##[warning]/home/runner/work/godot-topdown-MVP/godot-topdown-MVP/Scripts/Characters/Player.cs(1736,58): warning CS8602: Dereference of a possibly null reference. [/home/runner/work/godot-topdown-MVP/godot-topdown-MVP/GodotTopDownTemplate.csproj]
Windows Export	Build .NET project	2026-05-03T20:37:33.3625451Z ##[warning]/home/runner/work/godot-topdown-MVP/godot-topdown-MVP/Scripts/Characters/Player.cs(1752,38): warning CS8602: Dereference of a possibly null reference. [/home/runner/work/godot-topdown-MVP/godot-topdown-MVP/GodotTopDownTemplate.csproj]
Windows Export	Build .NET project	2026-05-03T20:37:33.3627867Z ##[warning]/home/runner/work/godot-topdown-MVP/godot-topdown-MVP/Scripts/Characters/Player.cs(1773,21): warning CS8602: Dereference of a possibly null reference. [/home/runner/work/godot-topdown-MVP/godot-topdown-MVP/GodotTopDownTemplate.csproj]
Windows Export	Build .NET project	2026-05-03T20:37:33.3630256Z ##[warning]/home/runner/work/godot-topdown-MVP/godot-topdown-MVP/Scripts/Projectiles/Bullet.cs(1582,93): warning CS8625: Cannot convert null literal to non-nullable reference type. [/home/runner/work/godot-topdown-MVP/godot-topdown-MVP/GodotTopDownTemplate.csproj]
Windows Export	Build .NET project	2026-05-03T20:37:33.3632662Z ##[warning]/home/runner/work/godot-topdown-MVP/godot-topdown-MVP/Scripts/Projectiles/Bullet.cs(1601,109): warning CS8625: Cannot convert null literal to non-nullable reference type. [/home/runner/work/godot-topdown-MVP/godot-topdown-MVP/GodotTopDownTemplate.csproj]
Windows Export	Build .NET project	2026-05-03T20:37:33.3635061Z ##[warning]/home/runner/work/godot-topdown-MVP/godot-topdown-MVP/Scripts/Projectiles/Bullet.cs(1685,13): warning CS0162: Unreachable code detected [/home/runner/work/godot-topdown-MVP/godot-topdown-MVP/GodotTopDownTemplate.csproj]
Windows Export	Build .NET project	2026-05-03T20:37:33.3637165Z ##[warning]/home/runner/work/godot-topdown-MVP/godot-topdown-MVP/Scripts/Projectiles/Bullet.cs(1705,13): warning CS0162: Unreachable code detected [/home/runner/work/godot-topdown-MVP/godot-topdown-MVP/GodotTopDownTemplate.csproj]
Windows Export	Build .NET project	2026-05-03T20:37:33.3639395Z ##[warning]/home/runner/work/godot-topdown-MVP/godot-topdown-MVP/Scripts/Projectiles/Bullet.cs(1726,13): warning CS0162: Unreachable code detected [/home/runner/work/godot-topdown-MVP/godot-topdown-MVP/GodotTopDownTemplate.csproj]
Windows Export	Build .NET project	2026-05-03T20:37:33.3641458Z ##[warning]/home/runner/work/godot-topdown-MVP/godot-topdown-MVP/Scripts/Projectiles/Bullet.cs(1769,17): warning CS0162: Unreachable code detected [/home/runner/work/godot-topdown-MVP/godot-topdown-MVP/GodotTopDownTemplate.csproj]
Windows Export	Build .NET project	2026-05-03T20:37:33.3643531Z ##[warning]/home/runner/work/godot-topdown-MVP/godot-topdown-MVP/Scripts/Projectiles/Bullet.cs(1780,13): warning CS0162: Unreachable code detected [/home/runner/work/godot-topdown-MVP/godot-topdown-MVP/GodotTopDownTemplate.csproj]
Windows Export	Build .NET project	2026-05-03T20:37:33.3645779Z ##[warning]/home/runner/work/godot-topdown-MVP/godot-topdown-MVP/Scripts/Projectiles/Bullet.cs(1832,21): warning CS0162: Unreachable code detected [/home/runner/work/godot-topdown-MVP/godot-topdown-MVP/GodotTopDownTemplate.csproj]
Windows Export	Build .NET project	2026-05-03T20:37:33.3647875Z ##[warning]/home/runner/work/godot-topdown-MVP/godot-topdown-MVP/Scripts/Projectiles/Bullet.cs(1901,21): warning CS0162: Unreachable code detected [/home/runner/work/godot-topdown-MVP/godot-topdown-MVP/GodotTopDownTemplate.csproj]
Windows Export	Build .NET project	2026-05-03T20:37:33.3650560Z ##[warning]/home/runner/work/godot-topdown-MVP/godot-topdown-MVP/Scripts/Characters/Player.cs(2856,89): warning CS8604: Possible null reference argument for parameter 'from' in 'Variant.implicit operator Variant(GodotObject from)'. [/home/runner/work/godot-topdown-MVP/godot-topdown-MVP/GodotTopDownTemplate.csproj]
Windows Export	Build .NET project	2026-05-03T20:37:33.3653223Z ##[warning]/home/runner/work/godot-topdown-MVP/godot-topdown-MVP/Scripts/Characters/Player.ActiveItems.cs(1551,49): warning CS8625: Cannot convert null literal to non-nullable reference type. [/home/runner/work/godot-topdown-MVP/godot-topdown-MVP/GodotTopDownTemplate.csproj]
Windows Export	Build .NET project	2026-05-03T20:37:33.3655972Z ##[warning]/home/runner/work/godot-topdown-MVP/godot-topdown-MVP/Scripts/Characters/Player.ActiveItems.cs(4541,33): warning CS8625: Cannot convert null literal to non-nullable reference type. [/home/runner/work/godot-topdown-MVP/godot-topdown-MVP/GodotTopDownTemplate.csproj]
Windows Export	Build .NET project	2026-05-03T20:37:33.3658425Z ##[warning]/home/runner/work/godot-topdown-MVP/godot-topdown-MVP/Scripts/Characters/Player.cs(926,52): warning CS8625: Cannot convert null literal to non-nullable reference type. [/home/runner/work/godot-topdown-MVP/godot-topdown-MVP/GodotTopDownTemplate.csproj]
Windows Export	Build .NET project	2026-05-03T20:37:33.3659949Z     94 Warning(s)
Windows Export	Build .NET project	2026-05-03T20:37:33.3660146Z     0 Error(s)
Windows Export	Build .NET project	2026-05-03T20:37:33.3660256Z 
Windows Export	Build .NET project	2026-05-03T20:37:33.3660378Z Time Elapsed 00:00:07.89
Windows Export	Install Wine	﻿2026-05-03T20:37:33.3700287Z ##[group]Run sudo dpkg --add-architecture i386
Windows Export	Install Wine	2026-05-03T20:37:33.3700670Z [36;1msudo dpkg --add-architecture i386[0m
Windows Export	Install Wine	2026-05-03T20:37:33.3700970Z [36;1msudo apt-get update -q[0m
Windows Export	Install Wine	2026-05-03T20:37:33.3701261Z [36;1msudo apt-get install -y wine64 wine32:i386[0m
Windows Export	Install Wine	2026-05-03T20:37:33.3701592Z [36;1mWINE_BIN=$(which wine64 || which wine)[0m
Windows Export	Install Wine	2026-05-03T20:37:33.3701876Z [36;1mecho "Found wine at: $WINE_BIN"[0m
Windows Export	Install Wine	2026-05-03T20:37:33.3702184Z [36;1mecho "WINE_PATH=$WINE_BIN" >> "$GITHUB_OUTPUT"[0m
Windows Export	Install Wine	2026-05-03T20:37:33.3724180Z shell: /usr/bin/bash -e {0}
Windows Export	Install Wine	2026-05-03T20:37:33.3724412Z env:
Windows Export	Install Wine	2026-05-03T20:37:33.3724611Z   DOTNET_ROOT: /usr/share/dotnet
Windows Export	Install Wine	2026-05-03T20:37:33.3724977Z ##[endgroup]
Windows Export	Install Wine	2026-05-03T20:37:33.4657237Z Get:1 file:/etc/apt/apt-mirrors.txt Mirrorlist [144 B]
Windows Export	Install Wine	2026-05-03T20:37:33.5004592Z Hit:2 http://azure.archive.ubuntu.com/ubuntu noble InRelease
Windows Export	Install Wine	2026-05-03T20:37:33.5048595Z Get:3 http://azure.archive.ubuntu.com/ubuntu noble-updates InRelease [126 kB]
Windows Export	Install Wine	2026-05-03T20:37:33.5101838Z Hit:6 https://packages.microsoft.com/repos/azure-cli noble InRelease
Windows Export	Install Wine	2026-05-03T20:37:33.5144985Z Get:4 http://azure.archive.ubuntu.com/ubuntu noble-backports InRelease [126 kB]
Windows Export	Install Wine	2026-05-03T20:37:33.5146377Z Get:7 https://packages.microsoft.com/ubuntu/24.04/prod noble InRelease [3600 B]
Windows Export	Install Wine	2026-05-03T20:37:33.5196799Z Get:5 http://azure.archive.ubuntu.com/ubuntu noble-security InRelease [126 kB]
Windows Export	Install Wine	2026-05-03T20:37:33.5342874Z Get:8 https://dl.google.com/linux/chrome-stable/deb stable InRelease [1825 B]
Windows Export	Install Wine	2026-05-03T20:37:33.5837485Z Get:9 http://azure.archive.ubuntu.com/ubuntu noble/main i386 Packages [1041 kB]
Windows Export	Install Wine	2026-05-03T20:37:33.6016724Z Get:10 http://azure.archive.ubuntu.com/ubuntu noble/universe i386 Packages [8514 kB]
Windows Export	Install Wine	2026-05-03T20:37:33.6527429Z Get:11 http://azure.archive.ubuntu.com/ubuntu noble/restricted i386 Packages [14.7 kB]
Windows Export	Install Wine	2026-05-03T20:37:33.6547831Z Get:12 http://azure.archive.ubuntu.com/ubuntu noble/multiverse i386 Packages [126 kB]
Windows Export	Install Wine	2026-05-03T20:37:33.7169439Z Get:13 http://azure.archive.ubuntu.com/ubuntu noble-updates/main amd64 Packages [1946 kB]
Windows Export	Install Wine	2026-05-03T20:37:33.7275450Z Get:14 http://azure.archive.ubuntu.com/ubuntu noble-updates/main i386 Packages [612 kB]
Windows Export	Install Wine	2026-05-03T20:37:33.7318968Z Get:15 http://azure.archive.ubuntu.com/ubuntu noble-updates/main Translation-en [348 kB]
Windows Export	Install Wine	2026-05-03T20:37:33.7347362Z Get:16 http://azure.archive.ubuntu.com/ubuntu noble-updates/main amd64 Components [177 kB]
Windows Export	Install Wine	2026-05-03T20:37:33.7445071Z Get:17 http://azure.archive.ubuntu.com/ubuntu noble-updates/main amd64 c-n-f Metadata [17.1 kB]
Windows Export	Install Wine	2026-05-03T20:37:33.7455784Z Get:18 http://azure.archive.ubuntu.com/ubuntu noble-updates/universe i386 Packages [1128 kB]
Windows Export	Install Wine	2026-05-03T20:37:33.7963179Z Get:19 http://azure.archive.ubuntu.com/ubuntu noble-updates/universe amd64 Packages [1685 kB]
Windows Export	Install Wine	2026-05-03T20:37:33.8061984Z Get:20 http://azure.archive.ubuntu.com/ubuntu noble-updates/universe Translation-en [324 kB]
Windows Export	Install Wine	2026-05-03T20:37:33.8088065Z Get:21 http://azure.archive.ubuntu.com/ubuntu noble-updates/universe amd64 Components [386 kB]
Windows Export	Install Wine	2026-05-03T20:37:33.8116767Z Get:22 http://azure.archive.ubuntu.com/ubuntu noble-updates/universe amd64 c-n-f Metadata [34.5 kB]
Windows Export	Install Wine	2026-05-03T20:37:33.8128878Z Get:23 http://azure.archive.ubuntu.com/ubuntu noble-updates/restricted amd64 Packages [3095 kB]
Windows Export	Install Wine	2026-05-03T20:37:33.8295383Z Get:47 https://packages.microsoft.com/ubuntu/24.04/prod noble/main arm64 Packages [107 kB]
Windows Export	Install Wine	2026-05-03T20:37:33.8302376Z Get:24 http://azure.archive.ubuntu.com/ubuntu noble-updates/restricted i386 Packages [27.6 kB]
Windows Export	Install Wine	2026-05-03T20:37:33.8318125Z Get:25 http://azure.archive.ubuntu.com/ubuntu noble-updates/restricted Translation-en [715 kB]
Windows Export	Install Wine	2026-05-03T20:37:33.8332899Z Get:48 https://packages.microsoft.com/ubuntu/24.04/prod noble/main armhf Packages [11.6 kB]
Windows Export	Install Wine	2026-05-03T20:37:33.8359553Z Get:49 https://packages.microsoft.com/ubuntu/24.04/prod noble/main amd64 Packages [132 kB]
Windows Export	Install Wine	2026-05-03T20:37:33.8368283Z Get:26 http://azure.archive.ubuntu.com/ubuntu noble-updates/restricted amd64 Components [212 B]
Windows Export	Install Wine	2026-05-03T20:37:33.8375714Z Get:27 http://azure.archive.ubuntu.com/ubuntu noble-updates/restricted amd64 c-n-f Metadata [480 B]
Windows Export	Install Wine	2026-05-03T20:37:33.8381929Z Get:28 http://azure.archive.ubuntu.com/ubuntu noble-updates/multiverse amd64 Packages [44.4 kB]
Windows Export	Install Wine	2026-05-03T20:37:33.8401354Z Get:29 http://azure.archive.ubuntu.com/ubuntu noble-updates/multiverse i386 Packages [8448 B]
Windows Export	Install Wine	2026-05-03T20:37:33.8410664Z Get:30 http://azure.archive.ubuntu.com/ubuntu noble-updates/multiverse Translation-en [10.2 kB]
Windows Export	Install Wine	2026-05-03T20:37:33.8420969Z Get:31 http://azure.archive.ubuntu.com/ubuntu noble-updates/multiverse amd64 Components [940 B]
Windows Export	Install Wine	2026-05-03T20:37:33.8431679Z Get:32 http://azure.archive.ubuntu.com/ubuntu noble-updates/multiverse amd64 c-n-f Metadata [656 B]
Windows Export	Install Wine	2026-05-03T20:37:33.8969362Z Get:33 http://azure.archive.ubuntu.com/ubuntu noble-backports/main amd64 Packages [64.5 kB]
Windows Export	Install Wine	2026-05-03T20:37:33.8978096Z Get:34 http://azure.archive.ubuntu.com/ubuntu noble-backports/main i386 Packages [57.0 kB]
Windows Export	Install Wine	2026-05-03T20:37:33.8979599Z Get:35 http://azure.archive.ubuntu.com/ubuntu noble-backports/main Translation-en [9172 B]
Windows Export	Install Wine	2026-05-03T20:37:33.8980948Z Get:36 http://azure.archive.ubuntu.com/ubuntu noble-backports/main amd64 Components [7368 B]
Windows Export	Install Wine	2026-05-03T20:37:33.8982234Z Get:37 http://azure.archive.ubuntu.com/ubuntu noble-backports/main amd64 c-n-f Metadata [368 B]
Windows Export	Install Wine	2026-05-03T20:37:33.9001782Z Get:38 http://azure.archive.ubuntu.com/ubuntu noble-backports/universe i386 Packages [20.2 kB]
Windows Export	Install Wine	2026-05-03T20:37:33.9013650Z Get:39 http://azure.archive.ubuntu.com/ubuntu noble-backports/universe amd64 Packages [34.1 kB]
Windows Export	Install Wine	2026-05-03T20:37:33.9027802Z Get:40 http://azure.archive.ubuntu.com/ubuntu noble-backports/universe Translation-en [18.2 kB]
Windows Export	Install Wine	2026-05-03T20:37:33.9039568Z Get:41 http://azure.archive.ubuntu.com/ubuntu noble-backports/universe amd64 Components [10.5 kB]
Windows Export	Install Wine	2026-05-03T20:37:33.9048537Z Get:42 http://azure.archive.ubuntu.com/ubuntu noble-backports/universe amd64 c-n-f Metadata [1484 B]
Windows Export	Install Wine	2026-05-03T20:37:33.9057032Z Get:43 http://azure.archive.ubuntu.com/ubuntu noble-backports/restricted amd64 Components [212 B]
Windows Export	Install Wine	2026-05-03T20:37:33.9065890Z Get:44 http://azure.archive.ubuntu.com/ubuntu noble-backports/multiverse amd64 Packages [748 B]
Windows Export	Install Wine	2026-05-03T20:37:33.9074283Z Get:45 http://azure.archive.ubuntu.com/ubuntu noble-backports/multiverse i386 Packages [748 B]
Windows Export	Install Wine	2026-05-03T20:37:33.9083109Z Get:46 http://azure.archive.ubuntu.com/ubuntu noble-backports/multiverse amd64 Components [212 B]
Windows Export	Install Wine	2026-05-03T20:37:33.9103578Z Get:50 http://azure.archive.ubuntu.com/ubuntu noble-security/main i386 Packages [409 kB]
Windows Export	Install Wine	2026-05-03T20:37:33.9561050Z Get:51 http://azure.archive.ubuntu.com/ubuntu noble-security/main amd64 Packages [1625 kB]
Windows Export	Install Wine	2026-05-03T20:37:33.9659591Z Get:52 http://azure.archive.ubuntu.com/ubuntu noble-security/main Translation-en [259 kB]
Windows Export	Install Wine	2026-05-03T20:37:33.9675152Z Get:68 https://dl.google.com/linux/chrome-stable/deb stable/main amd64 Packages [1220 B]
Windows Export	Install Wine	2026-05-03T20:37:33.9680628Z Get:53 http://azure.archive.ubuntu.com/ubuntu noble-security/main amd64 Components [21.9 kB]
Windows Export	Install Wine	2026-05-03T20:37:33.9690564Z Get:54 http://azure.archive.ubuntu.com/ubuntu noble-security/main amd64 c-n-f Metadata [11.0 kB]
Windows Export	Install Wine	2026-05-03T20:37:33.9702671Z Get:55 http://azure.archive.ubuntu.com/ubuntu noble-security/universe amd64 Packages [1182 kB]
Windows Export	Install Wine	2026-05-03T20:37:33.9767890Z Get:56 http://azure.archive.ubuntu.com/ubuntu noble-security/universe i386 Packages [798 kB]
Windows Export	Install Wine	2026-05-03T20:37:33.9813933Z Get:57 http://azure.archive.ubuntu.com/ubuntu noble-security/universe Translation-en [227 kB]
Windows Export	Install Wine	2026-05-03T20:37:33.9833298Z Get:58 http://azure.archive.ubuntu.com/ubuntu noble-security/universe amd64 Components [74.2 kB]
Windows Export	Install Wine	2026-05-03T20:37:33.9847698Z Get:59 http://azure.archive.ubuntu.com/ubuntu noble-security/universe amd64 c-n-f Metadata [23.1 kB]
Windows Export	Install Wine	2026-05-03T20:37:33.9857204Z Get:60 http://azure.archive.ubuntu.com/ubuntu noble-security/restricted i386 Packages [25.4 kB]
Windows Export	Install Wine	2026-05-03T20:37:33.9867880Z Get:61 http://azure.archive.ubuntu.com/ubuntu noble-security/restricted amd64 Packages [2844 kB]
Windows Export	Install Wine	2026-05-03T20:37:34.0009726Z Get:62 http://azure.archive.ubuntu.com/ubuntu noble-security/restricted Translation-en [666 kB]
Windows Export	Install Wine	2026-05-03T20:37:34.0047154Z Get:63 http://azure.archive.ubuntu.com/ubuntu noble-security/restricted amd64 Components [212 B]
Windows Export	Install Wine	2026-05-03T20:37:34.0055515Z Get:64 http://azure.archive.ubuntu.com/ubuntu noble-security/multiverse i386 Packages [6592 B]
Windows Export	Install Wine	2026-05-03T20:37:34.0481814Z Get:65 http://azure.archive.ubuntu.com/ubuntu noble-security/multiverse amd64 Packages [28.8 kB]
Windows Export	Install Wine	2026-05-03T20:37:34.0491623Z Get:66 http://azure.archive.ubuntu.com/ubuntu noble-security/multiverse Translation-en [7172 B]
Windows Export	Install Wine	2026-05-03T20:37:34.0500826Z Get:67 http://azure.archive.ubuntu.com/ubuntu noble-security/multiverse amd64 Components [208 B]
Windows Export	Install Wine	2026-05-03T20:37:43.6874081Z Fetched 29.3 MB in 3s (10.0 MB/s)
Windows Export	Install Wine	2026-05-03T20:37:44.5974704Z Reading package lists...
Windows Export	Install Wine	2026-05-03T20:37:44.6321154Z Reading package lists...
Windows Export	Install Wine	2026-05-03T20:37:44.8460314Z Building dependency tree...
Windows Export	Install Wine	2026-05-03T20:37:44.8467769Z Reading state information...
Windows Export	Install Wine	2026-05-03T20:37:45.0472949Z The following additional packages will be installed:
Windows Export	Install Wine	2026-05-03T20:37:45.0473696Z   at-spi2-core fonts-wine gcc-14-base:i386 glib-networking
Windows Export	Install Wine	2026-05-03T20:37:45.0474402Z   glib-networking:i386 glib-networking-common glib-networking-services
Windows Export	Install Wine	2026-05-03T20:37:45.0475283Z   gsettings-desktop-schemas gstreamer1.0-plugins-base
Windows Export	Install Wine	2026-05-03T20:37:45.0475927Z   gstreamer1.0-plugins-base:i386 gstreamer1.0-plugins-good
Windows Export	Install Wine	2026-05-03T20:37:45.0476591Z   gstreamer1.0-plugins-good:i386 gstreamer1.0-x gstreamer1.0-x:i386
Windows Export	Install Wine	2026-05-03T20:37:45.0477205Z   i965-va-driver i965-va-driver:i386 intel-media-va-driver
Windows Export	Install Wine	2026-05-03T20:37:45.0477871Z   intel-media-va-driver:i386 libaa1 libaa1:i386 libaom3:i386 libapparmor1:i386
Windows Export	Install Wine	2026-05-03T20:37:45.0478746Z   libasound2-plugins libasound2-plugins:i386 libasound2t64:i386 libasyncns0
Windows Export	Install Wine	2026-05-03T20:37:45.0479565Z   libasyncns0:i386 libatk-bridge2.0-0t64:i386 libatk1.0-0t64:i386
Windows Export	Install Wine	2026-05-03T20:37:45.0480220Z   libatomic1:i386 libatspi2.0-0t64:i386 libavahi-client3:i386
Windows Export	Install Wine	2026-05-03T20:37:45.0480843Z   libavahi-common-data:i386 libavahi-common3:i386 libavc1394-0
Windows Export	Install Wine	2026-05-03T20:37:45.0481526Z   libavc1394-0:i386 libavcodec60 libavcodec60:i386 libavutil58
Windows Export	Install Wine	2026-05-03T20:37:45.0482317Z   libavutil58:i386 libblkid1:i386 libbrotli1:i386 libbsd0:i386 libbz2-1.0:i386
Windows Export	Install Wine	2026-05-03T20:37:45.0483043Z   libc6:i386 libcaca0 libcaca0:i386 libcairo-gobject2:i386 libcairo2:i386
Windows Export	Install Wine	2026-05-03T20:37:45.0483733Z   libcap2 libcap2:i386 libcap2-bin libcapi20-3t64 libcapi20-3t64:i386
Windows Export	Install Wine	2026-05-03T20:37:45.0484417Z   libcdparanoia0 libcdparanoia0:i386 libcodec2-1.2 libcodec2-1.2:i386
Windows Export	Install Wine	2026-05-03T20:37:45.0485280Z   libcolord2:i386 libcom-err2:i386 libcups2t64:i386 libcurl3t64-gnutls:i386
Windows Export	Install Wine	2026-05-03T20:37:45.0485996Z   libcurl4t64:i386 libdatrie1:i386 libdav1d7 libdav1d7:i386 libdb5.3t64:i386
Windows Export	Install Wine	2026-05-03T20:37:45.0486686Z   libdbus-1-3:i386 libde265-0:i386 libdecor-0-0 libdecor-0-0:i386
Windows Export	Install Wine	2026-05-03T20:37:45.0487397Z   libdecor-0-plugin-1-gtk libdecor-0-plugin-1-gtk:i386 libdeflate0:i386
Windows Export	Install Wine	2026-05-03T20:37:45.0488093Z   libdrm-amdgpu1:i386 libdrm-intel1:i386 libdrm2:i386 libduktape207:i386
Windows Export	Install Wine	2026-05-03T20:37:45.0488767Z   libdv4t64 libdv4t64:i386 libdw1t64:i386 libedit2:i386 libelf1t64:i386
Windows Export	Install Wine	2026-05-03T20:37:45.0489387Z   libepoxy0:i386 libexif12 libexif12:i386 libexpat1:i386 libffi8:i386
Windows Export	Install Wine	2026-05-03T20:37:45.0490071Z   libflac12t64 libflac12t64:i386 libfontconfig1:i386 libfreetype6:i386
Windows Export	Install Wine	2026-05-03T20:37:45.0490751Z   libfribidi0:i386 libgbm1:i386 libgcc-s1:i386 libgcrypt20:i386 libgd3:i386
Windows Export	Install Wine	2026-05-03T20:37:45.0491391Z   libgdk-pixbuf-2.0-0:i386 libgdk-pixbuf2.0-bin libgl1:i386
Windows Export	Install Wine	2026-05-03T20:37:45.0492028Z   libgl1-mesa-dri:i386 libglib2.0-0t64:i386 libglvnd0:i386 libglx-mesa0:i386
Windows Export	Install Wine	2026-05-03T20:37:45.0492750Z   libglx0:i386 libgmp10:i386 libgnutls30t64:i386 libgomp1:i386
Windows Export	Install Wine	2026-05-03T20:37:45.0493513Z   libgpg-error0:i386 libgphoto2-6t64 libgphoto2-6t64:i386 libgphoto2-l10n
Windows Export	Install Wine	2026-05-03T20:37:45.0494615Z   libgphoto2-port12t64 libgphoto2-port12t64:i386 libgpm2:i386
Windows Export	Install Wine	2026-05-03T20:37:45.0495380Z   libgraphite2-3:i386 libgsm1 libgsm1:i386 libgssapi-krb5-2:i386
Windows Export	Install Wine	2026-05-03T20:37:45.0496413Z   libgstreamer-plugins-base1.0-0 libgstreamer-plugins-base1.0-0:i386
Windows Export	Install Wine	2026-05-03T20:37:45.0497221Z   libgstreamer-plugins-good1.0-0 libgstreamer-plugins-good1.0-0:i386
Windows Export	Install Wine	2026-05-03T20:37:45.0497949Z   libgstreamer1.0-0:i386 libgtk-3-0t64:i386 libgtk-3-bin libgudev-1.0-0:i386
Windows Export	Install Wine	2026-05-03T20:37:45.0498698Z   libharfbuzz0b:i386 libheif-plugin-aomdec:i386 libheif-plugin-aomenc:i386
Windows Export	Install Wine	2026-05-03T20:37:45.0499470Z   libheif-plugin-libde265:i386 libheif1:i386 libhogweed6t64:i386 libhwy1t64
Windows Export	Install Wine	2026-05-03T20:37:45.0500187Z   libicu74:i386 libidn2-0:i386 libiec61883-0 libiec61883-0:i386 libigdgmm12
Windows Export	Install Wine	2026-05-03T20:37:45.0500833Z   libigdgmm12:i386 libjack-jackd2-0 libjack-jackd2-0:i386 libjbig0:i386
Windows Export	Install Wine	2026-05-03T20:37:45.0501406Z   libjpeg-turbo8:i386 libjpeg8:i386 libjxl0.7 libk5crypto3:i386
Windows Export	Install Wine	2026-05-03T20:37:45.0501822Z   libkeyutils1:i386 libkrb5-3:i386 libkrb5support0:i386 liblcms2-2
Windows Export	Install Wine	2026-05-03T20:37:45.0502245Z   liblcms2-2:i386 libldap2:i386 libllvm20:i386 libltdl7:i386 liblz4-1:i386
Windows Export	Install Wine	2026-05-03T20:37:45.0502673Z   liblzma5:i386 libmd0:i386 libmount1:i386 libmp3lame0 libmp3lame0:i386
Windows Export	Install Wine	2026-05-03T20:37:45.0503470Z   libmpg123-0t64 libmpg123-0t64:i386 libncurses6:i386 libncursesw6:i386
Windows Export	Install Wine	2026-05-03T20:37:45.0503926Z   libnettle8t64:i386 libnghttp2-14:i386 libnuma1:i386 libodbc2:i386
Windows Export	Install Wine	2026-05-03T20:37:45.0504373Z   libogg0:i386 libopenjp2-7:i386 libopus0 libopus0:i386 liborc-0.4-0t64
Windows Export	Install Wine	2026-05-03T20:37:45.0505231Z   liborc-0.4-0t64:i386 libosmesa6 libosmesa6:i386 libp11-kit0:i386 libpam-cap
Windows Export	Install Wine	2026-05-03T20:37:45.0505760Z   libpango-1.0-0:i386 libpangocairo-1.0-0:i386 libpangoft2-1.0-0:i386
Windows Export	Install Wine	2026-05-03T20:37:45.0506204Z   libpcap0.8t64:i386 libpciaccess0:i386 libpcre2-8-0:i386 libpcsclite1
Windows Export	Install Wine	2026-05-03T20:37:45.0506758Z   libpcsclite1:i386 libpixman-1-0:i386 libpng16-16t64:i386 libproxy1v5
Windows Export	Install Wine	2026-05-03T20:37:45.0507407Z   libproxy1v5:i386 libpsl5t64:i386 libpulse0 libpulse0:i386 librav1e0
Windows Export	Install Wine	2026-05-03T20:37:45.0508129Z   libraw1394-11 libraw1394-11:i386 librsvg2-2 librsvg2-2:i386 librsvg2-common
Windows Export	Install Wine	2026-05-03T20:37:45.0508878Z   librsvg2-common:i386 librtmp1:i386 libsamplerate0 libsamplerate0:i386
Windows Export	Install Wine	2026-05-03T20:37:45.0509604Z   libsasl2-2:i386 libsasl2-modules:i386 libsasl2-modules-db:i386 libsdl2-2.0-0
Windows Export	Install Wine	2026-05-03T20:37:45.0510223Z   libsdl2-2.0-0:i386 libselinux1:i386 libsensors5:i386 libsharpyuv0:i386
Windows Export	Install Wine	2026-05-03T20:37:45.0510867Z   libshine3 libshine3:i386 libshout3 libshout3:i386 libslang2:i386
Windows Export	Install Wine	2026-05-03T20:37:45.0511512Z   libsnappy1v5:i386 libsndfile1 libsndfile1:i386 libsoup-3.0-0
Windows Export	Install Wine	2026-05-03T20:37:45.0512186Z   libsoup-3.0-0:i386 libsoup-3.0-common libsoxr0 libsoxr0:i386 libspeex1
Windows Export	Install Wine	2026-05-03T20:37:45.0512877Z   libspeex1:i386 libspeexdsp1 libspeexdsp1:i386 libsqlite3-0:i386
Windows Export	Install Wine	2026-05-03T20:37:45.0513289Z   libssh-4:i386 libssl3t64:i386 libstdc++6:i386 libsvtav1enc1d1
Windows Export	Install Wine	2026-05-03T20:37:45.0513725Z   libsvtav1enc1d1:i386 libswresample4 libswresample4:i386 libsystemd0:i386
Windows Export	Install Wine	2026-05-03T20:37:45.0514575Z   libtag1v5 libtag1v5:i386 libtag1v5-vanilla libtag1v5-vanilla:i386
Windows Export	Install Wine	2026-05-03T20:37:45.0515520Z   libtasn1-6:i386 libthai0:i386 libtheora0 libtheora0:i386 libtiff6:i386
Windows Export	Install Wine	2026-05-03T20:37:45.0516278Z   libtinfo6:i386 libtwolame0 libtwolame0:i386 libudev1:i386 libunistring5:i386
Windows Export	Install Wine	2026-05-03T20:37:45.0517009Z   libunwind8:i386 libusb-1.0-0:i386 libv4l-0t64 libv4l-0t64:i386
Windows Export	Install Wine	2026-05-03T20:37:45.0517695Z   libv4lconvert0t64 libv4lconvert0t64:i386 libva-drm2 libva-drm2:i386
Windows Export	Install Wine	2026-05-03T20:37:45.0518392Z   libva-x11-2 libva-x11-2:i386 libva2 libva2:i386 libvdpau1 libvdpau1:i386
Windows Export	Install Wine	2026-05-03T20:37:45.0519087Z   libvisual-0.4-0 libvisual-0.4-0:i386 libvorbis0a:i386 libvorbisenc2
Windows Export	Install Wine	2026-05-03T20:37:45.0519793Z   libvorbisenc2:i386 libvpl2 libvpx9 libvpx9:i386 libvulkan1:i386 libwavpack1
Windows Export	Install Wine	2026-05-03T20:37:45.0520519Z   libwavpack1:i386 libwayland-client0:i386 libwayland-cursor0:i386
Windows Export	Install Wine	2026-05-03T20:37:45.0521202Z   libwayland-egl1:i386 libwebp7:i386 libwebpmux3:i386 libwine libwine:i386
Windows Export	Install Wine	2026-05-03T20:37:45.0522236Z   libx11-6:i386 libx11-xcb1:i386 libx264-164 libx264-164:i386 libx265-199
Windows Export	Install Wine	2026-05-03T20:37:45.0522906Z   libx265-199:i386 libxau6:i386 libxcb-dri3-0:i386 libxcb-glx0:i386
Windows Export	Install Wine	2026-05-03T20:37:45.0523780Z   libxcb-present0:i386 libxcb-randr0:i386 libxcb-render0:i386 libxcb-shm0:i386
Windows Export	Install Wine	2026-05-03T20:37:45.0524533Z   libxcb-sync1:i386 libxcb-xfixes0:i386 libxcb1:i386 libxcomposite1:i386
Windows Export	Install Wine	2026-05-03T20:37:45.0525355Z   libxcursor1:i386 libxdamage1:i386 libxdmcp6:i386 libxext6:i386
Windows Export	Install Wine	2026-05-03T20:37:45.0526004Z   libxfixes3:i386 libxi6:i386 libxinerama1:i386 libxkbcommon0:i386
Windows Export	Install Wine	2026-05-03T20:37:45.0526649Z   libxkbregistry0 libxkbregistry0:i386 libxml2:i386 libxpm4:i386
Windows Export	Install Wine	2026-05-03T20:37:45.0527295Z   libxrandr2:i386 libxrender1:i386 libxshmfence1:i386 libxss1:i386
Windows Export	Install Wine	2026-05-03T20:37:45.0527928Z   libxtst6:i386 libxv1 libxv1:i386 libxvidcore4 libxvidcore4:i386
Windows Export	Install Wine	2026-05-03T20:37:45.0528606Z   libxxf86vm1:i386 libz-mingw-w64 libzstd1:i386 libzvbi-common libzvbi0t64
Windows Export	Install Wine	2026-05-03T20:37:45.0529395Z   libzvbi0t64:i386 mesa-libgallium:i386 mesa-va-drivers mesa-va-drivers:i386
Windows Export	Install Wine	2026-05-03T20:37:45.0530142Z   mesa-vdpau-drivers mesa-vdpau-drivers:i386 mesa-vulkan-drivers:i386
Windows Export	Install Wine	2026-05-03T20:37:45.0530901Z   ocl-icd-libopencl1 ocl-icd-libopencl1:i386 session-migration va-driver-all
Windows Export	Install Wine	2026-05-03T20:37:45.0531667Z   va-driver-all:i386 vdpau-driver-all vdpau-driver-all:i386 wine zlib1g:i386
Windows Export	Install Wine	2026-05-03T20:37:45.0532280Z Suggested packages:
Windows Export	Install Wine	2026-05-03T20:37:45.0532769Z   gvfs gvfs:i386 i965-va-driver-shaders i965-va-driver-shaders:i386 libcuda1
Windows Export	Install Wine	2026-05-03T20:37:45.0533451Z   libnvcuvid1 libnvidia-encode1 libcuda1:i386 libnvcuvid1:i386
Windows Export	Install Wine	2026-05-03T20:37:45.0534114Z   libnvidia-encode1:i386 glibc-doc:i386 locales:i386 libnss-nis:i386
Windows Export	Install Wine	2026-05-03T20:37:45.0534958Z   libnss-nisplus:i386 colord:i386 cups-common:i386 libdv-bin oss-compat
Windows Export	Install Wine	2026-05-03T20:37:45.0535616Z   libdv-bin:i386 oss-compat:i386 rng-tools:i386 libgd-tools:i386
Windows Export	Install Wine	2026-05-03T20:37:45.0536284Z   low-memory-monitor:i386 gnutls-bin:i386 gphoto2 gphoto2:i386 gpm:i386
Windows Export	Install Wine	2026-05-03T20:37:45.0536905Z   krb5-doc:i386 krb5-user:i386 libvisual-0.4-plugins
Windows Export	Install Wine	2026-05-03T20:37:45.0537547Z   libvisual-0.4-plugins:i386 gstreamer1.0-tools:i386 libheif-plugin-x265:i386
Windows Export	Install Wine	2026-05-03T20:37:45.0538268Z   libheif-plugin-ffmpegdec:i386 libheif-plugin-jpegdec:i386
Windows Export	Install Wine	2026-05-03T20:37:45.0538879Z   libheif-plugin-jpegenc:i386 libheif-plugin-j2kdec:i386
Windows Export	Install Wine	2026-05-03T20:37:45.0539449Z   libheif-plugin-j2kenc:i386 libheif-plugin-rav1e:i386
Windows Export	Install Wine	2026-05-03T20:37:45.0540033Z   libheif-plugin-svtenc:i386 jackd2 jackd2:i386 liblcms2-utils
Windows Export	Install Wine	2026-05-03T20:37:45.0540679Z   liblcms2-utils:i386 odbc-postgresql:i386 tdsodbc:i386 opus-tools
Windows Export	Install Wine	2026-05-03T20:37:45.0541370Z   opus-tools:i386 pcscd pcscd:i386 pulseaudio pulseaudio:i386 libraw1394-doc
Windows Export	Install Wine	2026-05-03T20:37:45.0542018Z   libraw1394-doc:i386 librsvg2-bin librsvg2-bin:i386
Windows Export	Install Wine	2026-05-03T20:37:45.0542657Z   libsasl2-modules-gssapi-mit:i386 | libsasl2-modules-gssapi-heimdal:i386
Windows Export	Install Wine	2026-05-03T20:37:45.0543331Z   libsasl2-modules-ldap:i386 libsasl2-modules-otp:i386
Windows Export	Install Wine	2026-05-03T20:37:45.0543962Z   libsasl2-modules-sql:i386 lm-sensors:i386 speex speex:i386 cups-bsd
Windows Export	Install Wine	2026-05-03T20:37:45.0544679Z   gstreamer1.0-libav gstreamer1.0-plugins-bad gstreamer1.0-plugins-ugly
Windows Export	Install Wine	2026-05-03T20:37:45.0545560Z   ttf-mscorefonts-installer cups-bsd:i386 gstreamer1.0-libav:i386
Windows Export	Install Wine	2026-05-03T20:37:45.0546223Z   gstreamer1.0-plugins-bad:i386 gstreamer1.0-plugins-ugly:i386
Windows Export	Install Wine	2026-05-03T20:37:45.0546938Z   ttf-mscorefonts-installer:i386 opencl-icd opencl-icd:i386 libvdpau-va-gl1
Windows Export	Install Wine	2026-05-03T20:37:45.0547694Z   libvdpau-va-gl1:i386 q4wine winbind winetricks playonlinux wine-binfmt
Windows Export	Install Wine	2026-05-03T20:37:45.0548442Z   dosbox exe-thumbnailer | kio-extras wine32-preloader:i386 wine64-preloader
Windows Export	Install Wine	2026-05-03T20:37:45.2668019Z The following NEW packages will be installed:
Windows Export	Install Wine	2026-05-03T20:37:45.2668762Z   at-spi2-core fonts-wine gcc-14-base:i386 glib-networking
Windows Export	Install Wine	2026-05-03T20:37:45.2669520Z   glib-networking:i386 glib-networking-common glib-networking-services
Windows Export	Install Wine	2026-05-03T20:37:45.2670717Z   gsettings-desktop-schemas gstreamer1.0-plugins-base
Windows Export	Install Wine	2026-05-03T20:37:45.2671343Z   gstreamer1.0-plugins-base:i386 gstreamer1.0-plugins-good
Windows Export	Install Wine	2026-05-03T20:37:45.2672116Z   gstreamer1.0-plugins-good:i386 gstreamer1.0-x gstreamer1.0-x:i386
Windows Export	Install Wine	2026-05-03T20:37:45.2673016Z   i965-va-driver i965-va-driver:i386 intel-media-va-driver
Windows Export	Install Wine	2026-05-03T20:37:45.2673766Z   intel-media-va-driver:i386 libaa1 libaa1:i386 libaom3:i386 libapparmor1:i386
Windows Export	Install Wine	2026-05-03T20:37:45.2674654Z   libasound2-plugins libasound2-plugins:i386 libasound2t64:i386 libasyncns0
Windows Export	Install Wine	2026-05-03T20:37:45.2675687Z   libasyncns0:i386 libatk-bridge2.0-0t64:i386 libatk1.0-0t64:i386
Windows Export	Install Wine	2026-05-03T20:37:45.2676436Z   libatomic1:i386 libatspi2.0-0t64:i386 libavahi-client3:i386
Windows Export	Install Wine	2026-05-03T20:37:45.2677169Z   libavahi-common-data:i386 libavahi-common3:i386 libavc1394-0
Windows Export	Install Wine	2026-05-03T20:37:45.2677913Z   libavc1394-0:i386 libavcodec60 libavcodec60:i386 libavutil58
Windows Export	Install Wine	2026-05-03T20:37:45.2678658Z   libavutil58:i386 libblkid1:i386 libbrotli1:i386 libbsd0:i386 libbz2-1.0:i386
Windows Export	Install Wine	2026-05-03T20:37:45.2679449Z   libc6:i386 libcaca0 libcaca0:i386 libcairo-gobject2:i386 libcairo2:i386
Windows Export	Install Wine	2026-05-03T20:37:45.2680202Z   libcap2:i386 libcapi20-3t64 libcapi20-3t64:i386 libcdparanoia0
Windows Export	Install Wine	2026-05-03T20:37:45.2681082Z   libcdparanoia0:i386 libcodec2-1.2 libcodec2-1.2:i386 libcolord2:i386
Windows Export	Install Wine	2026-05-03T20:37:45.2681947Z   libcom-err2:i386 libcups2t64:i386 libcurl3t64-gnutls:i386 libcurl4t64:i386
Windows Export	Install Wine	2026-05-03T20:37:45.2682824Z   libdatrie1:i386 libdav1d7 libdav1d7:i386 libdb5.3t64:i386 libdbus-1-3:i386
Windows Export	Install Wine	2026-05-03T20:37:45.2683674Z   libde265-0:i386 libdecor-0-0 libdecor-0-0:i386 libdecor-0-plugin-1-gtk
Windows Export	Install Wine	2026-05-03T20:37:45.2684481Z   libdecor-0-plugin-1-gtk:i386 libdeflate0:i386 libdrm-amdgpu1:i386
Windows Export	Install Wine	2026-05-03T20:37:45.2685458Z   libdrm-intel1:i386 libdrm2:i386 libduktape207:i386 libdv4t64 libdv4t64:i386
Windows Export	Install Wine	2026-05-03T20:37:45.2686141Z   libdw1t64:i386 libedit2:i386 libelf1t64:i386 libepoxy0:i386 libexif12
Windows Export	Install Wine	2026-05-03T20:37:45.2686842Z   libexif12:i386 libexpat1:i386 libffi8:i386 libflac12t64 libflac12t64:i386
Windows Export	Install Wine	2026-05-03T20:37:45.2687589Z   libfontconfig1:i386 libfreetype6:i386 libfribidi0:i386 libgbm1:i386
Windows Export	Install Wine	2026-05-03T20:37:45.2688346Z   libgcc-s1:i386 libgcrypt20:i386 libgd3:i386 libgdk-pixbuf-2.0-0:i386
Windows Export	Install Wine	2026-05-03T20:37:45.2689123Z   libgdk-pixbuf2.0-bin libgl1:i386 libgl1-mesa-dri:i386 libglib2.0-0t64:i386
Windows Export	Install Wine	2026-05-03T20:37:45.2689895Z   libglvnd0:i386 libglx-mesa0:i386 libglx0:i386 libgmp10:i386
Windows Export	Install Wine	2026-05-03T20:37:45.2690605Z   libgnutls30t64:i386 libgomp1:i386 libgpg-error0:i386 libgphoto2-6t64
Windows Export	Install Wine	2026-05-03T20:37:45.2691302Z   libgphoto2-6t64:i386 libgphoto2-l10n libgphoto2-port12t64
Windows Export	Install Wine	2026-05-03T20:37:45.2692008Z   libgphoto2-port12t64:i386 libgpm2:i386 libgraphite2-3:i386 libgsm1
Windows Export	Install Wine	2026-05-03T20:37:45.2692742Z   libgsm1:i386 libgssapi-krb5-2:i386 libgstreamer-plugins-base1.0-0
Windows Export	Install Wine	2026-05-03T20:37:45.2693509Z   libgstreamer-plugins-base1.0-0:i386 libgstreamer-plugins-good1.0-0
Windows Export	Install Wine	2026-05-03T20:37:45.2694268Z   libgstreamer-plugins-good1.0-0:i386 libgstreamer1.0-0:i386
Windows Export	Install Wine	2026-05-03T20:37:45.2695131Z   libgtk-3-0t64:i386 libgtk-3-bin libgudev-1.0-0:i386 libharfbuzz0b:i386
Windows Export	Install Wine	2026-05-03T20:37:45.2695920Z   libheif-plugin-aomdec:i386 libheif-plugin-aomenc:i386
Windows Export	Install Wine	2026-05-03T20:37:45.2696702Z   libheif-plugin-libde265:i386 libheif1:i386 libhogweed6t64:i386 libhwy1t64
Windows Export	Install Wine	2026-05-03T20:37:45.2697541Z   libicu74:i386 libidn2-0:i386 libiec61883-0 libiec61883-0:i386 libigdgmm12
Windows Export	Install Wine	2026-05-03T20:37:45.2698411Z   libigdgmm12:i386 libjack-jackd2-0 libjack-jackd2-0:i386 libjbig0:i386
Windows Export	Install Wine	2026-05-03T20:37:45.2699130Z   libjpeg-turbo8:i386 libjpeg8:i386 libjxl0.7 libk5crypto3:i386
Windows Export	Install Wine	2026-05-03T20:37:45.2699842Z   libkeyutils1:i386 libkrb5-3:i386 libkrb5support0:i386 liblcms2-2:i386
Windows Export	Install Wine	2026-05-03T20:37:45.2700572Z   libldap2:i386 libllvm20:i386 libltdl7:i386 liblz4-1:i386 liblzma5:i386
Windows Export	Install Wine	2026-05-03T20:37:45.2701302Z   libmd0:i386 libmount1:i386 libmp3lame0 libmp3lame0:i386 libmpg123-0t64
Windows Export	Install Wine	2026-05-03T20:37:45.2702049Z   libmpg123-0t64:i386 libncurses6:i386 libncursesw6:i386 libnettle8t64:i386
Windows Export	Install Wine	2026-05-03T20:37:45.2702781Z   libnghttp2-14:i386 libnuma1:i386 libodbc2:i386 libogg0:i386
Windows Export	Install Wine	2026-05-03T20:37:45.2703645Z   libopenjp2-7:i386 libopus0 libopus0:i386 liborc-0.4-0t64
Windows Export	Install Wine	2026-05-03T20:37:45.2704355Z   liborc-0.4-0t64:i386 libosmesa6 libosmesa6:i386 libp11-kit0:i386
Windows Export	Install Wine	2026-05-03T20:37:45.2705278Z   libpango-1.0-0:i386 libpangocairo-1.0-0:i386 libpangoft2-1.0-0:i386
Windows Export	Install Wine	2026-05-03T20:37:45.2706219Z   libpcap0.8t64:i386 libpciaccess0:i386 libpcre2-8-0:i386 libpcsclite1
Windows Export	Install Wine	2026-05-03T20:37:45.2707066Z   libpcsclite1:i386 libpixman-1-0:i386 libpng16-16t64:i386 libproxy1v5
Windows Export	Install Wine	2026-05-03T20:37:45.2707752Z   libproxy1v5:i386 libpsl5t64:i386 libpulse0 libpulse0:i386 librav1e0
Windows Export	Install Wine	2026-05-03T20:37:45.2708482Z   libraw1394-11 libraw1394-11:i386 librsvg2-2 librsvg2-2:i386 librsvg2-common
Windows Export	Install Wine	2026-05-03T20:37:45.2709259Z   librsvg2-common:i386 librtmp1:i386 libsamplerate0 libsamplerate0:i386
Windows Export	Install Wine	2026-05-03T20:37:45.2710114Z   libsasl2-2:i386 libsasl2-modules:i386 libsasl2-modules-db:i386 libsdl2-2.0-0
Windows Export	Install Wine	2026-05-03T20:37:45.2710953Z   libsdl2-2.0-0:i386 libselinux1:i386 libsensors5:i386 libsharpyuv0:i386
Windows Export	Install Wine	2026-05-03T20:37:45.2711729Z   libshine3 libshine3:i386 libshout3 libshout3:i386 libslang2:i386
Windows Export	Install Wine	2026-05-03T20:37:45.2712467Z   libsnappy1v5:i386 libsndfile1 libsndfile1:i386 libsoup-3.0-0
Windows Export	Install Wine	2026-05-03T20:37:45.2713154Z   libsoup-3.0-0:i386 libsoup-3.0-common libsoxr0 libsoxr0:i386 libspeex1
Windows Export	Install Wine	2026-05-03T20:37:45.2713871Z   libspeex1:i386 libspeexdsp1 libspeexdsp1:i386 libsqlite3-0:i386
Windows Export	Install Wine	2026-05-03T20:37:45.2714534Z   libssh-4:i386 libssl3t64:i386 libstdc++6:i386 libsvtav1enc1d1
Windows Export	Install Wine	2026-05-03T20:37:45.2715410Z   libsvtav1enc1d1:i386 libswresample4 libswresample4:i386 libsystemd0:i386
Windows Export	Install Wine	2026-05-03T20:37:45.2716170Z   libtag1v5 libtag1v5:i386 libtag1v5-vanilla libtag1v5-vanilla:i386
Windows Export	Install Wine	2026-05-03T20:37:45.2716872Z   libtasn1-6:i386 libthai0:i386 libtheora0 libtheora0:i386 libtiff6:i386
Windows Export	Install Wine	2026-05-03T20:37:45.2717642Z   libtinfo6:i386 libtwolame0 libtwolame0:i386 libudev1:i386 libunistring5:i386
Windows Export	Install Wine	2026-05-03T20:37:45.2718378Z   libunwind8:i386 libusb-1.0-0:i386 libv4l-0t64 libv4l-0t64:i386
Windows Export	Install Wine	2026-05-03T20:37:45.2719070Z   libv4lconvert0t64 libv4lconvert0t64:i386 libva-drm2 libva-drm2:i386
Windows Export	Install Wine	2026-05-03T20:37:45.2719824Z   libva-x11-2 libva-x11-2:i386 libva2 libva2:i386 libvdpau1 libvdpau1:i386
Windows Export	Install Wine	2026-05-03T20:37:45.2720542Z   libvisual-0.4-0 libvisual-0.4-0:i386 libvorbis0a:i386 libvorbisenc2
Windows Export	Install Wine	2026-05-03T20:37:45.2721297Z   libvorbisenc2:i386 libvpl2 libvpx9 libvpx9:i386 libvulkan1:i386 libwavpack1
Windows Export	Install Wine	2026-05-03T20:37:45.2722064Z   libwavpack1:i386 libwayland-client0:i386 libwayland-cursor0:i386
Windows Export	Install Wine	2026-05-03T20:37:45.2722777Z   libwayland-egl1:i386 libwebp7:i386 libwebpmux3:i386 libwine libwine:i386
Windows Export	Install Wine	2026-05-03T20:37:45.2723511Z   libx11-6:i386 libx11-xcb1:i386 libx264-164 libx264-164:i386 libx265-199
Windows Export	Install Wine	2026-05-03T20:37:45.2724187Z   libx265-199:i386 libxau6:i386 libxcb-dri3-0:i386 libxcb-glx0:i386
Windows Export	Install Wine	2026-05-03T20:37:45.2725106Z   libxcb-present0:i386 libxcb-randr0:i386 libxcb-render0:i386 libxcb-shm0:i386
Windows Export	Install Wine	2026-05-03T20:37:45.2725890Z   libxcb-sync1:i386 libxcb-xfixes0:i386 libxcb1:i386 libxcomposite1:i386
Windows Export	Install Wine	2026-05-03T20:37:45.2726596Z   libxcursor1:i386 libxdamage1:i386 libxdmcp6:i386 libxext6:i386
Windows Export	Install Wine	2026-05-03T20:37:45.2727275Z   libxfixes3:i386 libxi6:i386 libxinerama1:i386 libxkbcommon0:i386
Windows Export	Install Wine	2026-05-03T20:37:45.2727938Z   libxkbregistry0 libxkbregistry0:i386 libxml2:i386 libxpm4:i386
Windows Export	Install Wine	2026-05-03T20:37:45.2728609Z   libxrandr2:i386 libxrender1:i386 libxshmfence1:i386 libxss1:i386
Windows Export	Install Wine	2026-05-03T20:37:45.2729260Z   libxtst6:i386 libxv1 libxv1:i386 libxvidcore4 libxvidcore4:i386
Windows Export	Install Wine	2026-05-03T20:37:45.2729966Z   libxxf86vm1:i386 libz-mingw-w64 libzstd1:i386 libzvbi-common libzvbi0t64
Windows Export	Install Wine	2026-05-03T20:37:45.2730733Z   libzvbi0t64:i386 mesa-libgallium:i386 mesa-va-drivers mesa-va-drivers:i386
Windows Export	Install Wine	2026-05-03T20:37:45.2731505Z   mesa-vdpau-drivers mesa-vdpau-drivers:i386 mesa-vulkan-drivers:i386
Windows Export	Install Wine	2026-05-03T20:37:45.2732281Z   ocl-icd-libopencl1 ocl-icd-libopencl1:i386 session-migration va-driver-all
Windows Export	Install Wine	2026-05-03T20:37:45.2733064Z   va-driver-all:i386 vdpau-driver-all vdpau-driver-all:i386 wine wine32:i386
Windows Export	Install Wine	2026-05-03T20:37:45.2733642Z   wine64 zlib1g:i386
Windows Export	Install Wine	2026-05-03T20:37:45.2734036Z The following packages will be upgraded:
Windows Export	Install Wine	2026-05-03T20:37:45.2734688Z   libcap2 libcap2-bin liblcms2-2 libpam-cap
Windows Export	Install Wine	2026-05-03T20:37:45.3006147Z 4 upgraded, 341 newly installed, 0 to remove and 49 not upgraded.
Windows Export	Install Wine	2026-05-03T20:37:45.3007149Z Need to get 400 MB of archives.
Windows Export	Install Wine	2026-05-03T20:37:45.3007726Z After this operation, 1982 MB of additional disk space will be used.
Windows Export	Install Wine	2026-05-03T20:37:45.3008399Z Get:1 file:/etc/apt/apt-mirrors.txt Mirrorlist [144 B]
Windows Export	Install Wine	2026-05-03T20:37:45.4071810Z Get:2 http://azure.archive.ubuntu.com/ubuntu noble-updates/main amd64 libcap2 amd64 1:2.66-5ubuntu2.4 [30.5 kB]
Windows Export	Install Wine	2026-05-03T20:37:45.4155227Z Get:3 http://azure.archive.ubuntu.com/ubuntu noble-updates/main i386 gcc-14-base i386 14.2.0-4ubuntu2~24.04.1 [51.0 kB]
Windows Export	Install Wine	2026-05-03T20:37:45.4234016Z Get:4 http://azure.archive.ubuntu.com/ubuntu noble-updates/main i386 libgcc-s1 i386 14.2.0-4ubuntu2~24.04.1 [95.5 kB]
Windows Export	Install Wine	2026-05-03T20:37:45.4310883Z Get:5 http://azure.archive.ubuntu.com/ubuntu noble-updates/main i386 libc6 i386 2.39-0ubuntu8.7 [3011 kB]
Windows Export	Install Wine	2026-05-03T20:37:45.4577516Z Get:6 http://azure.archive.ubuntu.com/ubuntu noble-updates/main i386 libblkid1 i386 2.39.3-9ubuntu6.5 [193 kB]
Windows Export	Install Wine	2026-05-03T20:37:45.4658001Z Get:7 http://azure.archive.ubuntu.com/ubuntu noble-updates/main i386 libbz2-1.0 i386 1.0.8-5.1build0.1 [33.8 kB]
Windows Export	Install Wine	2026-05-03T20:37:45.4736579Z Get:8 http://azure.archive.ubuntu.com/ubuntu noble-updates/main i386 libcap2 i386 1:2.66-5ubuntu2.4 [31.9 kB]
Windows Export	Install Wine	2026-05-03T20:37:45.4810845Z Get:9 http://azure.archive.ubuntu.com/ubuntu noble-updates/main i386 libcom-err2 i386 1.47.0-2.4~exp1ubuntu4.1 [23.3 kB]
Windows Export	Install Wine	2026-05-03T20:37:45.4881535Z Get:10 http://azure.archive.ubuntu.com/ubuntu noble-updates/main i386 libgpg-error0 i386 1.47-3build2.1 [78.9 kB]
Windows Export	Install Wine	2026-05-03T20:37:45.4962634Z Get:11 http://azure.archive.ubuntu.com/ubuntu noble/main i386 libgcrypt20 i386 1.10.3-2build1 [503 kB]
Windows Export	Install Wine	2026-05-03T20:37:45.5085107Z Get:12 http://azure.archive.ubuntu.com/ubuntu noble-updates/main i386 libgmp10 i386 2:6.3.0+dfsg-2ubuntu6.1 [270 kB]
Windows Export	Install Wine	2026-05-03T20:37:45.5179652Z Get:13 http://azure.archive.ubuntu.com/ubuntu noble-updates/main i386 liblz4-1 i386 1.9.4-1build1.1 [69.1 kB]
Windows Export	Install Wine	2026-05-03T20:37:45.5261150Z Get:14 http://azure.archive.ubuntu.com/ubuntu noble-updates/main i386 liblzma5 i386 5.6.1+really5.4.5-1ubuntu0.2 [133 kB]
Windows Export	Install Wine	2026-05-03T20:37:45.5345247Z Get:15 http://azure.archive.ubuntu.com/ubuntu noble-updates/main i386 libmd0 i386 1.1.0-2build1.1 [29.4 kB]
Windows Export	Install Wine	2026-05-03T20:37:45.5417807Z Get:16 http://azure.archive.ubuntu.com/ubuntu noble-updates/main i386 libpcre2-8-0 i386 10.42-4ubuntu2.1 [227 kB]
Windows Export	Install Wine	2026-05-03T20:37:45.5505586Z Get:17 http://azure.archive.ubuntu.com/ubuntu noble-updates/main i386 libselinux1 i386 3.5-2ubuntu2.1 [84.9 kB]
Windows Export	Install Wine	2026-05-03T20:37:45.5580844Z Get:18 http://azure.archive.ubuntu.com/ubuntu noble-updates/main i386 libmount1 i386 2.39.3-9ubuntu6.5 [201 kB]
Windows Export	Install Wine	2026-05-03T20:37:45.5751277Z Get:19 http://azure.archive.ubuntu.com/ubuntu noble/main i386 libtinfo6 i386 6.4+20240113-1ubuntu2 [110 kB]
Windows Export	Install Wine	2026-05-03T20:37:45.6265492Z Get:20 http://azure.archive.ubuntu.com/ubuntu noble/main i386 libncursesw6 i386 6.4+20240113-1ubuntu2 [160 kB]
Windows Export	Install Wine	2026-05-03T20:37:45.6345212Z Get:21 http://azure.archive.ubuntu.com/ubuntu noble-updates/main i386 libssl3t64 i386 3.0.13-0ubuntu3.9 [1924 kB]
Windows Export	Install Wine	2026-05-03T20:37:45.6536549Z Get:22 http://azure.archive.ubuntu.com/ubuntu noble-updates/main i386 libzstd1 i386 1.5.5+dfsg2-2build1.1 [288 kB]
Windows Export	Install Wine	2026-05-03T20:37:45.6627150Z Get:23 http://azure.archive.ubuntu.com/ubuntu noble-updates/main i386 libsystemd0 i386 255.4-1ubuntu8.15 [457 kB]
Windows Export	Install Wine	2026-05-03T20:37:45.6780070Z Get:24 http://azure.archive.ubuntu.com/ubuntu noble-updates/main i386 libudev1 i386 255.4-1ubuntu8.15 [181 kB]
Windows Export	Install Wine	2026-05-03T20:37:45.6862348Z Get:25 http://azure.archive.ubuntu.com/ubuntu noble-updates/main i386 zlib1g i386 1:1.3.dfsg-3.1ubuntu2.1 [58.9 kB]
Windows Export	Install Wine	2026-05-03T20:37:45.6937738Z Get:26 http://azure.archive.ubuntu.com/ubuntu noble-updates/main i386 libapparmor1 i386 4.0.1really4.0.1-0ubuntu0.24.04.6 [51.9 kB]
Windows Export	Install Wine	2026-05-03T20:37:45.7015638Z Get:27 http://azure.archive.ubuntu.com/ubuntu noble-updates/main i386 libbsd0 i386 0.12.1-1build1.1 [45.3 kB]
Windows Export	Install Wine	2026-05-03T20:37:45.7092571Z Get:28 http://azure.archive.ubuntu.com/ubuntu noble-updates/main amd64 libpam-cap amd64 1:2.66-5ubuntu2.4 [12.5 kB]
Windows Export	Install Wine	2026-05-03T20:37:45.7165286Z Get:29 http://azure.archive.ubuntu.com/ubuntu noble-updates/main amd64 libcap2-bin amd64 1:2.66-5ubuntu2.4 [34.1 kB]
Windows Export	Install Wine	2026-05-03T20:37:45.7250381Z Get:30 http://azure.archive.ubuntu.com/ubuntu noble/main i386 libdb5.3t64 i386 5.3.28+dfsg2-7 [807 kB]
Windows Export	Install Wine	2026-05-03T20:37:45.7429072Z Get:31 http://azure.archive.ubuntu.com/ubuntu noble-updates/main i386 libdbus-1-3 i386 1.14.10-4ubuntu4.1 [228 kB]
Windows Export	Install Wine	2026-05-03T20:37:45.7546341Z Get:32 http://azure.archive.ubuntu.com/ubuntu noble-updates/main i386 libelf1t64 i386 0.190-1.1ubuntu0.1 [62.3 kB]
Windows Export	Install Wine	2026-05-03T20:37:45.7624689Z Get:33 http://azure.archive.ubuntu.com/ubuntu noble-updates/main i386 libexpat1 i386 2.6.1-2ubuntu0.4 [91.4 kB]
Windows Export	Install Wine	2026-05-03T20:37:45.7702784Z Get:34 http://azure.archive.ubuntu.com/ubuntu noble/main i386 libffi8 i386 3.4.6-1build1 [22.8 kB]
Windows Export	Install Wine	2026-05-03T20:37:45.7774704Z Get:35 http://azure.archive.ubuntu.com/ubuntu noble/main i386 libfribidi0 i386 1.0.13-3build1 [26.6 kB]
Windows Export	Install Wine	2026-05-03T20:37:45.7957389Z Get:36 http://azure.archive.ubuntu.com/ubuntu noble-updates/main i386 libglib2.0-0t64 i386 2.80.0-6ubuntu3.8 [1668 kB]
Windows Export	Install Wine	2026-05-03T20:37:45.8554020Z Get:37 http://azure.archive.ubuntu.com/ubuntu noble-updates/main i386 libnettle8t64 i386 3.9.1-2.2build1.1 [191 kB]
Windows Export	Install Wine	2026-05-03T20:37:45.8668706Z Get:38 http://azure.archive.ubuntu.com/ubuntu noble-updates/main i386 libhogweed6t64 i386 3.9.1-2.2build1.1 [202 kB]
Windows Export	Install Wine	2026-05-03T20:37:45.9227376Z Get:39 http://azure.archive.ubuntu.com/ubuntu noble-updates/main i386 libunistring5 i386 1.1-2build1.1 [547 kB]
Windows Export	Install Wine	2026-05-03T20:37:45.9397002Z Get:40 http://azure.archive.ubuntu.com/ubuntu noble-updates/main i386 libidn2-0 i386 2.3.7-2build1.1 [102 kB]
Windows Export	Install Wine	2026-05-03T20:37:45.9499145Z Get:41 http://azure.archive.ubuntu.com/ubuntu noble-updates/main i386 libp11-kit0 i386 0.25.3-4ubuntu2.1 [291 kB]
Windows Export	Install Wine	2026-05-03T20:37:45.9600708Z Get:42 http://azure.archive.ubuntu.com/ubuntu noble-updates/main i386 libtasn1-6 i386 4.19.0-3ubuntu0.24.04.2 [45.4 kB]
Windows Export	Install Wine	2026-05-03T20:37:45.9683480Z Get:43 http://azure.archive.ubuntu.com/ubuntu noble-updates/main i386 libgnutls30t64 i386 3.8.3-1.1ubuntu3.5 [1014 kB]
Windows Export	Install Wine	2026-05-03T20:37:45.9964141Z Get:44 http://azure.archive.ubuntu.com/ubuntu noble-updates/main i386 libkrb5support0 i386 1.20.1-6ubuntu2.6 [38.3 kB]
Windows Export	Install Wine	2026-05-03T20:37:46.0043717Z Get:45 http://azure.archive.ubuntu.com/ubuntu noble-updates/main i386 libk5crypto3 i386 1.20.1-6ubuntu2.6 [86.3 kB]
Windows Export	Install Wine	2026-05-03T20:37:46.0182400Z Get:46 http://azure.archive.ubuntu.com/ubuntu noble/main i386 libkeyutils1 i386 1.6.3-3build1 [9918 B]
Windows Export	Install Wine	2026-05-03T20:37:46.0255898Z Get:47 http://azure.archive.ubuntu.com/ubuntu noble-updates/main i386 libkrb5-3 i386 1.20.1-6ubuntu2.6 [395 kB]
Windows Export	Install Wine	2026-05-03T20:37:46.0405851Z Get:48 http://azure.archive.ubuntu.com/ubuntu noble-updates/main i386 libgssapi-krb5-2 i386 1.20.1-6ubuntu2.6 [154 kB]
Windows Export	Install Wine	2026-05-03T20:37:46.0508062Z Get:49 http://azure.archive.ubuntu.com/ubuntu noble-updates/main i386 libstdc++6 i386 14.2.0-4ubuntu2~24.04.1 [862 kB]
Windows Export	Install Wine	2026-05-03T20:37:46.0723121Z Get:50 http://azure.archive.ubuntu.com/ubuntu noble-updates/main i386 libicu74 i386 74.2-1ubuntu3.1 [11.0 MB]
Windows Export	Install Wine	2026-05-03T20:37:46.2034161Z Get:51 http://azure.archive.ubuntu.com/ubuntu noble/main i386 libslang2 i386 2.3.3-3build2 [505 kB]
Windows Export	Install Wine	2026-05-03T20:37:46.2169300Z Get:52 http://azure.archive.ubuntu.com/ubuntu noble-updates/main i386 libsqlite3-0 i386 3.45.1-1ubuntu2.5 [775 kB]
Windows Export	Install Wine	2026-05-03T20:37:46.2325785Z Get:53 http://azure.archive.ubuntu.com/ubuntu noble-updates/main i386 libxml2 i386 2.9.14+dfsg-1.3ubuntu3.7 [723 kB]
Windows Export	Install Wine	2026-05-03T20:37:46.2459165Z Get:54 http://azure.archive.ubuntu.com/ubuntu noble/main i386 libedit2 i386 3.1-20230828-1build1 [101 kB]
Windows Export	Install Wine	2026-05-03T20:37:46.2537059Z Get:55 http://azure.archive.ubuntu.com/ubuntu noble/main i386 libgpm2 i386 1.20.7-11 [14.7 kB]
Windows Export	Install Wine	2026-05-03T20:37:46.2609957Z Get:56 http://azure.archive.ubuntu.com/ubuntu noble/main i386 libncurses6 i386 6.4+20240113-1ubuntu2 [121 kB]
Windows Export	Install Wine	2026-05-03T20:37:46.2694153Z Get:57 http://azure.archive.ubuntu.com/ubuntu noble-updates/main i386 libnghttp2-14 i386 1.59.0-1ubuntu0.2 [89.8 kB]
Windows Export	Install Wine	2026-05-03T20:37:46.3188518Z Get:58 http://azure.archive.ubuntu.com/ubuntu noble/main i386 libpcap0.8t64 i386 1.10.4-4.1ubuntu3 [158 kB]
Windows Export	Install Wine	2026-05-03T20:37:46.3278084Z Get:59 http://azure.archive.ubuntu.com/ubuntu noble-updates/main i386 libpng16-16t64 i386 1.6.43-5ubuntu0.5 [193 kB]
Windows Export	Install Wine	2026-05-03T20:37:46.3376526Z Get:60 http://azure.archive.ubuntu.com/ubuntu noble/main i386 libpsl5t64 i386 0.21.2-1.1build1 [57.7 kB]
Windows Export	Install Wine	2026-05-03T20:37:46.3505829Z Get:61 http://azure.archive.ubuntu.com/ubuntu noble/main i386 libsensors5 i386 1:3.6.0-9build1 [28.4 kB]
Windows Export	Install Wine	2026-05-03T20:37:46.3580495Z Get:62 http://azure.archive.ubuntu.com/ubuntu noble/main i386 libusb-1.0-0 i386 2:1.0.27-1 [58.2 kB]
Windows Export	Install Wine	2026-05-03T20:37:46.3657670Z Get:63 http://azure.archive.ubuntu.com/ubuntu noble/main i386 libxau6 i386 1:1.0.9-1build6 [7520 B]
Windows Export	Install Wine	2026-05-03T20:37:46.3730570Z Get:64 http://azure.archive.ubuntu.com/ubuntu noble/main i386 libxdmcp6 i386 1:1.1.3-0ubuntu6 [10.7 kB]
Windows Export	Install Wine	2026-05-03T20:37:46.3802116Z Get:65 http://azure.archive.ubuntu.com/ubuntu noble/main i386 libxcb1 i386 1.15-1ubuntu2 [54.3 kB]
Windows Export	Install Wine	2026-05-03T20:37:46.3877727Z Get:66 http://azure.archive.ubuntu.com/ubuntu noble/main i386 libx11-6 i386 2:1.8.7-1build1 [670 kB]
Windows Export	Install Wine	2026-05-03T20:37:46.4075184Z Get:67 http://azure.archive.ubuntu.com/ubuntu noble/main i386 libxext6 i386 2:1.3.4-1build2 [33.4 kB]
Windows Export	Install Wine	2026-05-03T20:37:46.4149903Z Get:68 http://azure.archive.ubuntu.com/ubuntu noble/main i386 libxkbcommon0 i386 1.6.0-1build1 [126 kB]
Windows Export	Install Wine	2026-05-03T20:37:46.4231120Z Get:69 http://azure.archive.ubuntu.com/ubuntu noble/main amd64 session-migration amd64 0.3.9build1 [9034 B]
Windows Export	Install Wine	2026-05-03T20:37:46.4304018Z Get:70 http://azure.archive.ubuntu.com/ubuntu noble-updates/main amd64 gsettings-desktop-schemas all 46.1-0ubuntu1 [35.6 kB]
Windows Export	Install Wine	2026-05-03T20:37:46.4379863Z Get:71 http://azure.archive.ubuntu.com/ubuntu noble/main amd64 at-spi2-core amd64 2.52.0-1build1 [56.6 kB]
Windows Export	Install Wine	2026-05-03T20:37:46.4457279Z Get:72 http://azure.archive.ubuntu.com/ubuntu noble/universe amd64 fonts-wine all 9.0~repack-4build3 [211 kB]
Windows Export	Install Wine	2026-05-03T20:37:46.4551816Z Get:73 http://azure.archive.ubuntu.com/ubuntu noble/main i386 libbrotli1 i386 1.1.0-2build2 [334 kB]
Windows Export	Install Wine	2026-05-03T20:37:46.4657565Z Get:74 http://azure.archive.ubuntu.com/ubuntu noble-updates/main i386 libsasl2-modules-db i386 2.1.28+dfsg1-5ubuntu3.1 [21.8 kB]
Windows Export	Install Wine	2026-05-03T20:37:46.4730437Z Get:75 http://azure.archive.ubuntu.com/ubuntu noble-updates/main i386 libsasl2-2 i386 2.1.28+dfsg1-5ubuntu3.1 [61.5 kB]
Windows Export	Install Wine	2026-05-03T20:37:46.4806717Z Get:76 http://azure.archive.ubuntu.com/ubuntu noble-updates/main i386 libldap2 i386 2.6.10+dfsg-0ubuntu0.24.04.1 [213 kB]
Windows Export	Install Wine	2026-05-03T20:37:46.5343945Z Get:77 http://azure.archive.ubuntu.com/ubuntu noble/main i386 librtmp1 i386 2.4+20151223.gitfa8646d.1-2build7 [60.7 kB]
Windows Export	Install Wine	2026-05-03T20:37:46.5424556Z Get:78 http://azure.archive.ubuntu.com/ubuntu noble-updates/main i386 libssh-4 i386 0.10.6-2ubuntu0.4 [215 kB]
Windows Export	Install Wine	2026-05-03T20:37:46.5518162Z Get:79 http://azure.archive.ubuntu.com/ubuntu noble-updates/main i386 libcurl3t64-gnutls i386 8.5.0-2ubuntu10.8 [369 kB]
Windows Export	Install Wine	2026-05-03T20:37:46.5630805Z Get:80 http://azure.archive.ubuntu.com/ubuntu noble/main i386 libduktape207 i386 2.7.0+tests-0ubuntu3 [147 kB]
Windows Export	Install Wine	2026-05-03T20:37:46.5732867Z Get:81 http://azure.archive.ubuntu.com/ubuntu noble/main i386 libproxy1v5 i386 0.5.4-4build1 [28.0 kB]
Windows Export	Install Wine	2026-05-03T20:37:46.5805821Z Get:82 http://azure.archive.ubuntu.com/ubuntu noble/main amd64 libproxy1v5 amd64 0.5.4-4build1 [26.5 kB]
Windows Export	Install Wine	2026-05-03T20:37:46.5880487Z Get:83 http://azure.archive.ubuntu.com/ubuntu noble/main amd64 glib-networking-common all 2.80.0-1build1 [6702 B]
Windows Export	Install Wine	2026-05-03T20:37:46.5954532Z Get:84 http://azure.archive.ubuntu.com/ubuntu noble/main amd64 glib-networking-services amd64 2.80.0-1build1 [12.8 kB]
Windows Export	Install Wine	2026-05-03T20:37:46.6030975Z Get:85 http://azure.archive.ubuntu.com/ubuntu noble/main i386 glib-networking i386 2.80.0-1build1 [73.8 kB]
Windows Export	Install Wine	2026-05-03T20:37:46.6112528Z Get:86 http://azure.archive.ubuntu.com/ubuntu noble/main amd64 glib-networking amd64 2.80.0-1build1 [64.1 kB]
Windows Export	Install Wine	2026-05-03T20:37:46.6190268Z Get:87 http://azure.archive.ubuntu.com/ubuntu noble/main i386 libcdparanoia0 i386 3.10.2+debian-14build3 [50.7 kB]
Windows Export	Install Wine	2026-05-03T20:37:46.6269807Z Get:88 http://azure.archive.ubuntu.com/ubuntu noble-updates/main i386 libdrm2 i386 2.4.125-1ubuntu0.1~24.04.1 [45.4 kB]
Windows Export	Install Wine	2026-05-03T20:37:46.6357708Z Get:89 http://azure.archive.ubuntu.com/ubuntu noble-updates/main i386 libdw1t64 i386 0.190-1.1ubuntu0.1 [285 kB]
Windows Export	Install Wine	2026-05-03T20:37:46.6455496Z Get:90 http://azure.archive.ubuntu.com/ubuntu noble-updates/main i386 libunwind8 i386 1.6.2-3build1.1 [53.8 kB]
Windows Export	Install Wine	2026-05-03T20:37:46.6531877Z Get:91 http://azure.archive.ubuntu.com/ubuntu noble-updates/main i386 libgstreamer1.0-0 i386 1.24.2-1ubuntu0.1 [1280 kB]
Windows Export	Install Wine	2026-05-03T20:37:46.6729741Z Get:92 http://azure.archive.ubuntu.com/ubuntu noble-updates/main i386 liborc-0.4-0t64 i386 1:0.4.38-1ubuntu0.1 [223 kB]
Windows Export	Install Wine	2026-05-03T20:37:46.6827854Z Get:93 http://azure.archive.ubuntu.com/ubuntu noble-updates/main i386 libgstreamer-plugins-base1.0-0 i386 1.24.2-1ubuntu0.4 [924 kB]
Windows Export	Install Wine	2026-05-03T20:37:46.7072837Z Get:94 http://azure.archive.ubuntu.com/ubuntu noble/main i386 libogg0 i386 1.3.5-3build1 [23.5 kB]
Windows Export	Install Wine	2026-05-03T20:37:46.7152077Z Get:95 http://azure.archive.ubuntu.com/ubuntu noble/main i386 libopus0 i386 1.4-1build1 [210 kB]
Windows Export	Install Wine	2026-05-03T20:37:46.7745208Z Get:96 http://azure.archive.ubuntu.com/ubuntu noble-updates/main i386 libfreetype6 i386 2.13.2+dfsg-1ubuntu0.1 [412 kB]
Windows Export	Install Wine	2026-05-03T20:37:46.7862128Z Get:97 http://azure.archive.ubuntu.com/ubuntu noble/main i386 libfontconfig1 i386 2.15.0-1.1ubuntu2 [145 kB]
Windows Export	Install Wine	2026-05-03T20:37:46.7961771Z Get:98 http://azure.archive.ubuntu.com/ubuntu noble/main i386 libpixman-1-0 i386 0.42.2-1build1 [277 kB]
Windows Export	Install Wine	2026-05-03T20:37:46.8068019Z Get:99 http://azure.archive.ubuntu.com/ubuntu noble/main i386 libxcb-render0 i386 1.15-1ubuntu2 [17.3 kB]
Windows Export	Install Wine	2026-05-03T20:37:46.8138925Z Get:100 http://azure.archive.ubuntu.com/ubuntu noble/main i386 libxcb-shm0 i386 1.15-1ubuntu2 [5850 B]
Windows Export	Install Wine	2026-05-03T20:37:46.8208450Z Get:101 http://azure.archive.ubuntu.com/ubuntu noble/main i386 libxrender1 i386 1:0.9.10-1.1build1 [20.5 kB]
Windows Export	Install Wine	2026-05-03T20:37:46.8281215Z Get:102 http://azure.archive.ubuntu.com/ubuntu noble/main i386 libcairo2 i386 1.18.0-3build1 [636 kB]
Windows Export	Install Wine	2026-05-03T20:37:46.8420222Z Get:103 http://azure.archive.ubuntu.com/ubuntu noble/main i386 libtheora0 i386 1.1.1+dfsg.1-16.1build3 [164 kB]
Windows Export	Install Wine	2026-05-03T20:37:46.8508718Z Get:104 http://azure.archive.ubuntu.com/ubuntu noble/main i386 libvisual-0.4-0 i386 0.4.2-2build1 [121 kB]
Windows Export	Install Wine	2026-05-03T20:37:46.8588158Z Get:105 http://azure.archive.ubuntu.com/ubuntu noble/main i386 libvorbis0a i386 1.3.7-1build3 [95.3 kB]
Windows Export	Install Wine	2026-05-03T20:37:46.8664294Z Get:106 http://azure.archive.ubuntu.com/ubuntu noble/main i386 libvorbisenc2 i386 1.3.7-1build3 [73.7 kB]
Windows Export	Install Wine	2026-05-03T20:37:46.8742654Z Get:107 http://azure.archive.ubuntu.com/ubuntu noble-updates/main i386 gstreamer1.0-plugins-base i386 1.24.2-1ubuntu0.4 [784 kB]
Windows Export	Install Wine	2026-05-03T20:37:46.8863110Z Get:108 http://azure.archive.ubuntu.com/ubuntu noble/main amd64 libcdparanoia0 amd64 3.10.2+debian-14build3 [48.5 kB]
Windows Export	Install Wine	2026-05-03T20:37:46.8935010Z Get:109 http://azure.archive.ubuntu.com/ubuntu noble-updates/main amd64 liborc-0.4-0t64 amd64 1:0.4.38-1ubuntu0.1 [207 kB]
Windows Export	Install Wine	2026-05-03T20:37:46.9020641Z Get:110 http://azure.archive.ubuntu.com/ubuntu noble-updates/main amd64 libgstreamer-plugins-base1.0-0 amd64 1.24.2-1ubuntu0.4 [862 kB]
Windows Export	Install Wine	2026-05-03T20:37:46.9182658Z Get:111 http://azure.archive.ubuntu.com/ubuntu noble/main amd64 libopus0 amd64 1.4-1build1 [208 kB]
Windows Export	Install Wine	2026-05-03T20:37:46.9266560Z Get:112 http://azure.archive.ubuntu.com/ubuntu noble/main amd64 libtheora0 amd64 1.1.1+dfsg.1-16.1build3 [211 kB]
Windows Export	Install Wine	2026-05-03T20:37:46.9347907Z Get:113 http://azure.archive.ubuntu.com/ubuntu noble/main amd64 libvisual-0.4-0 amd64 0.4.2-2build1 [115 kB]
Windows Export	Install Wine	2026-05-03T20:37:46.9426596Z Get:114 http://azure.archive.ubuntu.com/ubuntu noble/main amd64 libvorbisenc2 amd64 1.3.7-1build3 [80.8 kB]
Windows Export	Install Wine	2026-05-03T20:37:46.9500675Z Get:115 http://azure.archive.ubuntu.com/ubuntu noble-updates/main amd64 gstreamer1.0-plugins-base amd64 1.24.2-1ubuntu0.4 [721 kB]
Windows Export	Install Wine	2026-05-03T20:37:46.9620451Z Get:116 http://azure.archive.ubuntu.com/ubuntu noble/main amd64 libaa1 amd64 1.4p5-51.1 [49.9 kB]
Windows Export	Install Wine	2026-05-03T20:37:46.9688274Z Get:117 http://azure.archive.ubuntu.com/ubuntu noble/main amd64 libraw1394-11 amd64 2.1.2-2build3 [26.2 kB]
Windows Export	Install Wine	2026-05-03T20:37:46.9756558Z Get:118 http://azure.archive.ubuntu.com/ubuntu noble/main amd64 libavc1394-0 amd64 0.5.4-5build3 [15.4 kB]
Windows Export	Install Wine	2026-05-03T20:37:46.9823951Z Get:119 http://azure.archive.ubuntu.com/ubuntu noble-updates/main amd64 libcaca0 amd64 0.99.beta20-4ubuntu0.1 [209 kB]
Windows Export	Install Wine	2026-05-03T20:37:46.9904243Z Get:120 http://azure.archive.ubuntu.com/ubuntu noble/main amd64 libdv4t64 amd64 1.0.0-17.1build1 [63.2 kB]
Windows Export	Install Wine	2026-05-03T20:37:47.0415960Z Get:121 http://azure.archive.ubuntu.com/ubuntu noble/main amd64 libflac12t64 amd64 1.4.3+ds-2.1ubuntu2 [197 kB]
Windows Export	Install Wine	2026-05-03T20:37:47.0498995Z Get:122 http://azure.archive.ubuntu.com/ubuntu noble-updates/main amd64 libgstreamer-plugins-good1.0-0 amd64 1.24.2-1ubuntu1.3 [33.1 kB]
Windows Export	Install Wine	2026-05-03T20:37:47.0567928Z Get:123 http://azure.archive.ubuntu.com/ubuntu noble/main amd64 libiec61883-0 amd64 1.2.0-6build1 [24.5 kB]
Windows Export	Install Wine	2026-05-03T20:37:47.0633546Z Get:124 http://azure.archive.ubuntu.com/ubuntu noble/main amd64 libmp3lame0 amd64 3.100-6build1 [142 kB]
Windows Export	Install Wine	2026-05-03T20:37:47.0717939Z Get:125 http://azure.archive.ubuntu.com/ubuntu noble-updates/main amd64 libmpg123-0t64 amd64 1.32.5-1ubuntu1.1 [169 kB]
Windows Export	Install Wine	2026-05-03T20:37:47.0796056Z Get:126 http://azure.archive.ubuntu.com/ubuntu noble/main amd64 libasyncns0 amd64 0.8-6build4 [11.3 kB]
Windows Export	Install Wine	2026-05-03T20:37:47.0863551Z Get:127 http://azure.archive.ubuntu.com/ubuntu noble-updates/main amd64 libsndfile1 amd64 1.2.2-1ubuntu5.24.04.1 [209 kB]
Windows Export	Install Wine	2026-05-03T20:37:47.0947634Z Get:128 http://azure.archive.ubuntu.com/ubuntu noble-updates/main amd64 libpulse0 amd64 1:16.1+dfsg1-2ubuntu10.1 [292 kB]
Windows Export	Install Wine	2026-05-03T20:37:47.1032907Z Get:129 http://azure.archive.ubuntu.com/ubuntu noble-updates/main amd64 libspeex1 amd64 1.2.1-2ubuntu2.24.04.1 [59.6 kB]
Windows Export	Install Wine	2026-05-03T20:37:47.1103104Z Get:130 http://azure.archive.ubuntu.com/ubuntu noble/main amd64 libshout3 amd64 2.4.6-1build2 [50.3 kB]
Windows Export	Install Wine	2026-05-03T20:37:47.1175455Z Get:131 http://azure.archive.ubuntu.com/ubuntu noble/main amd64 libtag1v5-vanilla amd64 1.13.1-1build1 [326 kB]
Windows Export	Install Wine	2026-05-03T20:37:47.1265868Z Get:132 http://azure.archive.ubuntu.com/ubuntu noble/main amd64 libtag1v5 amd64 1.13.1-1build1 [11.7 kB]
Windows Export	Install Wine	2026-05-03T20:37:47.1333702Z Get:133 http://azure.archive.ubuntu.com/ubuntu noble/main amd64 libtwolame0 amd64 0.4.0-2build3 [52.3 kB]
Windows Export	Install Wine	2026-05-03T20:37:47.1406299Z Get:134 http://azure.archive.ubuntu.com/ubuntu noble/main amd64 libv4lconvert0t64 amd64 1.26.1-4build3 [87.6 kB]
Windows Export	Install Wine	2026-05-03T20:37:47.1482638Z Get:135 http://azure.archive.ubuntu.com/ubuntu noble/main amd64 libv4l-0t64 amd64 1.26.1-4build3 [46.9 kB]
Windows Export	Install Wine	2026-05-03T20:37:47.1566472Z Get:136 http://azure.archive.ubuntu.com/ubuntu noble-updates/main amd64 libvpx9 amd64 1.14.0-1ubuntu2.3 [1143 kB]
Windows Export	Install Wine	2026-05-03T20:37:47.1725216Z Get:137 http://azure.archive.ubuntu.com/ubuntu noble/main amd64 libwavpack1 amd64 5.6.0-1build1 [84.6 kB]
Windows Export	Install Wine	2026-05-03T20:37:47.1796683Z Get:138 http://azure.archive.ubuntu.com/ubuntu noble-updates/main amd64 libsoup-3.0-common all 3.4.4-5ubuntu0.7 [11.6 kB]
Windows Export	Install Wine	2026-05-03T20:37:47.1864651Z Get:139 http://azure.archive.ubuntu.com/ubuntu noble-updates/main amd64 libsoup-3.0-0 amd64 3.4.4-5ubuntu0.7 [292 kB]
Windows Export	Install Wine	2026-05-03T20:37:47.2414514Z Get:140 http://azure.archive.ubuntu.com/ubuntu noble-updates/main amd64 gstreamer1.0-plugins-good amd64 1.24.2-1ubuntu1.3 [2236 kB]
Windows Export	Install Wine	2026-05-03T20:37:47.2617523Z Get:141 http://azure.archive.ubuntu.com/ubuntu noble/main i386 libaa1 i386 1.4p5-51.1 [52.1 kB]
Windows Export	Install Wine	2026-05-03T20:37:47.2686315Z Get:142 http://azure.archive.ubuntu.com/ubuntu noble/main i386 libraw1394-11 i386 2.1.2-2build3 [30.5 kB]
Windows Export	Install Wine	2026-05-03T20:37:47.2753579Z Get:143 http://azure.archive.ubuntu.com/ubuntu noble/main i386 libavc1394-0 i386 0.5.4-5build3 [16.6 kB]
Windows Export	Install Wine	2026-05-03T20:37:47.2820966Z Get:144 http://azure.archive.ubuntu.com/ubuntu noble-updates/main i386 libcaca0 i386 0.99.beta20-4ubuntu0.1 [223 kB]
Windows Export	Install Wine	2026-05-03T20:37:47.2903636Z Get:145 http://azure.archive.ubuntu.com/ubuntu noble/main i386 libcairo-gobject2 i386 1.18.0-3build1 [126 kB]
Windows Export	Install Wine	2026-05-03T20:37:47.2978470Z Get:146 http://azure.archive.ubuntu.com/ubuntu noble/main i386 libdv4t64 i386 1.0.0-17.1build1 [63.6 kB]
Windows Export	Install Wine	2026-05-03T20:37:47.3049748Z Get:147 http://azure.archive.ubuntu.com/ubuntu noble/main i386 libflac12t64 i386 1.4.3+ds-2.1ubuntu2 [199 kB]
Windows Export	Install Wine	2026-05-03T20:37:47.3128472Z Get:148 http://azure.archive.ubuntu.com/ubuntu noble/main i386 libjpeg-turbo8 i386 2.1.5-2ubuntu2 [152 kB]
Windows Export	Install Wine	2026-05-03T20:37:47.3205643Z Get:149 http://azure.archive.ubuntu.com/ubuntu noble/main i386 libjpeg8 i386 8c-2ubuntu11 [2148 B]
Windows Export	Install Wine	2026-05-03T20:37:47.3275381Z Get:150 http://azure.archive.ubuntu.com/ubuntu noble-updates/main i386 libdeflate0 i386 1.19-1build1.1 [44.5 kB]
Windows Export	Install Wine	2026-05-03T20:37:47.3344979Z Get:151 http://azure.archive.ubuntu.com/ubuntu noble/main i386 libjbig0 i386 2.1-6.1ubuntu2 [29.4 kB]
Windows Export	Install Wine	2026-05-03T20:37:47.3413454Z Get:152 http://azure.archive.ubuntu.com/ubuntu noble/main i386 libsharpyuv0 i386 1.3.2-0.4build3 [14.8 kB]
Windows Export	Install Wine	2026-05-03T20:37:47.3484259Z Get:153 http://azure.archive.ubuntu.com/ubuntu noble/main i386 libwebp7 i386 1.3.2-0.4build3 [237 kB]
Windows Export	Install Wine	2026-05-03T20:37:47.3566792Z Get:154 http://azure.archive.ubuntu.com/ubuntu noble-updates/main i386 libtiff6 i386 4.5.1+git230720-4ubuntu2.5 [209 kB]
Windows Export	Install Wine	2026-05-03T20:37:47.3645067Z Get:155 http://azure.archive.ubuntu.com/ubuntu noble-updates/main i386 libgdk-pixbuf-2.0-0 i386 2.42.10+dfsg-3ubuntu3.3 [159 kB]
Windows Export	Install Wine	2026-05-03T20:37:47.3722507Z Get:156 http://azure.archive.ubuntu.com/ubuntu noble-updates/main i386 libgstreamer-plugins-good1.0-0 i386 1.24.2-1ubuntu1.3 [33.4 kB]
Windows Export	Install Wine	2026-05-03T20:37:47.3790835Z Get:157 http://azure.archive.ubuntu.com/ubuntu noble/main i386 libgudev-1.0-0 i386 1:238-5ubuntu1 [16.5 kB]
Windows Export	Install Wine	2026-05-03T20:37:47.4293763Z Get:158 http://azure.archive.ubuntu.com/ubuntu noble/main i386 libiec61883-0 i386 1.2.0-6build1 [26.6 kB]
Windows Export	Install Wine	2026-05-03T20:37:47.4362299Z Get:159 http://azure.archive.ubuntu.com/ubuntu noble/main i386 libmp3lame0 i386 3.100-6build1 [143 kB]
Windows Export	Install Wine	2026-05-03T20:37:47.4438358Z Get:160 http://azure.archive.ubuntu.com/ubuntu noble-updates/main i386 libmpg123-0t64 i386 1.32.5-1ubuntu1.1 [174 kB]
Windows Export	Install Wine	2026-05-03T20:37:47.4529157Z Get:161 http://azure.archive.ubuntu.com/ubuntu noble/main i386 libasyncns0 i386 0.8-6build4 [11.7 kB]
Windows Export	Install Wine	2026-05-03T20:37:47.4653470Z Get:162 http://azure.archive.ubuntu.com/ubuntu noble-updates/main i386 libsndfile1 i386 1.2.2-1ubuntu5.24.04.1 [241 kB]
Windows Export	Install Wine	2026-05-03T20:37:47.4938416Z Get:163 http://azure.archive.ubuntu.com/ubuntu noble/main i386 libx11-xcb1 i386 2:1.8.7-1build1 [7774 B]
Windows Export	Install Wine	2026-05-03T20:37:47.5008971Z Get:164 http://azure.archive.ubuntu.com/ubuntu noble-updates/main i386 libpulse0 i386 1:16.1+dfsg1-2ubuntu10.1 [300 kB]
Windows Export	Install Wine	2026-05-03T20:37:47.5123697Z Get:165 http://azure.archive.ubuntu.com/ubuntu noble-updates/main i386 libspeex1 i386 1.2.1-2ubuntu2.24.04.1 [55.6 kB]
Windows Export	Install Wine	2026-05-03T20:37:47.5195103Z Get:166 http://azure.archive.ubuntu.com/ubuntu noble/main i386 libshout3 i386 2.4.6-1build2 [56.6 kB]
Windows Export	Install Wine	2026-05-03T20:37:47.5263022Z Get:167 http://azure.archive.ubuntu.com/ubuntu noble/main i386 libtag1v5-vanilla i386 1.13.1-1build1 [359 kB]
Windows Export	Install Wine	2026-05-03T20:37:47.5361253Z Get:168 http://azure.archive.ubuntu.com/ubuntu noble/main i386 libtag1v5 i386 1.13.1-1build1 [11.7 kB]
Windows Export	Install Wine	2026-05-03T20:37:47.5427745Z Get:169 http://azure.archive.ubuntu.com/ubuntu noble/main i386 libtwolame0 i386 0.4.0-2build3 [50.2 kB]
Windows Export	Install Wine	2026-05-03T20:37:47.5499613Z Get:170 http://azure.archive.ubuntu.com/ubuntu noble/main i386 libv4lconvert0t64 i386 1.26.1-4build3 [88.3 kB]
Windows Export	Install Wine	2026-05-03T20:37:47.5570664Z Get:171 http://azure.archive.ubuntu.com/ubuntu noble/main i386 libv4l-0t64 i386 1.26.1-4build3 [47.3 kB]
Windows Export	Install Wine	2026-05-03T20:37:47.5645713Z Get:172 http://azure.archive.ubuntu.com/ubuntu noble-updates/main i386 libvpx9 i386 1.14.0-1ubuntu2.3 [1129 kB]
Windows Export	Install Wine	2026-05-03T20:37:47.6031594Z Get:173 http://azure.archive.ubuntu.com/ubuntu noble/main i386 libwavpack1 i386 5.6.0-1build1 [87.8 kB]
Windows Export	Install Wine	2026-05-03T20:37:47.6105656Z Get:174 http://azure.archive.ubuntu.com/ubuntu noble/main i386 libxdamage1 i386 1:1.1.6-1build1 [6406 B]
Windows Export	Install Wine	2026-05-03T20:37:47.6172866Z Get:175 http://azure.archive.ubuntu.com/ubuntu noble/main i386 libxfixes3 i386 1:6.0.0-2build1 [11.6 kB]
Windows Export	Install Wine	2026-05-03T20:37:47.6242174Z Get:176 http://azure.archive.ubuntu.com/ubuntu noble/main i386 libxtst6 i386 2:1.2.3-1.1build1 [13.5 kB]
Windows Export	Install Wine	2026-05-03T20:37:47.6738906Z Get:177 http://azure.archive.ubuntu.com/ubuntu noble-updates/main i386 libsoup-3.0-0 i386 3.4.4-5ubuntu0.7 [310 kB]
Windows Export	Install Wine	2026-05-03T20:37:47.6831767Z Get:178 http://azure.archive.ubuntu.com/ubuntu noble-updates/main i386 gstreamer1.0-plugins-good i386 1.24.2-1ubuntu1.3 [2441 kB]
Windows Export	Install Wine	2026-05-03T20:37:47.7091099Z Get:179 http://azure.archive.ubuntu.com/ubuntu noble/main i386 libgraphite2-3 i386 1.3.14-2build1 [80.0 kB]
Windows Export	Install Wine	2026-05-03T20:37:47.7161659Z Get:180 http://azure.archive.ubuntu.com/ubuntu noble/main i386 libharfbuzz0b i386 8.3.0-2build2 [525 kB]
Windows Export	Install Wine	2026-05-03T20:37:47.7262667Z Get:181 http://azure.archive.ubuntu.com/ubuntu noble/main i386 libdatrie1 i386 0.2.13-3build1 [21.5 kB]
Windows Export	Install Wine	2026-05-03T20:37:47.7328005Z Get:182 http://azure.archive.ubuntu.com/ubuntu noble/main i386 libthai0 i386 0.1.29-2build1 [20.0 kB]
Windows Export	Install Wine	2026-05-03T20:37:47.7392885Z Get:183 http://azure.archive.ubuntu.com/ubuntu noble/main i386 libpango-1.0-0 i386 1.52.1+ds-1build1 [239 kB]
Windows Export	Install Wine	2026-05-03T20:37:47.7474911Z Get:184 http://azure.archive.ubuntu.com/ubuntu noble/main i386 libpangoft2-1.0-0 i386 1.52.1+ds-1build1 [47.3 kB]
Windows Export	Install Wine	2026-05-03T20:37:47.7548923Z Get:185 http://azure.archive.ubuntu.com/ubuntu noble/main i386 libpangocairo-1.0-0 i386 1.52.1+ds-1build1 [30.6 kB]
Windows Export	Install Wine	2026-05-03T20:37:47.7621724Z Get:186 http://azure.archive.ubuntu.com/ubuntu noble/main i386 libxi6 i386 2:1.8.1-1build1 [35.0 kB]
Windows Export	Install Wine	2026-05-03T20:37:47.7693415Z Get:187 http://azure.archive.ubuntu.com/ubuntu noble/main i386 libxv1 i386 2:1.0.11-1.1build1 [11.1 kB]
Windows Export	Install Wine	2026-05-03T20:37:47.7769474Z Get:188 http://azure.archive.ubuntu.com/ubuntu noble-updates/main i386 gstreamer1.0-x i386 1.24.2-1ubuntu0.4 [92.5 kB]
Windows Export	Install Wine	2026-05-03T20:37:47.7839583Z Get:189 http://azure.archive.ubuntu.com/ubuntu noble/main amd64 libxv1 amd64 2:1.0.11-1.1build1 [10.7 kB]
Windows Export	Install Wine	2026-05-03T20:37:47.7907069Z Get:190 http://azure.archive.ubuntu.com/ubuntu noble-updates/main amd64 gstreamer1.0-x amd64 1.24.2-1ubuntu0.4 [85.0 kB]
Windows Export	Install Wine	2026-05-03T20:37:47.7980028Z Get:191 http://azure.archive.ubuntu.com/ubuntu noble-updates/universe i386 libva2 i386 2.20.0-2ubuntu0.1 [70.9 kB]
Windows Export	Install Wine	2026-05-03T20:37:47.8050386Z Get:192 http://azure.archive.ubuntu.com/ubuntu noble-updates/universe i386 libigdgmm12 i386 22.3.17+ds1-1ubuntu1 [175 kB]
Windows Export	Install Wine	2026-05-03T20:37:47.8126508Z Get:193 http://azure.archive.ubuntu.com/ubuntu noble-updates/universe i386 intel-media-va-driver i386 24.1.0+dfsg1-1ubuntu0.2 [3269 kB]
Windows Export	Install Wine	2026-05-03T20:37:47.8387286Z Get:194 http://azure.archive.ubuntu.com/ubuntu noble-updates/universe amd64 libva2 amd64 2.20.0-2ubuntu0.1 [66.3 kB]
Windows Export	Install Wine	2026-05-03T20:37:47.8465561Z Get:195 http://azure.archive.ubuntu.com/ubuntu noble-updates/universe amd64 libigdgmm12 amd64 22.3.17+ds1-1ubuntu1 [145 kB]
Windows Export	Install Wine	2026-05-03T20:37:47.8973996Z Get:196 http://azure.archive.ubuntu.com/ubuntu noble-updates/universe amd64 intel-media-va-driver amd64 24.1.0+dfsg1-1ubuntu0.2 [3163 kB]
Windows Export	Install Wine	2026-05-03T20:37:47.9273781Z Get:197 http://azure.archive.ubuntu.com/ubuntu noble-updates/main i386 libaom3 i386 3.8.2-2ubuntu0.1 [2060 kB]
Windows Export	Install Wine	2026-05-03T20:37:47.9491335Z Get:198 http://azure.archive.ubuntu.com/ubuntu noble-updates/universe amd64 libva-drm2 amd64 2.20.0-2ubuntu0.1 [7132 B]
Windows Export	Install Wine	2026-05-03T20:37:47.9558021Z Get:199 http://azure.archive.ubuntu.com/ubuntu noble-updates/universe amd64 libva-x11-2 amd64 2.20.0-2ubuntu0.1 [12.0 kB]
Windows Export	Install Wine	2026-05-03T20:37:47.9626633Z Get:200 http://azure.archive.ubuntu.com/ubuntu noble/main amd64 libvdpau1 amd64 1.5-2build1 [27.8 kB]
Windows Export	Install Wine	2026-05-03T20:37:47.9693816Z Get:201 http://azure.archive.ubuntu.com/ubuntu noble/universe amd64 libvpl2 amd64 2023.3.0-1build1 [99.8 kB]
Windows Export	Install Wine	2026-05-03T20:37:47.9765974Z Get:202 http://azure.archive.ubuntu.com/ubuntu noble/universe amd64 ocl-icd-libopencl1 amd64 2.3.2-1build1 [38.5 kB]
Windows Export	Install Wine	2026-05-03T20:37:47.9833445Z Get:203 http://azure.archive.ubuntu.com/ubuntu noble/universe amd64 libavutil58 amd64 7:6.1.1-3ubuntu5 [401 kB]
Windows Export	Install Wine	2026-05-03T20:37:47.9967568Z Get:204 http://azure.archive.ubuntu.com/ubuntu noble/universe amd64 libcodec2-1.2 amd64 1.2.0-2build1 [8998 kB]
Windows Export	Install Wine	2026-05-03T20:37:48.0593468Z Get:205 http://azure.archive.ubuntu.com/ubuntu noble/universe amd64 libdav1d7 amd64 1.4.1-1build1 [604 kB]
Windows Export	Install Wine	2026-05-03T20:37:48.0712313Z Get:206 http://azure.archive.ubuntu.com/ubuntu noble/universe amd64 libgsm1 amd64 1.0.22-1build1 [27.8 kB]
Windows Export	Install Wine	2026-05-03T20:37:48.0792144Z Get:207 http://azure.archive.ubuntu.com/ubuntu noble/universe amd64 libhwy1t64 amd64 1.0.7-8.1build1 [584 kB]
Windows Export	Install Wine	2026-05-03T20:37:48.0982042Z Get:208 http://azure.archive.ubuntu.com/ubuntu noble-updates/main amd64 liblcms2-2 amd64 2.14-2ubuntu0.1 [161 kB]
Windows Export	Install Wine	2026-05-03T20:37:48.1096886Z Get:209 http://azure.archive.ubuntu.com/ubuntu noble-updates/universe amd64 libjxl0.7 amd64 0.7.0-10.2ubuntu6.1 [1001 kB]
Windows Export	Install Wine	2026-05-03T20:37:48.1328697Z Get:210 http://azure.archive.ubuntu.com/ubuntu noble/universe amd64 librav1e0 amd64 0.7.1-2 [1022 kB]
Windows Export	Install Wine	2026-05-03T20:37:48.1552544Z Get:211 http://azure.archive.ubuntu.com/ubuntu noble/main amd64 librsvg2-2 amd64 2.58.0+dfsg-1build1 [2135 kB]
Windows Export	Install Wine	2026-05-03T20:37:48.1903463Z Get:212 http://azure.archive.ubuntu.com/ubuntu noble/universe amd64 libshine3 amd64 3.1.1-2build1 [23.2 kB]
Windows Export	Install Wine	2026-05-03T20:37:48.1978844Z Get:213 http://azure.archive.ubuntu.com/ubuntu noble/universe amd64 libsvtav1enc1d1 amd64 1.7.0+dfsg-2build1 [2425 kB]
Windows Export	Install Wine	2026-05-03T20:37:48.2330131Z Get:214 http://azure.archive.ubuntu.com/ubuntu noble/universe amd64 libsoxr0 amd64 0.1.3-4build3 [80.0 kB]
Windows Export	Install Wine	2026-05-03T20:37:48.2405998Z Get:215 http://azure.archive.ubuntu.com/ubuntu noble/universe amd64 libswresample4 amd64 7:6.1.1-3ubuntu5 [63.8 kB]
Windows Export	Install Wine	2026-05-03T20:37:48.2488347Z Get:216 http://azure.archive.ubuntu.com/ubuntu noble/universe amd64 libx264-164 amd64 2:0.164.3108+git31e19f9-1 [604 kB]
Windows Export	Install Wine	2026-05-03T20:37:48.2671035Z Get:217 http://azure.archive.ubuntu.com/ubuntu noble/universe amd64 libx265-199 amd64 3.5-2build1 [1226 kB]
Windows Export	Install Wine	2026-05-03T20:37:48.2903439Z Get:218 http://azure.archive.ubuntu.com/ubuntu noble/universe amd64 libxvidcore4 amd64 2:1.3.7-1build1 [219 kB]
Windows Export	Install Wine	2026-05-03T20:37:48.3015656Z Get:219 http://azure.archive.ubuntu.com/ubuntu noble/universe amd64 libzvbi-common all 0.2.42-2 [42.4 kB]
Windows Export	Install Wine	2026-05-03T20:37:48.3094417Z Get:220 http://azure.archive.ubuntu.com/ubuntu noble/universe amd64 libzvbi0t64 amd64 0.2.42-2 [261 kB]
Windows Export	Install Wine	2026-05-03T20:37:48.3221884Z Get:221 http://azure.archive.ubuntu.com/ubuntu noble/universe amd64 libavcodec60 amd64 7:6.1.1-3ubuntu5 [5851 kB]
Windows Export	Install Wine	2026-05-03T20:37:48.4444554Z Get:222 http://azure.archive.ubuntu.com/ubuntu noble/main amd64 libsamplerate0 amd64 0.2.2-4build1 [1344 kB]
Windows Export	Install Wine	2026-05-03T20:37:48.4785154Z Get:223 http://azure.archive.ubuntu.com/ubuntu noble/main amd64 libjack-jackd2-0 amd64 1.9.21~dfsg-3ubuntu3 [289 kB]
Windows Export	Install Wine	2026-05-03T20:37:48.4913245Z Get:224 http://azure.archive.ubuntu.com/ubuntu noble/main amd64 libspeexdsp1 amd64 1.2.1-1ubuntu3 [43.1 kB]
Windows Export	Install Wine	2026-05-03T20:37:48.5003335Z Get:225 http://azure.archive.ubuntu.com/ubuntu noble/universe amd64 libasound2-plugins amd64 1.2.7.1-1ubuntu5 [74.8 kB]
Windows Export	Install Wine	2026-05-03T20:37:48.5088167Z Get:226 http://azure.archive.ubuntu.com/ubuntu noble-updates/main i386 libasound2t64 i386 1.2.11-1ubuntu0.2 [429 kB]
Windows Export	Install Wine	2026-05-03T20:37:48.5230014Z Get:227 http://azure.archive.ubuntu.com/ubuntu noble-updates/universe i386 libva-drm2 i386 2.20.0-2ubuntu0.1 [7306 B]
Windows Export	Install Wine	2026-05-03T20:37:48.5308755Z Get:228 http://azure.archive.ubuntu.com/ubuntu noble/main i386 libxcb-dri3-0 i386 1.15-1ubuntu2 [7388 B]
Windows Export	Install Wine	2026-05-03T20:37:48.5378329Z Get:229 http://azure.archive.ubuntu.com/ubuntu noble-updates/universe i386 libva-x11-2 i386 2.20.0-2ubuntu0.1 [12.9 kB]
Windows Export	Install Wine	2026-05-03T20:37:48.5449698Z Get:230 http://azure.archive.ubuntu.com/ubuntu noble/main i386 libvdpau1 i386 1.5-2build1 [26.9 kB]
Windows Export	Install Wine	2026-05-03T20:37:48.5522355Z Get:231 http://azure.archive.ubuntu.com/ubuntu noble/universe i386 ocl-icd-libopencl1 i386 2.3.2-1build1 [41.2 kB]
Windows Export	Install Wine	2026-05-03T20:37:48.5602236Z Get:232 http://azure.archive.ubuntu.com/ubuntu noble/universe i386 libavutil58 i386 7:6.1.1-3ubuntu5 [403 kB]
Windows Export	Install Wine	2026-05-03T20:37:48.5716326Z Get:233 http://azure.archive.ubuntu.com/ubuntu noble/universe i386 libcodec2-1.2 i386 1.2.0-2build1 [8281 kB]
Windows Export	Install Wine	2026-05-03T20:37:48.7415792Z Get:234 http://azure.archive.ubuntu.com/ubuntu noble/universe i386 libdav1d7 i386 1.4.1-1build1 [362 kB]
Windows Export	Install Wine	2026-05-03T20:37:48.7541129Z Get:235 http://azure.archive.ubuntu.com/ubuntu noble/universe i386 libgsm1 i386 1.0.22-1build1 [28.6 kB]
Windows Export	Install Wine	2026-05-03T20:37:48.7610646Z Get:236 http://azure.archive.ubuntu.com/ubuntu noble-updates/main i386 libopenjp2-7 i386 2.5.0-2ubuntu0.4 [187 kB]
Windows Export	Install Wine	2026-05-03T20:37:48.7703388Z Get:237 http://azure.archive.ubuntu.com/ubuntu noble/main i386 librsvg2-2 i386 2.58.0+dfsg-1build1 [2224 kB]
Windows Export	Install Wine	2026-05-03T20:37:48.8066533Z Get:238 http://azure.archive.ubuntu.com/ubuntu noble/universe i386 libshine3 i386 3.1.1-2build1 [23.5 kB]
Windows Export	Install Wine	2026-05-03T20:37:48.8140744Z Get:239 http://azure.archive.ubuntu.com/ubuntu noble/main i386 libsnappy1v5 i386 1.1.10-1build1 [31.0 kB]
Windows Export	Install Wine	2026-05-03T20:37:48.8215031Z Get:240 http://azure.archive.ubuntu.com/ubuntu noble/universe i386 libsvtav1enc1d1 i386 1.7.0+dfsg-2build1 [1129 kB]
Windows Export	Install Wine	2026-05-03T20:37:48.8883923Z Get:241 http://azure.archive.ubuntu.com/ubuntu noble-updates/main i386 libgomp1 i386 14.2.0-4ubuntu2~24.04.1 [151 kB]
Windows Export	Install Wine	2026-05-03T20:37:48.8970463Z Get:242 http://azure.archive.ubuntu.com/ubuntu noble/universe i386 libsoxr0 i386 0.1.3-4build3 [87.1 kB]
Windows Export	Install Wine	2026-05-03T20:37:48.9050132Z Get:243 http://azure.archive.ubuntu.com/ubuntu noble/universe i386 libswresample4 i386 7:6.1.1-3ubuntu5 [69.5 kB]
Windows Export	Install Wine	2026-05-03T20:37:48.9129396Z Get:244 http://azure.archive.ubuntu.com/ubuntu noble/main i386 libwebpmux3 i386 1.3.2-0.4build3 [27.9 kB]
Windows Export	Install Wine	2026-05-03T20:37:48.9202064Z Get:245 http://azure.archive.ubuntu.com/ubuntu noble/universe i386 libx264-164 i386 2:0.164.3108+git31e19f9-1 [1029 kB]
Windows Export	Install Wine	2026-05-03T20:37:48.9449869Z Get:246 http://azure.archive.ubuntu.com/ubuntu noble-updates/main i386 libnuma1 i386 2.0.18-1ubuntu0.24.04.1 [25.3 kB]
Windows Export	Install Wine	2026-05-03T20:37:48.9520582Z Get:247 http://azure.archive.ubuntu.com/ubuntu noble/universe i386 libx265-199 i386 3.5-2build1 [739 kB]
Windows Export	Install Wine	2026-05-03T20:37:48.9748232Z Get:248 http://azure.archive.ubuntu.com/ubuntu noble/universe i386 libxvidcore4 i386 2:1.3.7-1build1 [222 kB]
Windows Export	Install Wine	2026-05-03T20:37:48.9870366Z Get:249 http://azure.archive.ubuntu.com/ubuntu noble/universe i386 libzvbi0t64 i386 0.2.42-2 [266 kB]
Windows Export	Install Wine	2026-05-03T20:37:49.0014658Z Get:250 http://azure.archive.ubuntu.com/ubuntu noble/universe i386 libavcodec60 i386 7:6.1.1-3ubuntu5 [5785 kB]
Windows Export	Install Wine	2026-05-03T20:37:49.0854043Z Get:251 http://azure.archive.ubuntu.com/ubuntu noble/main i386 libsamplerate0 i386 0.2.2-4build1 [1344 kB]
Windows Export	Install Wine	2026-05-03T20:37:49.1113503Z Get:252 http://azure.archive.ubuntu.com/ubuntu noble/main i386 libjack-jackd2-0 i386 1.9.21~dfsg-3ubuntu3 [326 kB]
Windows Export	Install Wine	2026-05-03T20:37:49.1234560Z Get:253 http://azure.archive.ubuntu.com/ubuntu noble/main i386 libspeexdsp1 i386 1.2.1-1ubuntu3 [42.6 kB]
Windows Export	Install Wine	2026-05-03T20:37:49.1315440Z Get:254 http://azure.archive.ubuntu.com/ubuntu noble/universe i386 libasound2-plugins i386 1.2.7.1-1ubuntu5 [77.1 kB]
Windows Export	Install Wine	2026-05-03T20:37:49.1394189Z Get:255 http://azure.archive.ubuntu.com/ubuntu noble/main i386 libatk1.0-0t64 i386 2.52.0-1build1 [55.5 kB]
Windows Export	Install Wine	2026-05-03T20:37:49.1480642Z Get:256 http://azure.archive.ubuntu.com/ubuntu noble/main i386 libatspi2.0-0t64 i386 2.52.0-1build1 [85.8 kB]
Windows Export	Install Wine	2026-05-03T20:37:49.1565177Z Get:257 http://azure.archive.ubuntu.com/ubuntu noble/main i386 libatk-bridge2.0-0t64 i386 2.52.0-1build1 [72.7 kB]
Windows Export	Install Wine	2026-05-03T20:37:49.1656218Z Get:258 http://azure.archive.ubuntu.com/ubuntu noble-updates/main i386 libatomic1 i386 14.2.0-4ubuntu2~24.04.1 [8554 B]
Windows Export	Install Wine	2026-05-03T20:37:49.1733488Z Get:259 http://azure.archive.ubuntu.com/ubuntu noble-updates/main i386 libavahi-common-data i386 0.8-13ubuntu6.1 [29.9 kB]
Windows Export	Install Wine	2026-05-03T20:37:49.2246096Z Get:260 http://azure.archive.ubuntu.com/ubuntu noble-updates/main i386 libavahi-common3 i386 0.8-13ubuntu6.1 [25.7 kB]
Windows Export	Install Wine	2026-05-03T20:37:49.2318871Z Get:261 http://azure.archive.ubuntu.com/ubuntu noble-updates/main i386 libavahi-client3 i386 0.8-13ubuntu6.1 [29.8 kB]
Windows Export	Install Wine	2026-05-03T20:37:49.2394567Z Get:262 http://azure.archive.ubuntu.com/ubuntu noble/universe amd64 libcapi20-3t64 amd64 1:3.27-3.1build1 [30.8 kB]
Windows Export	Install Wine	2026-05-03T20:37:49.2470588Z Get:263 http://azure.archive.ubuntu.com/ubuntu noble/universe i386 libcapi20-3t64 i386 1:3.27-3.1build1 [31.9 kB]
Windows Export	Install Wine	2026-05-03T20:37:49.2547780Z Get:264 http://azure.archive.ubuntu.com/ubuntu noble-updates/main i386 liblcms2-2 i386 2.14-2ubuntu0.1 [174 kB]
Windows Export	Install Wine	2026-05-03T20:37:49.2641740Z Get:265 http://azure.archive.ubuntu.com/ubuntu noble/main i386 libcolord2 i386 1.4.7-1build2 [155 kB]
Windows Export	Install Wine	2026-05-03T20:37:49.2725867Z Get:266 http://azure.archive.ubuntu.com/ubuntu noble-updates/main i386 libcups2t64 i386 2.4.7-1.2ubuntu7.9 [291 kB]
Windows Export	Install Wine	2026-05-03T20:37:49.2833867Z Get:267 http://azure.archive.ubuntu.com/ubuntu noble-updates/main i386 libcurl4t64 i386 8.5.0-2ubuntu10.8 [378 kB]
Windows Export	Install Wine	2026-05-03T20:37:49.2929876Z Get:268 http://azure.archive.ubuntu.com/ubuntu noble/main i386 libde265-0 i386 1.0.15-1build3 [210 kB]
Windows Export	Install Wine	2026-05-03T20:37:49.3024382Z Get:269 http://azure.archive.ubuntu.com/ubuntu noble/main i386 libwayland-client0 i386 1.22.0-2.1build1 [28.4 kB]
Windows Export	Install Wine	2026-05-03T20:37:49.3098595Z Get:270 http://azure.archive.ubuntu.com/ubuntu noble/main i386 libdecor-0-0 i386 0.2.2-1build2 [17.0 kB]
Windows Export	Install Wine	2026-05-03T20:37:49.3171395Z Get:271 http://azure.archive.ubuntu.com/ubuntu noble/main amd64 libdecor-0-0 amd64 0.2.2-1build2 [16.5 kB]
Windows Export	Install Wine	2026-05-03T20:37:49.3243857Z Get:272 http://azure.archive.ubuntu.com/ubuntu noble/main i386 libepoxy0 i386 1.5.10-1build1 [234 kB]
Windows Export	Install Wine	2026-05-03T20:37:49.3340810Z Get:273 http://azure.archive.ubuntu.com/ubuntu noble/main i386 libwayland-cursor0 i386 1.22.0-2.1build1 [11.2 kB]
Windows Export	Install Wine	2026-05-03T20:37:49.3413320Z Get:274 http://azure.archive.ubuntu.com/ubuntu noble/main i386 libwayland-egl1 i386 1.22.0-2.1build1 [5658 B]
Windows Export	Install Wine	2026-05-03T20:37:49.3488679Z Get:275 http://azure.archive.ubuntu.com/ubuntu noble/main i386 libxcomposite1 i386 1:0.4.5-1build3 [6594 B]
Windows Export	Install Wine	2026-05-03T20:37:49.3561947Z Get:276 http://azure.archive.ubuntu.com/ubuntu noble/main i386 libxcursor1 i386 1:1.2.1-1build1 [22.3 kB]
Windows Export	Install Wine	2026-05-03T20:37:49.3636432Z Get:277 http://azure.archive.ubuntu.com/ubuntu noble/main i386 libxinerama1 i386 2:1.1.4-3build1 [6638 B]
Windows Export	Install Wine	2026-05-03T20:37:49.3708291Z Get:278 http://azure.archive.ubuntu.com/ubuntu noble/main i386 libxrandr2 i386 2:1.5.2-2build1 [21.4 kB]
Windows Export	Install Wine	2026-05-03T20:37:49.4203554Z Get:279 http://azure.archive.ubuntu.com/ubuntu noble-updates/main i386 libgtk-3-0t64 i386 3.24.41-4ubuntu1.3 [3165 kB]
Windows Export	Install Wine	2026-05-03T20:37:49.4585127Z Get:280 http://azure.archive.ubuntu.com/ubuntu noble/main i386 libdecor-0-plugin-1-gtk i386 0.2.2-1build2 [23.6 kB]
Windows Export	Install Wine	2026-05-03T20:37:49.4657244Z Get:281 http://azure.archive.ubuntu.com/ubuntu noble/main amd64 libdecor-0-plugin-1-gtk amd64 0.2.2-1build2 [22.2 kB]
Windows Export	Install Wine	2026-05-03T20:37:49.4731409Z Get:282 http://azure.archive.ubuntu.com/ubuntu noble-updates/main i386 libdrm-amdgpu1 i386 2.4.125-1ubuntu0.1~24.04.1 [25.5 kB]
Windows Export	Install Wine	2026-05-03T20:37:49.4803696Z Get:283 http://azure.archive.ubuntu.com/ubuntu noble-updates/main i386 libpciaccess0 i386 0.17-3ubuntu0.24.04.2 [21.8 kB]
Windows Export	Install Wine	2026-05-03T20:37:49.4876795Z Get:284 http://azure.archive.ubuntu.com/ubuntu noble-updates/main i386 libdrm-intel1 i386 2.4.125-1ubuntu0.1~24.04.1 [69.3 kB]
Windows Export	Install Wine	2026-05-03T20:37:49.4955927Z Get:285 http://azure.archive.ubuntu.com/ubuntu noble/main amd64 libexif12 amd64 0.6.24-1build2 [87.9 kB]
Windows Export	Install Wine	2026-05-03T20:37:49.5032258Z Get:286 http://azure.archive.ubuntu.com/ubuntu noble/main i386 libexif12 i386 0.6.24-1build2 [86.0 kB]
Windows Export	Install Wine	2026-05-03T20:37:49.5112957Z Get:287 http://azure.archive.ubuntu.com/ubuntu noble-updates/main i386 libllvm20 i386 1:20.1.2-0ubuntu1~24.04.2 [35.6 MB]
Windows Export	Install Wine	2026-05-03T20:37:49.8385059Z Get:288 http://azure.archive.ubuntu.com/ubuntu noble/main i386 libxcb-present0 i386 1.15-1ubuntu2 [5810 B]
Windows Export	Install Wine	2026-05-03T20:37:49.8454960Z Get:289 http://azure.archive.ubuntu.com/ubuntu noble/main i386 libxcb-randr0 i386 1.15-1ubuntu2 [19.5 kB]
Windows Export	Install Wine	2026-05-03T20:37:49.8527123Z Get:290 http://azure.archive.ubuntu.com/ubuntu noble/main i386 libxcb-sync1 i386 1.15-1ubuntu2 [9772 B]
Windows Export	Install Wine	2026-05-03T20:37:49.8597529Z Get:291 http://azure.archive.ubuntu.com/ubuntu noble/main i386 libxcb-xfixes0 i386 1.15-1ubuntu2 [10.7 kB]
Windows Export	Install Wine	2026-05-03T20:37:49.8669961Z Get:292 http://azure.archive.ubuntu.com/ubuntu noble/main i386 libxshmfence1 i386 1.3-1build5 [4922 B]
Windows Export	Install Wine	2026-05-03T20:37:49.8740042Z Get:293 http://azure.archive.ubuntu.com/ubuntu noble-updates/main i386 mesa-libgallium i386 25.2.8-0ubuntu0.24.04.1 [11.2 MB]
Windows Export	Install Wine	2026-05-03T20:37:49.9680154Z Get:294 http://azure.archive.ubuntu.com/ubuntu noble-updates/main i386 libgbm1 i386 25.2.8-0ubuntu0.24.04.1 [36.1 kB]
Windows Export	Install Wine	2026-05-03T20:37:49.9755315Z Get:295 http://azure.archive.ubuntu.com/ubuntu noble-updates/main i386 libheif-plugin-aomdec i386 1.17.6-1ubuntu4.2 [10.9 kB]
Windows Export	Install Wine	2026-05-03T20:37:49.9825867Z Get:296 http://azure.archive.ubuntu.com/ubuntu noble-updates/main i386 libheif-plugin-libde265 i386 1.17.6-1ubuntu4.2 [11.9 kB]
Windows Export	Install Wine	2026-05-03T20:37:50.0371620Z Get:297 http://azure.archive.ubuntu.com/ubuntu noble-updates/main i386 libheif1 i386 1.17.6-1ubuntu4.2 [324 kB]
Windows Export	Install Wine	2026-05-03T20:37:50.0488973Z Get:298 http://azure.archive.ubuntu.com/ubuntu noble/main i386 libxpm4 i386 1:3.5.17-1build2 [37.8 kB]
Windows Export	Install Wine	2026-05-03T20:37:50.0565326Z Get:299 http://azure.archive.ubuntu.com/ubuntu noble/main i386 libgd3 i386 2.3.3-9ubuntu5 [133 kB]
Windows Export	Install Wine	2026-05-03T20:37:50.0644205Z Get:300 http://azure.archive.ubuntu.com/ubuntu noble-updates/main amd64 libgdk-pixbuf2.0-bin amd64 2.42.10+dfsg-3ubuntu3.3 [13.9 kB]
Windows Export	Install Wine	2026-05-03T20:37:50.0719454Z Get:301 http://azure.archive.ubuntu.com/ubuntu noble/main i386 libvulkan1 i386 1.3.275.0-1build1 [154 kB]
Windows Export	Install Wine	2026-05-03T20:37:50.0801790Z Get:302 http://azure.archive.ubuntu.com/ubuntu noble-updates/main i386 libgl1-mesa-dri i386 25.2.8-0ubuntu0.24.04.1 [35.1 kB]
Windows Export	Install Wine	2026-05-03T20:37:50.0872436Z Get:303 http://azure.archive.ubuntu.com/ubuntu noble/main i386 libxcb-glx0 i386 1.15-1ubuntu2 [26.7 kB]
Windows Export	Install Wine	2026-05-03T20:37:50.0945574Z Get:304 http://azure.archive.ubuntu.com/ubuntu noble/main i386 libxxf86vm1 i386 1:1.1.4-1build4 [10.3 kB]
Windows Export	Install Wine	2026-05-03T20:37:50.1046110Z Get:305 http://azure.archive.ubuntu.com/ubuntu noble-updates/main i386 libglx-mesa0 i386 25.2.8-0ubuntu0.24.04.1 [117 kB]
Windows Export	Install Wine	2026-05-03T20:37:50.1142289Z Get:306 http://azure.archive.ubuntu.com/ubuntu noble/main i386 libltdl7 i386 2.4.7-7build1 [42.1 kB]
Windows Export	Install Wine	2026-05-03T20:37:50.1219963Z Get:307 http://azure.archive.ubuntu.com/ubuntu noble-updates/main i386 libgphoto2-port12t64 i386 2.5.31-2.1ubuntu1 [60.8 kB]
Windows Export	Install Wine	2026-05-03T20:37:50.1303976Z Get:308 http://azure.archive.ubuntu.com/ubuntu noble-updates/main i386 libgphoto2-6t64 i386 2.5.31-2.1ubuntu1 [768 kB]
Windows Export	Install Wine	2026-05-03T20:37:50.1443787Z Get:309 http://azure.archive.ubuntu.com/ubuntu noble-updates/main amd64 libgphoto2-port12t64 amd64 2.5.31-2.1ubuntu1 [58.8 kB]
Windows Export	Install Wine	2026-05-03T20:37:50.1533206Z Get:310 http://azure.archive.ubuntu.com/ubuntu noble-updates/main amd64 libgphoto2-6t64 amd64 2.5.31-2.1ubuntu1 [735 kB]
Windows Export	Install Wine	2026-05-03T20:37:50.1664266Z Get:311 http://azure.archive.ubuntu.com/ubuntu noble-updates/main amd64 libgphoto2-l10n all 2.5.31-2.1ubuntu1 [15.1 kB]
Windows Export	Install Wine	2026-05-03T20:37:50.1739439Z Get:312 http://azure.archive.ubuntu.com/ubuntu noble-updates/main amd64 libgtk-3-bin amd64 3.24.41-4ubuntu1.3 [73.9 kB]
Windows Export	Install Wine	2026-05-03T20:37:50.1820073Z Get:313 http://azure.archive.ubuntu.com/ubuntu noble-updates/main i386 libheif-plugin-aomenc i386 1.17.6-1ubuntu4.2 [19.7 kB]
Windows Export	Install Wine	2026-05-03T20:37:50.1892974Z Get:314 http://azure.archive.ubuntu.com/ubuntu noble-updates/main i386 libodbc2 i386 2.3.12-1ubuntu0.24.04.1 [177 kB]
Windows Export	Install Wine	2026-05-03T20:37:50.1980313Z Get:315 http://azure.archive.ubuntu.com/ubuntu noble/main amd64 libpcsclite1 amd64 2.0.3-1build1 [21.4 kB]
Windows Export	Install Wine	2026-05-03T20:37:50.2058334Z Get:316 http://azure.archive.ubuntu.com/ubuntu noble/main i386 libpcsclite1 i386 2.0.3-1build1 [26.0 kB]
Windows Export	Install Wine	2026-05-03T20:37:50.2130773Z Get:317 http://azure.archive.ubuntu.com/ubuntu noble/main amd64 librsvg2-common amd64 2.58.0+dfsg-1build1 [11.8 kB]
Windows Export	Install Wine	2026-05-03T20:37:50.2203146Z Get:318 http://azure.archive.ubuntu.com/ubuntu noble/main i386 librsvg2-common i386 2.58.0+dfsg-1build1 [11.8 kB]
Windows Export	Install Wine	2026-05-03T20:37:50.2283555Z Get:319 http://azure.archive.ubuntu.com/ubuntu noble-updates/main i386 libsasl2-modules i386 2.1.28+dfsg1-5ubuntu3.1 [75.4 kB]
Windows Export	Install Wine	2026-05-03T20:37:50.2361498Z Get:320 http://azure.archive.ubuntu.com/ubuntu noble/main i386 libxss1 i386 1:1.2.3-1build3 [7674 B]
Windows Export	Install Wine	2026-05-03T20:37:50.2432811Z Get:321 http://azure.archive.ubuntu.com/ubuntu noble-updates/main i386 libsdl2-2.0-0 i386 2.30.0+dfsg-1ubuntu3.1 [727 kB]
Windows Export	Install Wine	2026-05-03T20:37:50.2641954Z Get:322 http://azure.archive.ubuntu.com/ubuntu noble-updates/main amd64 libsdl2-2.0-0 amd64 2.30.0+dfsg-1ubuntu3.1 [686 kB]
Windows Export	Install Wine	2026-05-03T20:37:50.3189439Z Get:323 http://azure.archive.ubuntu.com/ubuntu noble/main i386 libxkbregistry0 i386 1.6.0-1build1 [15.7 kB]
Windows Export	Install Wine	2026-05-03T20:37:50.3264610Z Get:324 http://azure.archive.ubuntu.com/ubuntu noble/universe amd64 libz-mingw-w64 all 1.3.1+dfsg-1 [132 kB]
Windows Export	Install Wine	2026-05-03T20:37:50.3345790Z Get:325 http://azure.archive.ubuntu.com/ubuntu noble/universe i386 libwine i386 9.0~repack-4build3 [99.8 MB]
Windows Export	Install Wine	2026-05-03T20:37:51.4464258Z Get:326 http://azure.archive.ubuntu.com/ubuntu noble/main amd64 libxkbregistry0 amd64 1.6.0-1build1 [14.2 kB]
Windows Export	Install Wine	2026-05-03T20:37:51.4543946Z Get:327 http://azure.archive.ubuntu.com/ubuntu noble/universe amd64 libwine amd64 9.0~repack-4build3 [105 MB]
Windows Export	Install Wine	2026-05-03T20:37:52.7872196Z Get:328 http://azure.archive.ubuntu.com/ubuntu noble-updates/universe i386 mesa-va-drivers i386 25.2.8-0ubuntu0.24.04.1 [6762 B]
Windows Export	Install Wine	2026-05-03T20:37:52.8789755Z Get:329 http://azure.archive.ubuntu.com/ubuntu noble-updates/universe amd64 mesa-va-drivers amd64 25.2.8-0ubuntu0.24.04.1 [6776 B]
Windows Export	Install Wine	2026-05-03T20:37:52.9264072Z Get:330 http://azure.archive.ubuntu.com/ubuntu noble-updates/main amd64 mesa-vdpau-drivers amd64 25.2.8-0ubuntu0.24.04.1 [23.0 kB]
Windows Export	Install Wine	2026-05-03T20:37:52.9743074Z Get:331 http://azure.archive.ubuntu.com/ubuntu noble-updates/main i386 mesa-vdpau-drivers i386 25.2.8-0ubuntu0.24.04.1 [22.9 kB]
Windows Export	Install Wine	2026-05-03T20:37:53.0207085Z Get:332 http://azure.archive.ubuntu.com/ubuntu noble-updates/main i386 mesa-vulkan-drivers i386 25.2.8-0ubuntu0.24.04.1 [15.1 MB]
Windows Export	Install Wine	2026-05-03T20:37:53.1526537Z Get:333 http://azure.archive.ubuntu.com/ubuntu noble-updates/universe i386 i965-va-driver i386 2.4.1+dfsg1-1ubuntu0.1 [348 kB]
Windows Export	Install Wine	2026-05-03T20:37:53.1628581Z Get:334 http://azure.archive.ubuntu.com/ubuntu noble-updates/universe i386 va-driver-all i386 2.20.0-2ubuntu0.1 [4946 B]
Windows Export	Install Wine	2026-05-03T20:37:53.1700560Z Get:335 http://azure.archive.ubuntu.com/ubuntu noble-updates/universe amd64 i965-va-driver amd64 2.4.1+dfsg1-1ubuntu0.1 [332 kB]
Windows Export	Install Wine	2026-05-03T20:37:53.1802162Z Get:336 http://azure.archive.ubuntu.com/ubuntu noble-updates/universe amd64 va-driver-all amd64 2.20.0-2ubuntu0.1 [4946 B]
Windows Export	Install Wine	2026-05-03T20:37:53.1872908Z Get:337 http://azure.archive.ubuntu.com/ubuntu noble/main i386 vdpau-driver-all i386 1.5-2build1 [4412 B]
Windows Export	Install Wine	2026-05-03T20:37:53.1943744Z Get:338 http://azure.archive.ubuntu.com/ubuntu noble/main amd64 vdpau-driver-all amd64 1.5-2build1 [4414 B]
Windows Export	Install Wine	2026-05-03T20:37:53.2017647Z Get:339 http://azure.archive.ubuntu.com/ubuntu noble/universe amd64 wine64 amd64 9.0~repack-4build3 [256 kB]
Windows Export	Install Wine	2026-05-03T20:37:53.2111844Z Get:340 http://azure.archive.ubuntu.com/ubuntu noble/universe i386 wine32 i386 9.0~repack-4build3 [272 kB]
Windows Export	Install Wine	2026-05-03T20:37:53.2666966Z Get:341 http://azure.archive.ubuntu.com/ubuntu noble/universe amd64 wine all 9.0~repack-4build3 [52.0 kB]
Windows Export	Install Wine	2026-05-03T20:37:53.2744040Z Get:342 http://azure.archive.ubuntu.com/ubuntu noble/main i386 libglvnd0 i386 1.7.0-1build1 [64.2 kB]
Windows Export	Install Wine	2026-05-03T20:37:53.2824511Z Get:343 http://azure.archive.ubuntu.com/ubuntu noble/main i386 libglx0 i386 1.7.0-1build1 [42.0 kB]
Windows Export	Install Wine	2026-05-03T20:37:53.2900380Z Get:344 http://azure.archive.ubuntu.com/ubuntu noble/main i386 libgl1 i386 1.7.0-1build1 [96.5 kB]
Windows Export	Install Wine	2026-05-03T20:37:53.2986283Z Get:345 http://azure.archive.ubuntu.com/ubuntu noble-updates/main i386 libosmesa6 i386 25.1.7-1ubuntu2~24.04.1 [3511 kB]
Windows Export	Install Wine	2026-05-03T20:37:53.3450970Z Get:346 http://azure.archive.ubuntu.com/ubuntu noble-updates/main amd64 libosmesa6 amd64 25.1.7-1ubuntu2~24.04.1 [3556 kB]
Windows Export	Install Wine	2026-05-03T20:37:53.9315415Z Preconfiguring packages ...
Windows Export	Install Wine	2026-05-03T20:37:53.9965589Z Fetched 400 MB in 8s (49.4 MB/s)
Windows Export	Install Wine	2026-05-03T20:37:54.0402205Z (Reading database ... 
Windows Export	Install Wine	2026-05-03T20:37:54.0402645Z (Reading database ... 5%
Windows Export	Install Wine	2026-05-03T20:37:54.0402905Z (Reading database ... 10%
Windows Export	Install Wine	2026-05-03T20:37:54.0403152Z (Reading database ... 15%
Windows Export	Install Wine	2026-05-03T20:37:54.0403368Z (Reading database ... 20%
Windows Export	Install Wine	2026-05-03T20:37:54.0403594Z (Reading database ... 25%
Windows Export	Install Wine	2026-05-03T20:37:54.0403812Z (Reading database ... 30%
Windows Export	Install Wine	2026-05-03T20:37:54.0404036Z (Reading database ... 35%
Windows Export	Install Wine	2026-05-03T20:37:54.0404257Z (Reading database ... 40%
Windows Export	Install Wine	2026-05-03T20:37:54.0404468Z (Reading database ... 45%
Windows Export	Install Wine	2026-05-03T20:37:54.0404688Z (Reading database ... 50%
Windows Export	Install Wine	2026-05-03T20:37:54.0464436Z (Reading database ... 55%
Windows Export	Install Wine	2026-05-03T20:37:54.1259194Z (Reading database ... 60%
Windows Export	Install Wine	2026-05-03T20:37:54.3255660Z (Reading database ... 65%
Windows Export	Install Wine	2026-05-03T20:37:54.5147078Z (Reading database ... 70%
Windows Export	Install Wine	2026-05-03T20:37:54.6772241Z (Reading database ... 75%
Windows Export	Install Wine	2026-05-03T20:37:54.8229590Z (Reading database ... 80%
Windows Export	Install Wine	2026-05-03T20:37:55.0232286Z (Reading database ... 85%
Windows Export	Install Wine	2026-05-03T20:37:55.1700113Z (Reading database ... 90%
Windows Export	Install Wine	2026-05-03T20:37:55.2880061Z (Reading database ... 95%
Windows Export	Install Wine	2026-05-03T20:37:55.2880580Z (Reading database ... 100%
Windows Export	Install Wine	2026-05-03T20:37:55.2881037Z (Reading database ... 220764 files and directories currently installed.)
Windows Export	Install Wine	2026-05-03T20:37:55.2930734Z Preparing to unpack .../libcap2_1%3a2.66-5ubuntu2.4_amd64.deb ...
Windows Export	Install Wine	2026-05-03T20:37:55.2977868Z Unpacking libcap2:amd64 (1:2.66-5ubuntu2.4) over (1:2.66-5ubuntu2.2) ...
Windows Export	Install Wine	2026-05-03T20:37:55.3258023Z Selecting previously unselected package libcap2:i386.
Windows Export	Install Wine	2026-05-03T20:37:55.3409021Z Preparing to unpack .../libcap2_1%3a2.66-5ubuntu2.4_i386.deb ...
Windows Export	Install Wine	2026-05-03T20:37:55.3416935Z Unpacking libcap2:i386 (1:2.66-5ubuntu2.4) ...
Windows Export	Install Wine	2026-05-03T20:37:55.3801921Z Setting up libcap2:amd64 (1:2.66-5ubuntu2.4) ...
Windows Export	Install Wine	2026-05-03T20:37:55.4185016Z Selecting previously unselected package gcc-14-base:i386.
Windows Export	Install Wine	2026-05-03T20:37:55.4242188Z (Reading database ... 
Windows Export	Install Wine	2026-05-03T20:37:55.4242591Z (Reading database ... 5%
Windows Export	Install Wine	2026-05-03T20:37:55.4242993Z (Reading database ... 10%
Windows Export	Install Wine	2026-05-03T20:37:55.4243351Z (Reading database ... 15%
Windows Export	Install Wine	2026-05-03T20:37:55.4244051Z (Reading database ... 20%
Windows Export	Install Wine	2026-05-03T20:37:55.4244401Z (Reading database ... 25%
Windows Export	Install Wine	2026-05-03T20:37:55.4244884Z (Reading database ... 30%
Windows Export	Install Wine	2026-05-03T20:37:55.4245226Z (Reading database ... 35%
Windows Export	Install Wine	2026-05-03T20:37:55.4245566Z (Reading database ... 40%
Windows Export	Install Wine	2026-05-03T20:37:55.4245897Z (Reading database ... 45%
Windows Export	Install Wine	2026-05-03T20:37:55.4246241Z (Reading database ... 50%
Windows Export	Install Wine	2026-05-03T20:37:55.4255441Z (Reading database ... 55%
Windows Export	Install Wine	2026-05-03T20:37:55.4286804Z (Reading database ... 60%
Windows Export	Install Wine	2026-05-03T20:37:55.4390744Z (Reading database ... 65%
Windows Export	Install Wine	2026-05-03T20:37:55.4412926Z (Reading database ... 70%
Windows Export	Install Wine	2026-05-03T20:37:55.4461384Z (Reading database ... 75%
Windows Export	Install Wine	2026-05-03T20:37:55.4491419Z (Reading database ... 80%
Windows Export	Install Wine	2026-05-03T20:37:55.4632832Z (Reading database ... 85%
Windows Export	Install Wine	2026-05-03T20:37:55.4680198Z (Reading database ... 90%
Windows Export	Install Wine	2026-05-03T20:37:55.5019611Z (Reading database ... 95%
Windows Export	Install Wine	2026-05-03T20:37:55.5019975Z (Reading database ... 100%
Windows Export	Install Wine	2026-05-03T20:37:55.5020394Z (Reading database ... 220769 files and directories currently installed.)
Windows Export	Install Wine	2026-05-03T20:37:55.5070054Z Preparing to unpack .../000-gcc-14-base_14.2.0-4ubuntu2~24.04.1_i386.deb ...
Windows Export	Install Wine	2026-05-03T20:37:55.5076753Z Unpacking gcc-14-base:i386 (14.2.0-4ubuntu2~24.04.1) ...
Windows Export	Install Wine	2026-05-03T20:37:55.5437015Z Selecting previously unselected package libgcc-s1:i386.
Windows Export	Install Wine	2026-05-03T20:37:55.5579253Z Preparing to unpack .../001-libgcc-s1_14.2.0-4ubuntu2~24.04.1_i386.deb ...
Windows Export	Install Wine	2026-05-03T20:37:55.5586533Z Unpacking libgcc-s1:i386 (14.2.0-4ubuntu2~24.04.1) ...
Windows Export	Install Wine	2026-05-03T20:37:55.5866630Z Selecting previously unselected package libc6:i386.
Windows Export	Install Wine	2026-05-03T20:37:55.6012279Z Preparing to unpack .../002-libc6_2.39-0ubuntu8.7_i386.deb ...
Windows Export	Install Wine	2026-05-03T20:37:55.7173680Z Unpacking libc6:i386 (2.39-0ubuntu8.7) ...
Windows Export	Install Wine	2026-05-03T20:37:55.8337170Z Selecting previously unselected package libblkid1:i386.
Windows Export	Install Wine	2026-05-03T20:37:55.8482189Z Preparing to unpack .../003-libblkid1_2.39.3-9ubuntu6.5_i386.deb ...
Windows Export	Install Wine	2026-05-03T20:37:55.8489917Z Unpacking libblkid1:i386 (2.39.3-9ubuntu6.5) ...
Windows Export	Install Wine	2026-05-03T20:37:55.8909984Z Selecting previously unselected package libbz2-1.0:i386.
Windows Export	Install Wine	2026-05-03T20:37:55.9054486Z Preparing to unpack .../004-libbz2-1.0_1.0.8-5.1build0.1_i386.deb ...
Windows Export	Install Wine	2026-05-03T20:37:55.9061753Z Unpacking libbz2-1.0:i386 (1.0.8-5.1build0.1) ...
Windows Export	Install Wine	2026-05-03T20:37:55.9272307Z Selecting previously unselected package libcom-err2:i386.
Windows Export	Install Wine	2026-05-03T20:37:55.9416589Z Preparing to unpack .../005-libcom-err2_1.47.0-2.4~exp1ubuntu4.1_i386.deb ...
Windows Export	Install Wine	2026-05-03T20:37:55.9422799Z Unpacking libcom-err2:i386 (1.47.0-2.4~exp1ubuntu4.1) ...
Windows Export	Install Wine	2026-05-03T20:37:55.9699547Z Selecting previously unselected package libgpg-error0:i386.
Windows Export	Install Wine	2026-05-03T20:37:55.9841992Z Preparing to unpack .../006-libgpg-error0_1.47-3build2.1_i386.deb ...
Windows Export	Install Wine	2026-05-03T20:37:55.9848575Z Unpacking libgpg-error0:i386 (1.47-3build2.1) ...
Windows Export	Install Wine	2026-05-03T20:37:56.0139625Z Selecting previously unselected package libgcrypt20:i386.
Windows Export	Install Wine	2026-05-03T20:37:56.0281551Z Preparing to unpack .../007-libgcrypt20_1.10.3-2build1_i386.deb ...
Windows Export	Install Wine	2026-05-03T20:37:56.0288672Z Unpacking libgcrypt20:i386 (1.10.3-2build1) ...
Windows Export	Install Wine	2026-05-03T20:37:56.0635098Z Selecting previously unselected package libgmp10:i386.
Windows Export	Install Wine	2026-05-03T20:37:56.0778824Z Preparing to unpack .../008-libgmp10_2%3a6.3.0+dfsg-2ubuntu6.1_i386.deb ...
Windows Export	Install Wine	2026-05-03T20:37:56.0785664Z Unpacking libgmp10:i386 (2:6.3.0+dfsg-2ubuntu6.1) ...
Windows Export	Install Wine	2026-05-03T20:37:56.1058535Z Selecting previously unselected package liblz4-1:i386.
Windows Export	Install Wine	2026-05-03T20:37:56.1199635Z Preparing to unpack .../009-liblz4-1_1.9.4-1build1.1_i386.deb ...
Windows Export	Install Wine	2026-05-03T20:37:56.1206816Z Unpacking liblz4-1:i386 (1.9.4-1build1.1) ...
Windows Export	Install Wine	2026-05-03T20:37:56.1416447Z Selecting previously unselected package liblzma5:i386.
Windows Export	Install Wine	2026-05-03T20:37:56.1558307Z Preparing to unpack .../010-liblzma5_5.6.1+really5.4.5-1ubuntu0.2_i386.deb ...
Windows Export	Install Wine	2026-05-03T20:37:56.1565373Z Unpacking liblzma5:i386 (5.6.1+really5.4.5-1ubuntu0.2) ...
Windows Export	Install Wine	2026-05-03T20:37:56.1826909Z Selecting previously unselected package libmd0:i386.
Windows Export	Install Wine	2026-05-03T20:37:56.1968636Z Preparing to unpack .../011-libmd0_1.1.0-2build1.1_i386.deb ...
Windows Export	Install Wine	2026-05-03T20:37:56.1975756Z Unpacking libmd0:i386 (1.1.0-2build1.1) ...
Windows Export	Install Wine	2026-05-03T20:37:56.2222374Z Selecting previously unselected package libpcre2-8-0:i386.
Windows Export	Install Wine	2026-05-03T20:37:56.2365409Z Preparing to unpack .../012-libpcre2-8-0_10.42-4ubuntu2.1_i386.deb ...
Windows Export	Install Wine	2026-05-03T20:37:56.2372388Z Unpacking libpcre2-8-0:i386 (10.42-4ubuntu2.1) ...
Windows Export	Install Wine	2026-05-03T20:37:56.2741601Z Selecting previously unselected package libselinux1:i386.
Windows Export	Install Wine	2026-05-03T20:37:56.2886010Z Preparing to unpack .../013-libselinux1_3.5-2ubuntu2.1_i386.deb ...
Windows Export	Install Wine	2026-05-03T20:37:56.2893828Z Unpacking libselinux1:i386 (3.5-2ubuntu2.1) ...
Windows Export	Install Wine	2026-05-03T20:37:56.3112703Z Selecting previously unselected package libmount1:i386.
Windows Export	Install Wine	2026-05-03T20:37:56.3257191Z Preparing to unpack .../014-libmount1_2.39.3-9ubuntu6.5_i386.deb ...
Windows Export	Install Wine	2026-05-03T20:37:56.3264487Z Unpacking libmount1:i386 (2.39.3-9ubuntu6.5) ...
Windows Export	Install Wine	2026-05-03T20:37:56.3552086Z Selecting previously unselected package libtinfo6:i386.
Windows Export	Install Wine	2026-05-03T20:37:56.3696471Z Preparing to unpack .../015-libtinfo6_6.4+20240113-1ubuntu2_i386.deb ...
Windows Export	Install Wine	2026-05-03T20:37:56.3704310Z Unpacking libtinfo6:i386 (6.4+20240113-1ubuntu2) ...
Windows Export	Install Wine	2026-05-03T20:37:56.4010405Z Selecting previously unselected package libncursesw6:i386.
Windows Export	Install Wine	2026-05-03T20:37:56.4156143Z Preparing to unpack .../016-libncursesw6_6.4+20240113-1ubuntu2_i386.deb ...
Windows Export	Install Wine	2026-05-03T20:37:56.4163734Z Unpacking libncursesw6:i386 (6.4+20240113-1ubuntu2) ...
Windows Export	Install Wine	2026-05-03T20:37:56.4397977Z Selecting previously unselected package libssl3t64:i386.
Windows Export	Install Wine	2026-05-03T20:37:56.4540922Z Preparing to unpack .../017-libssl3t64_3.0.13-0ubuntu3.9_i386.deb ...
Windows Export	Install Wine	2026-05-03T20:37:56.4548600Z Unpacking libssl3t64:i386 (3.0.13-0ubuntu3.9) ...
Windows Export	Install Wine	2026-05-03T20:37:56.5043161Z Selecting previously unselected package libzstd1:i386.
Windows Export	Install Wine	2026-05-03T20:37:56.5188152Z Preparing to unpack .../018-libzstd1_1.5.5+dfsg2-2build1.1_i386.deb ...
Windows Export	Install Wine	2026-05-03T20:37:56.5196075Z Unpacking libzstd1:i386 (1.5.5+dfsg2-2build1.1) ...
Windows Export	Install Wine	2026-05-03T20:37:56.5478002Z Selecting previously unselected package libsystemd0:i386.
Windows Export	Install Wine	2026-05-03T20:37:56.5622624Z Preparing to unpack .../019-libsystemd0_255.4-1ubuntu8.15_i386.deb ...
Windows Export	Install Wine	2026-05-03T20:37:56.5630076Z Unpacking libsystemd0:i386 (255.4-1ubuntu8.15) ...
Windows Export	Install Wine	2026-05-03T20:37:56.5934615Z Selecting previously unselected package libudev1:i386.
Windows Export	Install Wine	2026-05-03T20:37:56.6078846Z Preparing to unpack .../020-libudev1_255.4-1ubuntu8.15_i386.deb ...
Windows Export	Install Wine	2026-05-03T20:37:56.6087820Z Unpacking libudev1:i386 (255.4-1ubuntu8.15) ...
Windows Export	Install Wine	2026-05-03T20:37:56.6424347Z Selecting previously unselected package zlib1g:i386.
Windows Export	Install Wine	2026-05-03T20:37:56.6568436Z Preparing to unpack .../021-zlib1g_1%3a1.3.dfsg-3.1ubuntu2.1_i386.deb ...
Windows Export	Install Wine	2026-05-03T20:37:56.6575859Z Unpacking zlib1g:i386 (1:1.3.dfsg-3.1ubuntu2.1) ...
Windows Export	Install Wine	2026-05-03T20:37:56.6832829Z Selecting previously unselected package libapparmor1:i386.
Windows Export	Install Wine	2026-05-03T20:37:56.6976686Z Preparing to unpack .../022-libapparmor1_4.0.1really4.0.1-0ubuntu0.24.04.6_i386.deb ...
Windows Export	Install Wine	2026-05-03T20:37:56.6989930Z Unpacking libapparmor1:i386 (4.0.1really4.0.1-0ubuntu0.24.04.6) ...
Windows Export	Install Wine	2026-05-03T20:37:56.7243368Z Selecting previously unselected package libbsd0:i386.
Windows Export	Install Wine	2026-05-03T20:37:56.7386952Z Preparing to unpack .../023-libbsd0_0.12.1-1build1.1_i386.deb ...
Windows Export	Install Wine	2026-05-03T20:37:56.7395248Z Unpacking libbsd0:i386 (0.12.1-1build1.1) ...
Windows Export	Install Wine	2026-05-03T20:37:56.7913865Z Preparing to unpack .../024-libpam-cap_1%3a2.66-5ubuntu2.4_amd64.deb ...
Windows Export	Install Wine	2026-05-03T20:37:56.9267486Z Unpacking libpam-cap:amd64 (1:2.66-5ubuntu2.4) over (1:2.66-5ubuntu2.2) ...
Windows Export	Install Wine	2026-05-03T20:37:56.9683573Z Preparing to unpack .../025-libcap2-bin_1%3a2.66-5ubuntu2.4_amd64.deb ...
Windows Export	Install Wine	2026-05-03T20:37:56.9701145Z Unpacking libcap2-bin (1:2.66-5ubuntu2.4) over (1:2.66-5ubuntu2.2) ...
Windows Export	Install Wine	2026-05-03T20:37:56.9953754Z Selecting previously unselected package libdb5.3t64:i386.
Windows Export	Install Wine	2026-05-03T20:37:57.0097069Z Preparing to unpack .../026-libdb5.3t64_5.3.28+dfsg2-7_i386.deb ...
Windows Export	Install Wine	2026-05-03T20:37:57.0104229Z Unpacking libdb5.3t64:i386 (5.3.28+dfsg2-7) ...
Windows Export	Install Wine	2026-05-03T20:37:57.0441002Z Selecting previously unselected package libdbus-1-3:i386.
Windows Export	Install Wine	2026-05-03T20:37:57.0583652Z Preparing to unpack .../027-libdbus-1-3_1.14.10-4ubuntu4.1_i386.deb ...
Windows Export	Install Wine	2026-05-03T20:37:57.0590582Z Unpacking libdbus-1-3:i386 (1.14.10-4ubuntu4.1) ...
Windows Export	Install Wine	2026-05-03T20:37:57.0904530Z Selecting previously unselected package libelf1t64:i386.
Windows Export	Install Wine	2026-05-03T20:37:57.1047099Z Preparing to unpack .../028-libelf1t64_0.190-1.1ubuntu0.1_i386.deb ...
Windows Export	Install Wine	2026-05-03T20:37:57.1054674Z Unpacking libelf1t64:i386 (0.190-1.1ubuntu0.1) ...
Windows Export	Install Wine	2026-05-03T20:37:57.1266219Z Selecting previously unselected package libexpat1:i386.
Windows Export	Install Wine	2026-05-03T20:37:57.1406818Z Preparing to unpack .../029-libexpat1_2.6.1-2ubuntu0.4_i386.deb ...
Windows Export	Install Wine	2026-05-03T20:37:57.1414626Z Unpacking libexpat1:i386 (2.6.1-2ubuntu0.4) ...
Windows Export	Install Wine	2026-05-03T20:37:57.1647933Z Selecting previously unselected package libffi8:i386.
Windows Export	Install Wine	2026-05-03T20:37:57.1789138Z Preparing to unpack .../030-libffi8_3.4.6-1build1_i386.deb ...
Windows Export	Install Wine	2026-05-03T20:37:57.1796204Z Unpacking libffi8:i386 (3.4.6-1build1) ...
Windows Export	Install Wine	2026-05-03T20:37:57.2040109Z Selecting previously unselected package libfribidi0:i386.
Windows Export	Install Wine	2026-05-03T20:37:57.2180975Z Preparing to unpack .../031-libfribidi0_1.0.13-3build1_i386.deb ...
Windows Export	Install Wine	2026-05-03T20:37:57.2188623Z Unpacking libfribidi0:i386 (1.0.13-3build1) ...
Windows Export	Install Wine	2026-05-03T20:37:57.2418937Z Selecting previously unselected package libglib2.0-0t64:i386.
Windows Export	Install Wine	2026-05-03T20:37:57.2560775Z Preparing to unpack .../032-libglib2.0-0t64_2.80.0-6ubuntu3.8_i386.deb ...
Windows Export	Install Wine	2026-05-03T20:37:57.2854942Z Unpacking libglib2.0-0t64:i386 (2.80.0-6ubuntu3.8) ...
Windows Export	Install Wine	2026-05-03T20:37:57.3482414Z Selecting previously unselected package libnettle8t64:i386.
Windows Export	Install Wine	2026-05-03T20:37:57.3626645Z Preparing to unpack .../033-libnettle8t64_3.9.1-2.2build1.1_i386.deb ...
Windows Export	Install Wine	2026-05-03T20:37:57.3634013Z Unpacking libnettle8t64:i386 (3.9.1-2.2build1.1) ...
Windows Export	Install Wine	2026-05-03T20:37:57.3950078Z Selecting previously unselected package libhogweed6t64:i386.
Windows Export	Install Wine	2026-05-03T20:37:57.4094312Z Preparing to unpack .../034-libhogweed6t64_3.9.1-2.2build1.1_i386.deb ...
Windows Export	Install Wine	2026-05-03T20:37:57.4101357Z Unpacking libhogweed6t64:i386 (3.9.1-2.2build1.1) ...
Windows Export	Install Wine	2026-05-03T20:37:57.4359481Z Selecting previously unselected package libunistring5:i386.
Windows Export	Install Wine	2026-05-03T20:37:57.4498580Z Preparing to unpack .../035-libunistring5_1.1-2build1.1_i386.deb ...
Windows Export	Install Wine	2026-05-03T20:37:57.4505527Z Unpacking libunistring5:i386 (1.1-2build1.1) ...
Windows Export	Install Wine	2026-05-03T20:37:57.4812052Z Selecting previously unselected package libidn2-0:i386.
Windows Export	Install Wine	2026-05-03T20:37:57.4952807Z Preparing to unpack .../036-libidn2-0_2.3.7-2build1.1_i386.deb ...
Windows Export	Install Wine	2026-05-03T20:37:57.4960060Z Unpacking libidn2-0:i386 (2.3.7-2build1.1) ...
Windows Export	Install Wine	2026-05-03T20:37:57.5176916Z Selecting previously unselected package libp11-kit0:i386.
Windows Export	Install Wine	2026-05-03T20:37:57.5316915Z Preparing to unpack .../037-libp11-kit0_0.25.3-4ubuntu2.1_i386.deb ...
Windows Export	Install Wine	2026-05-03T20:37:57.5322825Z Unpacking libp11-kit0:i386 (0.25.3-4ubuntu2.1) ...
Windows Export	Install Wine	2026-05-03T20:37:57.5585184Z Selecting previously unselected package libtasn1-6:i386.
Windows Export	Install Wine	2026-05-03T20:37:57.5725363Z Preparing to unpack .../038-libtasn1-6_4.19.0-3ubuntu0.24.04.2_i386.deb ...
Windows Export	Install Wine	2026-05-03T20:37:57.5732912Z Unpacking libtasn1-6:i386 (4.19.0-3ubuntu0.24.04.2) ...
Windows Export	Install Wine	2026-05-03T20:37:57.6034127Z Selecting previously unselected package libgnutls30t64:i386.
Windows Export	Install Wine	2026-05-03T20:37:57.6179101Z Preparing to unpack .../039-libgnutls30t64_3.8.3-1.1ubuntu3.5_i386.deb ...
Windows Export	Install Wine	2026-05-03T20:37:57.6186730Z Unpacking libgnutls30t64:i386 (3.8.3-1.1ubuntu3.5) ...
Windows Export	Install Wine	2026-05-03T20:37:57.6674344Z Selecting previously unselected package libkrb5support0:i386.
Windows Export	Install Wine	2026-05-03T20:37:57.6818643Z Preparing to unpack .../040-libkrb5support0_1.20.1-6ubuntu2.6_i386.deb ...
Windows Export	Install Wine	2026-05-03T20:37:57.6826600Z Unpacking libkrb5support0:i386 (1.20.1-6ubuntu2.6) ...
Windows Export	Install Wine	2026-05-03T20:37:57.7101974Z Selecting previously unselected package libk5crypto3:i386.
Windows Export	Install Wine	2026-05-03T20:37:57.7245470Z Preparing to unpack .../041-libk5crypto3_1.20.1-6ubuntu2.6_i386.deb ...
Windows Export	Install Wine	2026-05-03T20:37:57.7253718Z Unpacking libk5crypto3:i386 (1.20.1-6ubuntu2.6) ...
Windows Export	Install Wine	2026-05-03T20:37:57.7521210Z Selecting previously unselected package libkeyutils1:i386.
Windows Export	Install Wine	2026-05-03T20:37:57.7665133Z Preparing to unpack .../042-libkeyutils1_1.6.3-3build1_i386.deb ...
Windows Export	Install Wine	2026-05-03T20:37:57.7672702Z Unpacking libkeyutils1:i386 (1.6.3-3build1) ...
Windows Export	Install Wine	2026-05-03T20:37:57.7927250Z Selecting previously unselected package libkrb5-3:i386.
Windows Export	Install Wine	2026-05-03T20:37:57.8072531Z Preparing to unpack .../043-libkrb5-3_1.20.1-6ubuntu2.6_i386.deb ...
Windows Export	Install Wine	2026-05-03T20:37:57.8079803Z Unpacking libkrb5-3:i386 (1.20.1-6ubuntu2.6) ...
Windows Export	Install Wine	2026-05-03T20:37:57.8397690Z Selecting previously unselected package libgssapi-krb5-2:i386.
Windows Export	Install Wine	2026-05-03T20:37:57.8542234Z Preparing to unpack .../044-libgssapi-krb5-2_1.20.1-6ubuntu2.6_i386.deb ...
Windows Export	Install Wine	2026-05-03T20:37:57.8549703Z Unpacking libgssapi-krb5-2:i386 (1.20.1-6ubuntu2.6) ...
Windows Export	Install Wine	2026-05-03T20:37:57.8837936Z Selecting previously unselected package libstdc++6:i386.
Windows Export	Install Wine	2026-05-03T20:37:57.8985164Z Preparing to unpack .../045-libstdc++6_14.2.0-4ubuntu2~24.04.1_i386.deb ...
Windows Export	Install Wine	2026-05-03T20:37:57.8992582Z Unpacking libstdc++6:i386 (14.2.0-4ubuntu2~24.04.1) ...
Windows Export	Install Wine	2026-05-03T20:37:57.9371510Z Selecting previously unselected package libicu74:i386.
Windows Export	Install Wine	2026-05-03T20:37:57.9516633Z Preparing to unpack .../046-libicu74_74.2-1ubuntu3.1_i386.deb ...
Windows Export	Install Wine	2026-05-03T20:37:57.9524496Z Unpacking libicu74:i386 (74.2-1ubuntu3.1) ...
Windows Export	Install Wine	2026-05-03T20:37:58.1003092Z Selecting previously unselected package libslang2:i386.
Windows Export	Install Wine	2026-05-03T20:37:58.1147321Z Preparing to unpack .../047-libslang2_2.3.3-3build2_i386.deb ...
Windows Export	Install Wine	2026-05-03T20:37:58.1155541Z Unpacking libslang2:i386 (2.3.3-3build2) ...
Windows Export	Install Wine	2026-05-03T20:37:58.1801474Z Selecting previously unselected package libsqlite3-0:i386.
Windows Export	Install Wine	2026-05-03T20:37:58.1944997Z Preparing to unpack .../048-libsqlite3-0_3.45.1-1ubuntu2.5_i386.deb ...
Windows Export	Install Wine	2026-05-03T20:37:58.1953542Z Unpacking libsqlite3-0:i386 (3.45.1-1ubuntu2.5) ...
Windows Export	Install Wine	2026-05-03T20:37:58.2241083Z Selecting previously unselected package libxml2:i386.
Windows Export	Install Wine	2026-05-03T20:37:58.2385719Z Preparing to unpack .../049-libxml2_2.9.14+dfsg-1.3ubuntu3.7_i386.deb ...
Windows Export	Install Wine	2026-05-03T20:37:58.2393784Z Unpacking libxml2:i386 (2.9.14+dfsg-1.3ubuntu3.7) ...
Windows Export	Install Wine	2026-05-03T20:37:58.2686298Z Selecting previously unselected package libedit2:i386.
Windows Export	Install Wine	2026-05-03T20:37:58.2830598Z Preparing to unpack .../050-libedit2_3.1-20230828-1build1_i386.deb ...
Windows Export	Install Wine	2026-05-03T20:37:58.2838789Z Unpacking libedit2:i386 (3.1-20230828-1build1) ...
Windows Export	Install Wine	2026-05-03T20:37:58.3525122Z Selecting previously unselected package libgpm2:i386.
Windows Export	Install Wine	2026-05-03T20:37:58.3669906Z Preparing to unpack .../051-libgpm2_1.20.7-11_i386.deb ...
Windows Export	Install Wine	2026-05-03T20:37:58.3677636Z Unpacking libgpm2:i386 (1.20.7-11) ...
Windows Export	Install Wine	2026-05-03T20:37:58.3973156Z Selecting previously unselected package libncurses6:i386.
Windows Export	Install Wine	2026-05-03T20:37:58.4121085Z Preparing to unpack .../052-libncurses6_6.4+20240113-1ubuntu2_i386.deb ...
Windows Export	Install Wine	2026-05-03T20:37:58.4128890Z Unpacking libncurses6:i386 (6.4+20240113-1ubuntu2) ...
Windows Export	Install Wine	2026-05-03T20:37:58.4488920Z Selecting previously unselected package libnghttp2-14:i386.
Windows Export	Install Wine	2026-05-03T20:37:58.4637265Z Preparing to unpack .../053-libnghttp2-14_1.59.0-1ubuntu0.2_i386.deb ...
Windows Export	Install Wine	2026-05-03T20:37:58.4645680Z Unpacking libnghttp2-14:i386 (1.59.0-1ubuntu0.2) ...
Windows Export	Install Wine	2026-05-03T20:37:58.4949148Z Selecting previously unselected package libpcap0.8t64:i386.
Windows Export	Install Wine	2026-05-03T20:37:58.5093623Z Preparing to unpack .../054-libpcap0.8t64_1.10.4-4.1ubuntu3_i386.deb ...
Windows Export	Install Wine	2026-05-03T20:37:58.5101358Z Unpacking libpcap0.8t64:i386 (1.10.4-4.1ubuntu3) ...
Windows Export	Install Wine	2026-05-03T20:37:58.5428829Z Selecting previously unselected package libpng16-16t64:i386.
Windows Export	Install Wine	2026-05-03T20:37:58.5572407Z Preparing to unpack .../055-libpng16-16t64_1.6.43-5ubuntu0.5_i386.deb ...
Windows Export	Install Wine	2026-05-03T20:37:58.5580996Z Unpacking libpng16-16t64:i386 (1.6.43-5ubuntu0.5) ...
Windows Export	Install Wine	2026-05-03T20:37:58.5988689Z Selecting previously unselected package libpsl5t64:i386.
Windows Export	Install Wine	2026-05-03T20:37:58.6133230Z Preparing to unpack .../056-libpsl5t64_0.21.2-1.1build1_i386.deb ...
Windows Export	Install Wine	2026-05-03T20:37:58.6141622Z Unpacking libpsl5t64:i386 (0.21.2-1.1build1) ...
Windows Export	Install Wine	2026-05-03T20:37:58.6357438Z Selecting previously unselected package libsensors5:i386.
Windows Export	Install Wine	2026-05-03T20:37:58.6500226Z Preparing to unpack .../057-libsensors5_1%3a3.6.0-9build1_i386.deb ...
Windows Export	Install Wine	2026-05-03T20:37:58.7251390Z Unpacking libsensors5:i386 (1:3.6.0-9build1) ...
Windows Export	Install Wine	2026-05-03T20:37:58.7521894Z Selecting previously unselected package libusb-1.0-0:i386.
Windows Export	Install Wine	2026-05-03T20:37:58.7665683Z Preparing to unpack .../058-libusb-1.0-0_2%3a1.0.27-1_i386.deb ...
Windows Export	Install Wine	2026-05-03T20:37:58.7674307Z Unpacking libusb-1.0-0:i386 (2:1.0.27-1) ...
Windows Export	Install Wine	2026-05-03T20:37:58.7888157Z Selecting previously unselected package libxau6:i386.
Windows Export	Install Wine	2026-05-03T20:37:58.8030645Z Preparing to unpack .../059-libxau6_1%3a1.0.9-1build6_i386.deb ...
Windows Export	Install Wine	2026-05-03T20:37:58.8039428Z Unpacking libxau6:i386 (1:1.0.9-1build6) ...
Windows Export	Install Wine	2026-05-03T20:37:58.8243835Z Selecting previously unselected package libxdmcp6:i386.
Windows Export	Install Wine	2026-05-03T20:37:58.8386641Z Preparing to unpack .../060-libxdmcp6_1%3a1.1.3-0ubuntu6_i386.deb ...
Windows Export	Install Wine	2026-05-03T20:37:58.8395764Z Unpacking libxdmcp6:i386 (1:1.1.3-0ubuntu6) ...
Windows Export	Install Wine	2026-05-03T20:37:58.8813381Z Selecting previously unselected package libxcb1:i386.
Windows Export	Install Wine	2026-05-03T20:37:58.8957342Z Preparing to unpack .../061-libxcb1_1.15-1ubuntu2_i386.deb ...
Windows Export	Install Wine	2026-05-03T20:37:58.8965826Z Unpacking libxcb1:i386 (1.15-1ubuntu2) ...
Windows Export	Install Wine	2026-05-03T20:37:58.9190467Z Selecting previously unselected package libx11-6:i386.
Windows Export	Install Wine	2026-05-03T20:37:58.9336519Z Preparing to unpack .../062-libx11-6_2%3a1.8.7-1build1_i386.deb ...
Windows Export	Install Wine	2026-05-03T20:37:58.9344500Z Unpacking libx11-6:i386 (2:1.8.7-1build1) ...
Windows Export	Install Wine	2026-05-03T20:37:58.9670704Z Selecting previously unselected package libxext6:i386.
Windows Export	Install Wine	2026-05-03T20:37:58.9815280Z Preparing to unpack .../063-libxext6_2%3a1.3.4-1build2_i386.deb ...
Windows Export	Install Wine	2026-05-03T20:37:58.9823646Z Unpacking libxext6:i386 (2:1.3.4-1build2) ...
Windows Export	Install Wine	2026-05-03T20:37:59.0160304Z Selecting previously unselected package libxkbcommon0:i386.
Windows Export	Install Wine	2026-05-03T20:37:59.0304247Z Preparing to unpack .../064-libxkbcommon0_1.6.0-1build1_i386.deb ...
Windows Export	Install Wine	2026-05-03T20:37:59.0312178Z Unpacking libxkbcommon0:i386 (1.6.0-1build1) ...
Windows Export	Install Wine	2026-05-03T20:37:59.0542227Z Selecting previously unselected package session-migration.
Windows Export	Install Wine	2026-05-03T20:37:59.0684902Z Preparing to unpack .../065-session-migration_0.3.9build1_amd64.deb ...
Windows Export	Install Wine	2026-05-03T20:37:59.0693067Z Unpacking session-migration (0.3.9build1) ...
Windows Export	Install Wine	2026-05-03T20:37:59.0926710Z Selecting previously unselected package gsettings-desktop-schemas.
Windows Export	Install Wine	2026-05-03T20:37:59.1070043Z Preparing to unpack .../066-gsettings-desktop-schemas_46.1-0ubuntu1_all.deb ...
Windows Export	Install Wine	2026-05-03T20:37:59.1078098Z Unpacking gsettings-desktop-schemas (46.1-0ubuntu1) ...
Windows Export	Install Wine	2026-05-03T20:37:59.1351031Z Selecting previously unselected package at-spi2-core.
Windows Export	Install Wine	2026-05-03T20:37:59.1494657Z Preparing to unpack .../067-at-spi2-core_2.52.0-1build1_amd64.deb ...
Windows Export	Install Wine	2026-05-03T20:37:59.1503142Z Unpacking at-spi2-core (2.52.0-1build1) ...
Windows Export	Install Wine	2026-05-03T20:37:59.1741766Z Selecting previously unselected package fonts-wine.
Windows Export	Install Wine	2026-05-03T20:37:59.1884501Z Preparing to unpack .../068-fonts-wine_9.0~repack-4build3_all.deb ...
Windows Export	Install Wine	2026-05-03T20:37:59.1891396Z Unpacking fonts-wine (9.0~repack-4build3) ...
Windows Export	Install Wine	2026-05-03T20:37:59.2223415Z Selecting previously unselected package libproxy1v5:amd64.
Windows Export	Install Wine	2026-05-03T20:37:59.2369072Z Preparing to unpack .../069-libproxy1v5_0.5.4-4build1_amd64.deb ...
Windows Export	Install Wine	2026-05-03T20:37:59.2377922Z Unpacking libproxy1v5:amd64 (0.5.4-4build1) ...
Windows Export	Install Wine	2026-05-03T20:37:59.2592754Z Selecting previously unselected package glib-networking-common.
Windows Export	Install Wine	2026-05-03T20:37:59.2735248Z Preparing to unpack .../070-glib-networking-common_2.80.0-1build1_all.deb ...
Windows Export	Install Wine	2026-05-03T20:37:59.2761688Z Unpacking glib-networking-common (2.80.0-1build1) ...
Windows Export	Install Wine	2026-05-03T20:37:59.2955525Z Selecting previously unselected package glib-networking-services.
Windows Export	Install Wine	2026-05-03T20:37:59.3100291Z Preparing to unpack .../071-glib-networking-services_2.80.0-1build1_amd64.deb ...
Windows Export	Install Wine	2026-05-03T20:37:59.3108066Z Unpacking glib-networking-services (2.80.0-1build1) ...
Windows Export	Install Wine	2026-05-03T20:37:59.3316699Z Selecting previously unselected package glib-networking:amd64.
Windows Export	Install Wine	2026-05-03T20:37:59.3462169Z Preparing to unpack .../072-glib-networking_2.80.0-1build1_amd64.deb ...
Windows Export	Install Wine	2026-05-03T20:37:59.3470362Z Unpacking glib-networking:amd64 (2.80.0-1build1) ...
Windows Export	Install Wine	2026-05-03T20:37:59.3699571Z Selecting previously unselected package libbrotli1:i386.
Windows Export	Install Wine	2026-05-03T20:37:59.3843806Z Preparing to unpack .../073-libbrotli1_1.1.0-2build2_i386.deb ...
Windows Export	Install Wine	2026-05-03T20:37:59.3852157Z Unpacking libbrotli1:i386 (1.1.0-2build2) ...
Windows Export	Install Wine	2026-05-03T20:37:59.4189441Z Selecting previously unselected package libsasl2-modules-db:i386.
Windows Export	Install Wine	2026-05-03T20:37:59.4334688Z Preparing to unpack .../074-libsasl2-modules-db_2.1.28+dfsg1-5ubuntu3.1_i386.deb ...
Windows Export	Install Wine	2026-05-03T20:37:59.4342652Z Unpacking libsasl2-modules-db:i386 (2.1.28+dfsg1-5ubuntu3.1) ...
Windows Export	Install Wine	2026-05-03T20:37:59.4617394Z Selecting previously unselected package libsasl2-2:i386.
Windows Export	Install Wine	2026-05-03T20:37:59.4760965Z Preparing to unpack .../075-libsasl2-2_2.1.28+dfsg1-5ubuntu3.1_i386.deb ...
Windows Export	Install Wine	2026-05-03T20:37:59.4770130Z Unpacking libsasl2-2:i386 (2.1.28+dfsg1-5ubuntu3.1) ...
Windows Export	Install Wine	2026-05-03T20:37:59.5050327Z Selecting previously unselected package libldap2:i386.
Windows Export	Install Wine	2026-05-03T20:37:59.5191966Z Preparing to unpack .../076-libldap2_2.6.10+dfsg-0ubuntu0.24.04.1_i386.deb ...
Windows Export	Install Wine	2026-05-03T20:37:59.5200217Z Unpacking libldap2:i386 (2.6.10+dfsg-0ubuntu0.24.04.1) ...
Windows Export	Install Wine	2026-05-03T20:37:59.5510563Z Selecting previously unselected package librtmp1:i386.
Windows Export	Install Wine	2026-05-03T20:37:59.5656069Z Preparing to unpack .../077-librtmp1_2.4+20151223.gitfa8646d.1-2build7_i386.deb ...
Windows Export	Install Wine	2026-05-03T20:37:59.5663581Z Unpacking librtmp1:i386 (2.4+20151223.gitfa8646d.1-2build7) ...
Windows Export	Install Wine	2026-05-03T20:37:59.5897132Z Selecting previously unselected package libssh-4:i386.
Windows Export	Install Wine	2026-05-03T20:37:59.6039176Z Preparing to unpack .../078-libssh-4_0.10.6-2ubuntu0.4_i386.deb ...
Windows Export	Install Wine	2026-05-03T20:37:59.6046353Z Unpacking libssh-4:i386 (0.10.6-2ubuntu0.4) ...
Windows Export	Install Wine	2026-05-03T20:37:59.6282665Z Selecting previously unselected package libcurl3t64-gnutls:i386.
Windows Export	Install Wine	2026-05-03T20:37:59.6425266Z Preparing to unpack .../079-libcurl3t64-gnutls_8.5.0-2ubuntu10.8_i386.deb ...
Windows Export	Install Wine	2026-05-03T20:37:59.6434010Z Unpacking libcurl3t64-gnutls:i386 (8.5.0-2ubuntu10.8) ...
Windows Export	Install Wine	2026-05-03T20:37:59.7019389Z Selecting previously unselected package libduktape207:i386.
Windows Export	Install Wine	2026-05-03T20:37:59.7161848Z Preparing to unpack .../080-libduktape207_2.7.0+tests-0ubuntu3_i386.deb ...
Windows Export	Install Wine	2026-05-03T20:37:59.7169938Z Unpacking libduktape207:i386 (2.7.0+tests-0ubuntu3) ...
Windows Export	Install Wine	2026-05-03T20:37:59.7428855Z Selecting previously unselected package libproxy1v5:i386.
Windows Export	Install Wine	2026-05-03T20:37:59.7572402Z Preparing to unpack .../081-libproxy1v5_0.5.4-4build1_i386.deb ...
Windows Export	Install Wine	2026-05-03T20:37:59.7582007Z Unpacking libproxy1v5:i386 (0.5.4-4build1) ...
Windows Export	Install Wine	2026-05-03T20:37:59.7794217Z Selecting previously unselected package glib-networking:i386.
Windows Export	Install Wine	2026-05-03T20:37:59.7936470Z Preparing to unpack .../082-glib-networking_2.80.0-1build1_i386.deb ...
Windows Export	Install Wine	2026-05-03T20:37:59.7945721Z Unpacking glib-networking:i386 (2.80.0-1build1) ...
Windows Export	Install Wine	2026-05-03T20:37:59.8155051Z Selecting previously unselected package libcdparanoia0:amd64.
Windows Export	Install Wine	2026-05-03T20:37:59.8296436Z Preparing to unpack .../083-libcdparanoia0_3.10.2+debian-14build3_amd64.deb ...
Windows Export	Install Wine	2026-05-03T20:37:59.8304269Z Unpacking libcdparanoia0:amd64 (3.10.2+debian-14build3) ...
Windows Export	Install Wine	2026-05-03T20:37:59.8531710Z Selecting previously unselected package liborc-0.4-0t64:amd64.
Windows Export	Install Wine	2026-05-03T20:37:59.8676233Z Preparing to unpack .../084-liborc-0.4-0t64_1%3a0.4.38-1ubuntu0.1_amd64.deb ...
Windows Export	Install Wine	2026-05-03T20:37:59.8685580Z Unpacking liborc-0.4-0t64:amd64 (1:0.4.38-1ubuntu0.1) ...
Windows Export	Install Wine	2026-05-03T20:37:59.8931366Z Selecting previously unselected package libgstreamer-plugins-base1.0-0:amd64.
Windows Export	Install Wine	2026-05-03T20:37:59.9076006Z Preparing to unpack .../085-libgstreamer-plugins-base1.0-0_1.24.2-1ubuntu0.4_amd64.deb ...
Windows Export	Install Wine	2026-05-03T20:37:59.9084678Z Unpacking libgstreamer-plugins-base1.0-0:amd64 (1.24.2-1ubuntu0.4) ...
Windows Export	Install Wine	2026-05-03T20:37:59.9419081Z Selecting previously unselected package libopus0:amd64.
Windows Export	Install Wine	2026-05-03T20:37:59.9562717Z Preparing to unpack .../086-libopus0_1.4-1build1_amd64.deb ...
Windows Export	Install Wine	2026-05-03T20:37:59.9570971Z Unpacking libopus0:amd64 (1.4-1build1) ...
Windows Export	Install Wine	2026-05-03T20:37:59.9801703Z Selecting previously unselected package libtheora0:amd64.
Windows Export	Install Wine	2026-05-03T20:37:59.9945505Z Preparing to unpack .../087-libtheora0_1.1.1+dfsg.1-16.1build3_amd64.deb ...
Windows Export	Install Wine	2026-05-03T20:37:59.9952895Z Unpacking libtheora0:amd64 (1.1.1+dfsg.1-16.1build3) ...
Windows Export	Install Wine	2026-05-03T20:38:00.0202073Z Selecting previously unselected package libvisual-0.4-0:amd64.
Windows Export	Install Wine	2026-05-03T20:38:00.0348046Z Preparing to unpack .../088-libvisual-0.4-0_0.4.2-2build1_amd64.deb ...
Windows Export	Install Wine	2026-05-03T20:38:00.0356043Z Unpacking libvisual-0.4-0:amd64 (0.4.2-2build1) ...
Windows Export	Install Wine	2026-05-03T20:38:00.0592835Z Selecting previously unselected package libvorbisenc2:amd64.
Windows Export	Install Wine	2026-05-03T20:38:00.0737871Z Preparing to unpack .../089-libvorbisenc2_1.3.7-1build3_amd64.deb ...
Windows Export	Install Wine	2026-05-03T20:38:00.0745529Z Unpacking libvorbisenc2:amd64 (1.3.7-1build3) ...
Windows Export	Install Wine	2026-05-03T20:38:00.0978681Z Selecting previously unselected package gstreamer1.0-plugins-base:amd64.
Windows Export	Install Wine	2026-05-03T20:38:00.1123751Z Preparing to unpack .../090-gstreamer1.0-plugins-base_1.24.2-1ubuntu0.4_amd64.deb ...
Windows Export	Install Wine	2026-05-03T20:38:00.1143345Z Unpacking gstreamer1.0-plugins-base:amd64 (1.24.2-1ubuntu0.4) ...
Windows Export	Install Wine	2026-05-03T20:38:00.1478558Z Selecting previously unselected package libcdparanoia0:i386.
Windows Export	Install Wine	2026-05-03T20:38:00.1622626Z Preparing to unpack .../091-libcdparanoia0_3.10.2+debian-14build3_i386.deb ...
Windows Export	Install Wine	2026-05-03T20:38:00.1630680Z Unpacking libcdparanoia0:i386 (3.10.2+debian-14build3) ...
Windows Export	Install Wine	2026-05-03T20:38:00.1844384Z Selecting previously unselected package libdrm2:i386.
Windows Export	Install Wine	2026-05-03T20:38:00.1988003Z Preparing to unpack .../092-libdrm2_2.4.125-1ubuntu0.1~24.04.1_i386.deb ...
Windows Export	Install Wine	2026-05-03T20:38:00.1998220Z Unpacking libdrm2:i386 (2.4.125-1ubuntu0.1~24.04.1) ...
Windows Export	Install Wine	2026-05-03T20:38:00.2301340Z Selecting previously unselected package libdw1t64:i386.
Windows Export	Install Wine	2026-05-03T20:38:00.2445958Z Preparing to unpack .../093-libdw1t64_0.190-1.1ubuntu0.1_i386.deb ...
Windows Export	Install Wine	2026-05-03T20:38:00.2453191Z Unpacking libdw1t64:i386 (0.190-1.1ubuntu0.1) ...
Windows Export	Install Wine	2026-05-03T20:38:00.2736625Z Selecting previously unselected package libunwind8:i386.
Windows Export	Install Wine	2026-05-03T20:38:00.2881634Z Preparing to unpack .../094-libunwind8_1.6.2-3build1.1_i386.deb ...
Windows Export	Install Wine	2026-05-03T20:38:00.2890804Z Unpacking libunwind8:i386 (1.6.2-3build1.1) ...
Windows Export	Install Wine	2026-05-03T20:38:00.3222088Z Selecting previously unselected package libgstreamer1.0-0:i386.
Windows Export	Install Wine	2026-05-03T20:38:00.3367922Z Preparing to unpack .../095-libgstreamer1.0-0_1.24.2-1ubuntu0.1_i386.deb ...
Windows Export	Install Wine	2026-05-03T20:38:00.3378404Z Unpacking libgstreamer1.0-0:i386 (1.24.2-1ubuntu0.1) ...
Windows Export	Install Wine	2026-05-03T20:38:00.3843617Z Selecting previously unselected package liborc-0.4-0t64:i386.
Windows Export	Install Wine	2026-05-03T20:38:00.3990438Z Preparing to unpack .../096-liborc-0.4-0t64_1%3a0.4.38-1ubuntu0.1_i386.deb ...
Windows Export	Install Wine	2026-05-03T20:38:00.4002256Z Unpacking liborc-0.4-0t64:i386 (1:0.4.38-1ubuntu0.1) ...
Windows Export	Install Wine	2026-05-03T20:38:00.4260619Z Selecting previously unselected package libgstreamer-plugins-base1.0-0:i386.
Windows Export	Install Wine	2026-05-03T20:38:00.4407004Z Preparing to unpack .../097-libgstreamer-plugins-base1.0-0_1.24.2-1ubuntu0.4_i386.deb ...
Windows Export	Install Wine	2026-05-03T20:38:00.4415375Z Unpacking libgstreamer-plugins-base1.0-0:i386 (1.24.2-1ubuntu0.4) ...
Windows Export	Install Wine	2026-05-03T20:38:00.4767890Z Selecting previously unselected package libogg0:i386.
Windows Export	Install Wine	2026-05-03T20:38:00.4912535Z Preparing to unpack .../098-libogg0_1.3.5-3build1_i386.deb ...
Windows Export	Install Wine	2026-05-03T20:38:00.4922232Z Unpacking libogg0:i386 (1.3.5-3build1) ...
Windows Export	Install Wine	2026-05-03T20:38:00.5239496Z Selecting previously unselected package libopus0:i386.
Windows Export	Install Wine	2026-05-03T20:38:00.5384648Z Preparing to unpack .../099-libopus0_1.4-1build1_i386.deb ...
Windows Export	Install Wine	2026-05-03T20:38:00.5392546Z Unpacking libopus0:i386 (1.4-1build1) ...
Windows Export	Install Wine	2026-05-03T20:38:00.5625992Z Selecting previously unselected package libfreetype6:i386.
Windows Export	Install Wine	2026-05-03T20:38:00.5773067Z Preparing to unpack .../100-libfreetype6_2.13.2+dfsg-1ubuntu0.1_i386.deb ...
Windows Export	Install Wine	2026-05-03T20:38:00.5780373Z Unpacking libfreetype6:i386 (2.13.2+dfsg-1ubuntu0.1) ...
Windows Export	Install Wine	2026-05-03T20:38:00.6081613Z Selecting previously unselected package libfontconfig1:i386.
Windows Export	Install Wine	2026-05-03T20:38:00.6225150Z Preparing to unpack .../101-libfontconfig1_2.15.0-1.1ubuntu2_i386.deb ...
Windows Export	Install Wine	2026-05-03T20:38:00.6232706Z Unpacking libfontconfig1:i386 (2.15.0-1.1ubuntu2) ...
Windows Export	Install Wine	2026-05-03T20:38:00.6505696Z Selecting previously unselected package libpixman-1-0:i386.
Windows Export	Install Wine	2026-05-03T20:38:00.6651450Z Preparing to unpack .../102-libpixman-1-0_0.42.2-1build1_i386.deb ...
Windows Export	Install Wine	2026-05-03T20:38:00.6659443Z Unpacking libpixman-1-0:i386 (0.42.2-1build1) ...
Windows Export	Install Wine	2026-05-03T20:38:00.6958409Z Selecting previously unselected package libxcb-render0:i386.
Windows Export	Install Wine	2026-05-03T20:38:00.7103866Z Preparing to unpack .../103-libxcb-render0_1.15-1ubuntu2_i386.deb ...
Windows Export	Install Wine	2026-05-03T20:38:00.7111953Z Unpacking libxcb-render0:i386 (1.15-1ubuntu2) ...
Windows Export	Install Wine	2026-05-03T20:38:00.7376527Z Selecting previously unselected package libxcb-shm0:i386.
Windows Export	Install Wine	2026-05-03T20:38:00.7521784Z Preparing to unpack .../104-libxcb-shm0_1.15-1ubuntu2_i386.deb ...
Windows Export	Install Wine	2026-05-03T20:38:00.7532905Z Unpacking libxcb-shm0:i386 (1.15-1ubuntu2) ...
Windows Export	Install Wine	2026-05-03T20:38:00.7792417Z Selecting previously unselected package libxrender1:i386.
Windows Export	Install Wine	2026-05-03T20:38:00.7938732Z Preparing to unpack .../105-libxrender1_1%3a0.9.10-1.1build1_i386.deb ...
Windows Export	Install Wine	2026-05-03T20:38:00.7947260Z Unpacking libxrender1:i386 (1:0.9.10-1.1build1) ...
Windows Export	Install Wine	2026-05-03T20:38:00.8168264Z Selecting previously unselected package libcairo2:i386.
Windows Export	Install Wine	2026-05-03T20:38:00.8312427Z Preparing to unpack .../106-libcairo2_1.18.0-3build1_i386.deb ...
Windows Export	Install Wine	2026-05-03T20:38:00.8320365Z Unpacking libcairo2:i386 (1.18.0-3build1) ...
Windows Export	Install Wine	2026-05-03T20:38:00.8700297Z Selecting previously unselected package libtheora0:i386.
Windows Export	Install Wine	2026-05-03T20:38:00.8846711Z Preparing to unpack .../107-libtheora0_1.1.1+dfsg.1-16.1build3_i386.deb ...
Windows Export	Install Wine	2026-05-03T20:38:00.8856909Z Unpacking libtheora0:i386 (1.1.1+dfsg.1-16.1build3) ...
Windows Export	Install Wine	2026-05-03T20:38:00.9098393Z Selecting previously unselected package libvisual-0.4-0:i386.
Windows Export	Install Wine	2026-05-03T20:38:00.9243409Z Preparing to unpack .../108-libvisual-0.4-0_0.4.2-2build1_i386.deb ...
Windows Export	Install Wine	2026-05-03T20:38:00.9250610Z Unpacking libvisual-0.4-0:i386 (0.4.2-2build1) ...
Windows Export	Install Wine	2026-05-03T20:38:00.9475087Z Selecting previously unselected package libvorbis0a:i386.
Windows Export	Install Wine	2026-05-03T20:38:00.9619591Z Preparing to unpack .../109-libvorbis0a_1.3.7-1build3_i386.deb ...
Windows Export	Install Wine	2026-05-03T20:38:00.9626792Z Unpacking libvorbis0a:i386 (1.3.7-1build3) ...
Windows Export	Install Wine	2026-05-03T20:38:00.9896263Z Selecting previously unselected package libvorbisenc2:i386.
Windows Export	Install Wine	2026-05-03T20:38:01.0040343Z Preparing to unpack .../110-libvorbisenc2_1.3.7-1build3_i386.deb ...
Windows Export	Install Wine	2026-05-03T20:38:01.0048202Z Unpacking libvorbisenc2:i386 (1.3.7-1build3) ...
Windows Export	Install Wine	2026-05-03T20:38:01.0271218Z Selecting previously unselected package gstreamer1.0-plugins-base:i386.
Windows Export	Install Wine	2026-05-03T20:38:01.0415152Z Preparing to unpack .../111-gstreamer1.0-plugins-base_1.24.2-1ubuntu0.4_i386.deb ...
Windows Export	Install Wine	2026-05-03T20:38:01.0422439Z Unpacking gstreamer1.0-plugins-base:i386 (1.24.2-1ubuntu0.4) ...
Windows Export	Install Wine	2026-05-03T20:38:01.0768114Z Selecting previously unselected package libaa1:amd64.
Windows Export	Install Wine	2026-05-03T20:38:01.0913511Z Preparing to unpack .../112-libaa1_1.4p5-51.1_amd64.deb ...
Windows Export	Install Wine	2026-05-03T20:38:01.0921398Z Unpacking libaa1:amd64 (1.4p5-51.1) ...
Windows Export	Install Wine	2026-05-03T20:38:01.1141112Z Selecting previously unselected package libraw1394-11:amd64.
Windows Export	Install Wine	2026-05-03T20:38:01.1285614Z Preparing to unpack .../113-libraw1394-11_2.1.2-2build3_amd64.deb ...
Windows Export	Install Wine	2026-05-03T20:38:01.1292921Z Unpacking libraw1394-11:amd64 (2.1.2-2build3) ...
Windows Export	Install Wine	2026-05-03T20:38:01.1505344Z Selecting previously unselected package libavc1394-0:amd64.
Windows Export	Install Wine	2026-05-03T20:38:01.1647839Z Preparing to unpack .../114-libavc1394-0_0.5.4-5build3_amd64.deb ...
Windows Export	Install Wine	2026-05-03T20:38:01.1655287Z Unpacking libavc1394-0:amd64 (0.5.4-5build3) ...
Windows Export	Install Wine	2026-05-03T20:38:01.1869120Z Selecting previously unselected package libcaca0:amd64.
Windows Export	Install Wine	2026-05-03T20:38:01.2011530Z Preparing to unpack .../115-libcaca0_0.99.beta20-4ubuntu0.1_amd64.deb ...
Windows Export	Install Wine	2026-05-03T20:38:01.2019193Z Unpacking libcaca0:amd64 (0.99.beta20-4ubuntu0.1) ...
Windows Export	Install Wine	2026-05-03T20:38:01.2266592Z Selecting previously unselected package libdv4t64:amd64.
Windows Export	Install Wine	2026-05-03T20:38:01.2409563Z Preparing to unpack .../116-libdv4t64_1.0.0-17.1build1_amd64.deb ...
Windows Export	Install Wine	2026-05-03T20:38:01.2416630Z Unpacking libdv4t64:amd64 (1.0.0-17.1build1) ...
Windows Export	Install Wine	2026-05-03T20:38:01.2643140Z Selecting previously unselected package libflac12t64:amd64.
Windows Export	Install Wine	2026-05-03T20:38:01.2785969Z Preparing to unpack .../117-libflac12t64_1.4.3+ds-2.1ubuntu2_amd64.deb ...
Windows Export	Install Wine	2026-05-03T20:38:01.2793081Z Unpacking libflac12t64:amd64 (1.4.3+ds-2.1ubuntu2) ...
Windows Export	Install Wine	2026-05-03T20:38:01.3025705Z Selecting previously unselected package libgstreamer-plugins-good1.0-0:amd64.
Windows Export	Install Wine	2026-05-03T20:38:01.3170074Z Preparing to unpack .../118-libgstreamer-plugins-good1.0-0_1.24.2-1ubuntu1.3_amd64.deb ...
Windows Export	Install Wine	2026-05-03T20:38:01.3176942Z Unpacking libgstreamer-plugins-good1.0-0:amd64 (1.24.2-1ubuntu1.3) ...
Windows Export	Install Wine	2026-05-03T20:38:01.3409009Z Selecting previously unselected package libiec61883-0:amd64.
Windows Export	Install Wine	2026-05-03T20:38:01.3554317Z Preparing to unpack .../119-libiec61883-0_1.2.0-6build1_amd64.deb ...
Windows Export	Install Wine	2026-05-03T20:38:01.3562205Z Unpacking libiec61883-0:amd64 (1.2.0-6build1) ...
Windows Export	Install Wine	2026-05-03T20:38:01.3780796Z Selecting previously unselected package libmp3lame0:amd64.
Windows Export	Install Wine	2026-05-03T20:38:01.3924264Z Preparing to unpack .../120-libmp3lame0_3.100-6build1_amd64.deb ...
Windows Export	Install Wine	2026-05-03T20:38:01.3932993Z Unpacking libmp3lame0:amd64 (3.100-6build1) ...
Windows Export	Install Wine	2026-05-03T20:38:01.4167535Z Selecting previously unselected package libmpg123-0t64:amd64.
Windows Export	Install Wine	2026-05-03T20:38:01.4313281Z Preparing to unpack .../121-libmpg123-0t64_1.32.5-1ubuntu1.1_amd64.deb ...
Windows Export	Install Wine	2026-05-03T20:38:01.4321231Z Unpacking libmpg123-0t64:amd64 (1.32.5-1ubuntu1.1) ...
Windows Export	Install Wine	2026-05-03T20:38:01.4564593Z Selecting previously unselected package libasyncns0:amd64.
Windows Export	Install Wine	2026-05-03T20:38:01.4709402Z Preparing to unpack .../122-libasyncns0_0.8-6build4_amd64.deb ...
Windows Export	Install Wine	2026-05-03T20:38:01.4717786Z Unpacking libasyncns0:amd64 (0.8-6build4) ...
Windows Export	Install Wine	2026-05-03T20:38:01.4929237Z Selecting previously unselected package libsndfile1:amd64.
Windows Export	Install Wine	2026-05-03T20:38:01.5074200Z Preparing to unpack .../123-libsndfile1_1.2.2-1ubuntu5.24.04.1_amd64.deb ...
Windows Export	Install Wine	2026-05-03T20:38:01.5082086Z Unpacking libsndfile1:amd64 (1.2.2-1ubuntu5.24.04.1) ...
Windows Export	Install Wine	2026-05-03T20:38:01.5331679Z Selecting previously unselected package libpulse0:amd64.
Windows Export	Install Wine	2026-05-03T20:38:01.5477132Z Preparing to unpack .../124-libpulse0_1%3a16.1+dfsg1-2ubuntu10.1_amd64.deb ...
Windows Export	Install Wine	2026-05-03T20:38:01.5586787Z Unpacking libpulse0:amd64 (1:16.1+dfsg1-2ubuntu10.1) ...
Windows Export	Install Wine	2026-05-03T20:38:01.5843386Z Selecting previously unselected package libspeex1:amd64.
Windows Export	Install Wine	2026-05-03T20:38:01.5989337Z Preparing to unpack .../125-libspeex1_1.2.1-2ubuntu2.24.04.1_amd64.deb ...
Windows Export	Install Wine	2026-05-03T20:38:01.5998203Z Unpacking libspeex1:amd64 (1.2.1-2ubuntu2.24.04.1) ...
Windows Export	Install Wine	2026-05-03T20:38:01.6215656Z Selecting previously unselected package libshout3:amd64.
Windows Export	Install Wine	2026-05-03T20:38:01.6359667Z Preparing to unpack .../126-libshout3_2.4.6-1build2_amd64.deb ...
Windows Export	Install Wine	2026-05-03T20:38:01.6370463Z Unpacking libshout3:amd64 (2.4.6-1build2) ...
Windows Export	Install Wine	2026-05-03T20:38:01.6599495Z Selecting previously unselected package libtag1v5-vanilla:amd64.
Windows Export	Install Wine	2026-05-03T20:38:01.6744532Z Preparing to unpack .../127-libtag1v5-vanilla_1.13.1-1build1_amd64.deb ...
Windows Export	Install Wine	2026-05-03T20:38:01.6753879Z Unpacking libtag1v5-vanilla:amd64 (1.13.1-1build1) ...
Windows Export	Install Wine	2026-05-03T20:38:01.6998994Z Selecting previously unselected package libtag1v5:amd64.
Windows Export	Install Wine	2026-05-03T20:38:01.7143170Z Preparing to unpack .../128-libtag1v5_1.13.1-1build1_amd64.deb ...
Windows Export	Install Wine	2026-05-03T20:38:01.7151194Z Unpacking libtag1v5:amd64 (1.13.1-1build1) ...
Windows Export	Install Wine	2026-05-03T20:38:01.7365065Z Selecting previously unselected package libtwolame0:amd64.
Windows Export	Install Wine	2026-05-03T20:38:01.7510085Z Preparing to unpack .../129-libtwolame0_0.4.0-2build3_amd64.deb ...
Windows Export	Install Wine	2026-05-03T20:38:01.7520239Z Unpacking libtwolame0:amd64 (0.4.0-2build3) ...
Windows Export	Install Wine	2026-05-03T20:38:01.7755949Z Selecting previously unselected package libv4lconvert0t64:amd64.
Windows Export	Install Wine	2026-05-03T20:38:01.7901663Z Preparing to unpack .../130-libv4lconvert0t64_1.26.1-4build3_amd64.deb ...
Windows Export	Install Wine	2026-05-03T20:38:01.7912039Z Unpacking libv4lconvert0t64:amd64 (1.26.1-4build3) ...
Windows Export	Install Wine	2026-05-03T20:38:01.8153287Z Selecting previously unselected package libv4l-0t64:amd64.
Windows Export	Install Wine	2026-05-03T20:38:01.8301313Z Preparing to unpack .../131-libv4l-0t64_1.26.1-4build3_amd64.deb ...
Windows Export	Install Wine	2026-05-03T20:38:01.8311099Z Unpacking libv4l-0t64:amd64 (1.26.1-4build3) ...
Windows Export	Install Wine	2026-05-03T20:38:01.8561518Z Selecting previously unselected package libvpx9:amd64.
Windows Export	Install Wine	2026-05-03T20:38:01.8708325Z Preparing to unpack .../132-libvpx9_1.14.0-1ubuntu2.3_amd64.deb ...
Windows Export	Install Wine	2026-05-03T20:38:01.8716638Z Unpacking libvpx9:amd64 (1.14.0-1ubuntu2.3) ...
Windows Export	Install Wine	2026-05-03T20:38:01.9064649Z Selecting previously unselected package libwavpack1:amd64.
Windows Export	Install Wine	2026-05-03T20:38:01.9209608Z Preparing to unpack .../133-libwavpack1_5.6.0-1build1_amd64.deb ...
Windows Export	Install Wine	2026-05-03T20:38:01.9218500Z Unpacking libwavpack1:amd64 (5.6.0-1build1) ...
Windows Export	Install Wine	2026-05-03T20:38:01.9440968Z Selecting previously unselected package libsoup-3.0-common.
Windows Export	Install Wine	2026-05-03T20:38:01.9585724Z Preparing to unpack .../134-libsoup-3.0-common_3.4.4-5ubuntu0.7_all.deb ...
Windows Export	Install Wine	2026-05-03T20:38:01.9595498Z Unpacking libsoup-3.0-common (3.4.4-5ubuntu0.7) ...
Windows Export	Install Wine	2026-05-03T20:38:01.9812103Z Selecting previously unselected package libsoup-3.0-0:amd64.
Windows Export	Install Wine	2026-05-03T20:38:01.9958055Z Preparing to unpack .../135-libsoup-3.0-0_3.4.4-5ubuntu0.7_amd64.deb ...
Windows Export	Install Wine	2026-05-03T20:38:01.9966182Z Unpacking libsoup-3.0-0:amd64 (3.4.4-5ubuntu0.7) ...
Windows Export	Install Wine	2026-05-03T20:38:02.0211259Z Selecting previously unselected package gstreamer1.0-plugins-good:amd64.
Windows Export	Install Wine	2026-05-03T20:38:02.0357522Z Preparing to unpack .../136-gstreamer1.0-plugins-good_1.24.2-1ubuntu1.3_amd64.deb ...
Windows Export	Install Wine	2026-05-03T20:38:02.0365744Z Unpacking gstreamer1.0-plugins-good:amd64 (1.24.2-1ubuntu1.3) ...
Windows Export	Install Wine	2026-05-03T20:38:02.0930442Z Selecting previously unselected package libaa1:i386.
Windows Export	Install Wine	2026-05-03T20:38:02.1077228Z Preparing to unpack .../137-libaa1_1.4p5-51.1_i386.deb ...
Windows Export	Install Wine	2026-05-03T20:38:02.1085055Z Unpacking libaa1:i386 (1.4p5-51.1) ...
Windows Export	Install Wine	2026-05-03T20:38:02.1296485Z Selecting previously unselected package libraw1394-11:i386.
Windows Export	Install Wine	2026-05-03T20:38:02.1442712Z Preparing to unpack .../138-libraw1394-11_2.1.2-2build3_i386.deb ...
Windows Export	Install Wine	2026-05-03T20:38:02.1451055Z Unpacking libraw1394-11:i386 (2.1.2-2build3) ...
Windows Export	Install Wine	2026-05-03T20:38:02.1665418Z Selecting previously unselected package libavc1394-0:i386.
Windows Export	Install Wine	2026-05-03T20:38:02.1807706Z Preparing to unpack .../139-libavc1394-0_0.5.4-5build3_i386.deb ...
Windows Export	Install Wine	2026-05-03T20:38:02.1821850Z Unpacking libavc1394-0:i386 (0.5.4-5build3) ...
Windows Export	Install Wine	2026-05-03T20:38:02.2045953Z Selecting previously unselected package libcaca0:i386.
Windows Export	Install Wine	2026-05-03T20:38:02.2188569Z Preparing to unpack .../140-libcaca0_0.99.beta20-4ubuntu0.1_i386.deb ...
Windows Export	Install Wine	2026-05-03T20:38:02.2197053Z Unpacking libcaca0:i386 (0.99.beta20-4ubuntu0.1) ...
Windows Export	Install Wine	2026-05-03T20:38:02.2461712Z Selecting previously unselected package libcairo-gobject2:i386.
Windows Export	Install Wine	2026-05-03T20:38:02.2606909Z Preparing to unpack .../141-libcairo-gobject2_1.18.0-3build1_i386.deb ...
Windows Export	Install Wine	2026-05-03T20:38:02.2614580Z Unpacking libcairo-gobject2:i386 (1.18.0-3build1) ...
Windows Export	Install Wine	2026-05-03T20:38:02.2932512Z Selecting previously unselected package libdv4t64:i386.
Windows Export	Install Wine	2026-05-03T20:38:02.3098039Z Preparing to unpack .../142-libdv4t64_1.0.0-17.1build1_i386.deb ...
Windows Export	Install Wine	2026-05-03T20:38:02.3106120Z Unpacking libdv4t64:i386 (1.0.0-17.1build1) ...
Windows Export	Install Wine	2026-05-03T20:38:02.3332099Z Selecting previously unselected package libflac12t64:i386.
Windows Export	Install Wine	2026-05-03T20:38:02.3478194Z Preparing to unpack .../143-libflac12t64_1.4.3+ds-2.1ubuntu2_i386.deb ...
Windows Export	Install Wine	2026-05-03T20:38:02.3486360Z Unpacking libflac12t64:i386 (1.4.3+ds-2.1ubuntu2) ...
Windows Export	Install Wine	2026-05-03T20:38:02.3725660Z Selecting previously unselected package libjpeg-turbo8:i386.
Windows Export	Install Wine	2026-05-03T20:38:02.3869798Z Preparing to unpack .../144-libjpeg-turbo8_2.1.5-2ubuntu2_i386.deb ...
Windows Export	Install Wine	2026-05-03T20:38:02.3878650Z Unpacking libjpeg-turbo8:i386 (2.1.5-2ubuntu2) ...
Windows Export	Install Wine	2026-05-03T20:38:02.4241125Z Selecting previously unselected package libjpeg8:i386.
Windows Export	Install Wine	2026-05-03T20:38:02.4386855Z Preparing to unpack .../145-libjpeg8_8c-2ubuntu11_i386.deb ...
Windows Export	Install Wine	2026-05-03T20:38:02.4395986Z Unpacking libjpeg8:i386 (8c-2ubuntu11) ...
Windows Export	Install Wine	2026-05-03T20:38:02.4596365Z Selecting previously unselected package libdeflate0:i386.
Windows Export	Install Wine	2026-05-03T20:38:02.4739825Z Preparing to unpack .../146-libdeflate0_1.19-1build1.1_i386.deb ...
Windows Export	Install Wine	2026-05-03T20:38:02.4747501Z Unpacking libdeflate0:i386 (1.19-1build1.1) ...
Windows Export	Install Wine	2026-05-03T20:38:02.4966052Z Selecting previously unselected package libjbig0:i386.
Windows Export	Install Wine	2026-05-03T20:38:02.5111203Z Preparing to unpack .../147-libjbig0_2.1-6.1ubuntu2_i386.deb ...
Windows Export	Install Wine	2026-05-03T20:38:02.5119642Z Unpacking libjbig0:i386 (2.1-6.1ubuntu2) ...
Windows Export	Install Wine	2026-05-03T20:38:02.5424958Z Selecting previously unselected package libsharpyuv0:i386.
Windows Export	Install Wine	2026-05-03T20:38:02.5569940Z Preparing to unpack .../148-libsharpyuv0_1.3.2-0.4build3_i386.deb ...
Windows Export	Install Wine	2026-05-03T20:38:02.5577130Z Unpacking libsharpyuv0:i386 (1.3.2-0.4build3) ...
Windows Export	Install Wine	2026-05-03T20:38:02.5829934Z Selecting previously unselected package libwebp7:i386.
Windows Export	Install Wine	2026-05-03T20:38:02.5977484Z Preparing to unpack .../149-libwebp7_1.3.2-0.4build3_i386.deb ...
Windows Export	Install Wine	2026-05-03T20:38:02.5985666Z Unpacking libwebp7:i386 (1.3.2-0.4build3) ...
Windows Export	Install Wine	2026-05-03T20:38:02.6225545Z Selecting previously unselected package libtiff6:i386.
Windows Export	Install Wine	2026-05-03T20:38:02.6372239Z Preparing to unpack .../150-libtiff6_4.5.1+git230720-4ubuntu2.5_i386.deb ...
Windows Export	Install Wine	2026-05-03T20:38:02.6381371Z Unpacking libtiff6:i386 (4.5.1+git230720-4ubuntu2.5) ...
Windows Export	Install Wine	2026-05-03T20:38:02.6687101Z Selecting previously unselected package libgdk-pixbuf-2.0-0:i386.
Windows Export	Install Wine	2026-05-03T20:38:02.6834439Z Preparing to unpack .../151-libgdk-pixbuf-2.0-0_2.42.10+dfsg-3ubuntu3.3_i386.deb ...
Windows Export	Install Wine	2026-05-03T20:38:02.6844973Z Unpacking libgdk-pixbuf-2.0-0:i386 (2.42.10+dfsg-3ubuntu3.3) ...
Windows Export	Install Wine	2026-05-03T20:38:02.7147253Z Selecting previously unselected package libgstreamer-plugins-good1.0-0:i386.
Windows Export	Install Wine	2026-05-03T20:38:02.7294176Z Preparing to unpack .../152-libgstreamer-plugins-good1.0-0_1.24.2-1ubuntu1.3_i386.deb ...
Windows Export	Install Wine	2026-05-03T20:38:02.7302365Z Unpacking libgstreamer-plugins-good1.0-0:i386 (1.24.2-1ubuntu1.3) ...
Windows Export	Install Wine	2026-05-03T20:38:02.7529984Z Selecting previously unselected package libgudev-1.0-0:i386.
Windows Export	Install Wine	2026-05-03T20:38:02.7677064Z Preparing to unpack .../153-libgudev-1.0-0_1%3a238-5ubuntu1_i386.deb ...
Windows Export	Install Wine	2026-05-03T20:38:02.7684481Z Unpacking libgudev-1.0-0:i386 (1:238-5ubuntu1) ...
Windows Export	Install Wine	2026-05-03T20:38:02.7905181Z Selecting previously unselected package libiec61883-0:i386.
Windows Export	Install Wine	2026-05-03T20:38:02.8051168Z Preparing to unpack .../154-libiec61883-0_1.2.0-6build1_i386.deb ...
Windows Export	Install Wine	2026-05-03T20:38:02.8063665Z Unpacking libiec61883-0:i386 (1.2.0-6build1) ...
Windows Export	Install Wine	2026-05-03T20:38:02.8283166Z Selecting previously unselected package libmp3lame0:i386.
Windows Export	Install Wine	2026-05-03T20:38:02.8428929Z Preparing to unpack .../155-libmp3lame0_3.100-6build1_i386.deb ...
Windows Export	Install Wine	2026-05-03T20:38:02.8437957Z Unpacking libmp3lame0:i386 (3.100-6build1) ...
Windows Export	Install Wine	2026-05-03T20:38:02.8666700Z Selecting previously unselected package libmpg123-0t64:i386.
Windows Export	Install Wine	2026-05-03T20:38:02.8812628Z Preparing to unpack .../156-libmpg123-0t64_1.32.5-1ubuntu1.1_i386.deb ...
Windows Export	Install Wine	2026-05-03T20:38:02.8820237Z Unpacking libmpg123-0t64:i386 (1.32.5-1ubuntu1.1) ...
Windows Export	Install Wine	2026-05-03T20:38:02.9055737Z Selecting previously unselected package libasyncns0:i386.
Windows Export	Install Wine	2026-05-03T20:38:02.9202299Z Preparing to unpack .../157-libasyncns0_0.8-6build4_i386.deb ...
Windows Export	Install Wine	2026-05-03T20:38:02.9210161Z Unpacking libasyncns0:i386 (0.8-6build4) ...
Windows Export	Install Wine	2026-05-03T20:38:02.9425309Z Selecting previously unselected package libsndfile1:i386.
Windows Export	Install Wine	2026-05-03T20:38:02.9573130Z Preparing to unpack .../158-libsndfile1_1.2.2-1ubuntu5.24.04.1_i386.deb ...
Windows Export	Install Wine	2026-05-03T20:38:02.9580273Z Unpacking libsndfile1:i386 (1.2.2-1ubuntu5.24.04.1) ...
Windows Export	Install Wine	2026-05-03T20:38:02.9822160Z Selecting previously unselected package libx11-xcb1:i386.
Windows Export	Install Wine	2026-05-03T20:38:02.9969812Z Preparing to unpack .../159-libx11-xcb1_2%3a1.8.7-1build1_i386.deb ...
Windows Export	Install Wine	2026-05-03T20:38:02.9977444Z Unpacking libx11-xcb1:i386 (2:1.8.7-1build1) ...
Windows Export	Install Wine	2026-05-03T20:38:03.0292454Z Selecting previously unselected package libpulse0:i386.
Windows Export	Install Wine	2026-05-03T20:38:03.0441987Z Preparing to unpack .../160-libpulse0_1%3a16.1+dfsg1-2ubuntu10.1_i386.deb ...
Windows Export	Install Wine	2026-05-03T20:38:03.0511082Z Unpacking libpulse0:i386 (1:16.1+dfsg1-2ubuntu10.1) ...
Windows Export	Install Wine	2026-05-03T20:38:03.0771479Z Selecting previously unselected package libspeex1:i386.
Windows Export	Install Wine	2026-05-03T20:38:03.0918266Z Preparing to unpack .../161-libspeex1_1.2.1-2ubuntu2.24.04.1_i386.deb ...
Windows Export	Install Wine	2026-05-03T20:38:03.0928158Z Unpacking libspeex1:i386 (1.2.1-2ubuntu2.24.04.1) ...
Windows Export	Install Wine	2026-05-03T20:38:03.1151042Z Selecting previously unselected package libshout3:i386.
Windows Export	Install Wine	2026-05-03T20:38:03.1296073Z Preparing to unpack .../162-libshout3_2.4.6-1build2_i386.deb ...
Windows Export	Install Wine	2026-05-03T20:38:03.1304922Z Unpacking libshout3:i386 (2.4.6-1build2) ...
Windows Export	Install Wine	2026-05-03T20:38:03.1530005Z Selecting previously unselected package libtag1v5-vanilla:i386.
Windows Export	Install Wine	2026-05-03T20:38:03.1676490Z Preparing to unpack .../163-libtag1v5-vanilla_1.13.1-1build1_i386.deb ...
Windows Export	Install Wine	2026-05-03T20:38:03.1799485Z Unpacking libtag1v5-vanilla:i386 (1.13.1-1build1) ...
Windows Export	Install Wine	2026-05-03T20:38:03.2073551Z Selecting previously unselected package libtag1v5:i386.
Windows Export	Install Wine	2026-05-03T20:38:03.2220486Z Preparing to unpack .../164-libtag1v5_1.13.1-1build1_i386.deb ...
Windows Export	Install Wine	2026-05-03T20:38:03.2227594Z Unpacking libtag1v5:i386 (1.13.1-1build1) ...
Windows Export	Install Wine	2026-05-03T20:38:03.2439128Z Selecting previously unselected package libtwolame0:i386.
Windows Export	Install Wine	2026-05-03T20:38:03.2587625Z Preparing to unpack .../165-libtwolame0_0.4.0-2build3_i386.deb ...
Windows Export	Install Wine	2026-05-03T20:38:03.2596106Z Unpacking libtwolame0:i386 (0.4.0-2build3) ...
Windows Export	Install Wine	2026-05-03T20:38:03.2981752Z Selecting previously unselected package libv4lconvert0t64:i386.
Windows Export	Install Wine	2026-05-03T20:38:03.3129652Z Preparing to unpack .../166-libv4lconvert0t64_1.26.1-4build3_i386.deb ...
Windows Export	Install Wine	2026-05-03T20:38:03.3137219Z Unpacking libv4lconvert0t64:i386 (1.26.1-4build3) ...
Windows Export	Install Wine	2026-05-03T20:38:03.3373714Z Selecting previously unselected package libv4l-0t64:i386.
Windows Export	Install Wine	2026-05-03T20:38:03.3521148Z Preparing to unpack .../167-libv4l-0t64_1.26.1-4build3_i386.deb ...
Windows Export	Install Wine	2026-05-03T20:38:03.3529850Z Unpacking libv4l-0t64:i386 (1.26.1-4build3) ...
Windows Export	Install Wine	2026-05-03T20:38:03.3772030Z Selecting previously unselected package libvpx9:i386.
Windows Export	Install Wine	2026-05-03T20:38:03.3918998Z Preparing to unpack .../168-libvpx9_1.14.0-1ubuntu2.3_i386.deb ...
Windows Export	Install Wine	2026-05-03T20:38:03.3927127Z Unpacking libvpx9:i386 (1.14.0-1ubuntu2.3) ...
Windows Export	Install Wine	2026-05-03T20:38:03.4271726Z Selecting previously unselected package libwavpack1:i386.
Windows Export	Install Wine	2026-05-03T20:38:03.4419402Z Preparing to unpack .../169-libwavpack1_5.6.0-1build1_i386.deb ...
Windows Export	Install Wine	2026-05-03T20:38:03.4427432Z Unpacking libwavpack1:i386 (5.6.0-1build1) ...
Windows Export	Install Wine	2026-05-03T20:38:03.4650133Z Selecting previously unselected package libxdamage1:i386.
Windows Export	Install Wine	2026-05-03T20:38:03.4797487Z Preparing to unpack .../170-libxdamage1_1%3a1.1.6-1build1_i386.deb ...
Windows Export	Install Wine	2026-05-03T20:38:03.4805437Z Unpacking libxdamage1:i386 (1:1.1.6-1build1) ...
Windows Export	Install Wine	2026-05-03T20:38:03.5067625Z Selecting previously unselected package libxfixes3:i386.
Windows Export	Install Wine	2026-05-03T20:38:03.5216547Z Preparing to unpack .../171-libxfixes3_1%3a6.0.0-2build1_i386.deb ...
Windows Export	Install Wine	2026-05-03T20:38:03.5226851Z Unpacking libxfixes3:i386 (1:6.0.0-2build1) ...
Windows Export	Install Wine	2026-05-03T20:38:03.5486044Z Selecting previously unselected package libxtst6:i386.
Windows Export	Install Wine	2026-05-03T20:38:03.5633272Z Preparing to unpack .../172-libxtst6_2%3a1.2.3-1.1build1_i386.deb ...
Windows Export	Install Wine	2026-05-03T20:38:03.5641189Z Unpacking libxtst6:i386 (2:1.2.3-1.1build1) ...
Windows Export	Install Wine	2026-05-03T20:38:03.5949328Z Selecting previously unselected package libsoup-3.0-0:i386.
Windows Export	Install Wine	2026-05-03T20:38:03.6097514Z Preparing to unpack .../173-libsoup-3.0-0_3.4.4-5ubuntu0.7_i386.deb ...
Windows Export	Install Wine	2026-05-03T20:38:03.6105177Z Unpacking libsoup-3.0-0:i386 (3.4.4-5ubuntu0.7) ...
Windows Export	Install Wine	2026-05-03T20:38:03.6349293Z Selecting previously unselected package gstreamer1.0-plugins-good:i386.
Windows Export	Install Wine	2026-05-03T20:38:03.6495575Z Preparing to unpack .../174-gstreamer1.0-plugins-good_1.24.2-1ubuntu1.3_i386.deb ...
Windows Export	Install Wine	2026-05-03T20:38:03.6504001Z Unpacking gstreamer1.0-plugins-good:i386 (1.24.2-1ubuntu1.3) ...
Windows Export	Install Wine	2026-05-03T20:38:03.7120837Z Selecting previously unselected package libxv1:amd64.
Windows Export	Install Wine	2026-05-03T20:38:03.7266894Z Preparing to unpack .../175-libxv1_2%3a1.0.11-1.1build1_amd64.deb ...
Windows Export	Install Wine	2026-05-03T20:38:03.7275519Z Unpacking libxv1:amd64 (2:1.0.11-1.1build1) ...
Windows Export	Install Wine	2026-05-03T20:38:03.7483392Z Selecting previously unselected package gstreamer1.0-x:amd64.
Windows Export	Install Wine	2026-05-03T20:38:03.7629574Z Preparing to unpack .../176-gstreamer1.0-x_1.24.2-1ubuntu0.4_amd64.deb ...
Windows Export	Install Wine	2026-05-03T20:38:03.7637538Z Unpacking gstreamer1.0-x:amd64 (1.24.2-1ubuntu0.4) ...
Windows Export	Install Wine	2026-05-03T20:38:03.7870004Z Selecting previously unselected package libgraphite2-3:i386.
Windows Export	Install Wine	2026-05-03T20:38:03.8016029Z Preparing to unpack .../177-libgraphite2-3_1.3.14-2build1_i386.deb ...
Windows Export	Install Wine	2026-05-03T20:38:03.8024209Z Unpacking libgraphite2-3:i386 (1.3.14-2build1) ...
Windows Export	Install Wine	2026-05-03T20:38:03.8297522Z Selecting previously unselected package libharfbuzz0b:i386.
Windows Export	Install Wine	2026-05-03T20:38:03.8443402Z Preparing to unpack .../178-libharfbuzz0b_8.3.0-2build2_i386.deb ...
Windows Export	Install Wine	2026-05-03T20:38:03.8451504Z Unpacking libharfbuzz0b:i386 (8.3.0-2build2) ...
Windows Export	Install Wine	2026-05-03T20:38:03.8773978Z Selecting previously unselected package libdatrie1:i386.
Windows Export	Install Wine	2026-05-03T20:38:03.8917940Z Preparing to unpack .../179-libdatrie1_0.2.13-3build1_i386.deb ...
Windows Export	Install Wine	2026-05-03T20:38:03.8926540Z Unpacking libdatrie1:i386 (0.2.13-3build1) ...
Windows Export	Install Wine	2026-05-03T20:38:03.9197913Z Selecting previously unselected package libthai0:i386.
Windows Export	Install Wine	2026-05-03T20:38:03.9343739Z Preparing to unpack .../180-libthai0_0.1.29-2build1_i386.deb ...
Windows Export	Install Wine	2026-05-03T20:38:03.9351384Z Unpacking libthai0:i386 (0.1.29-2build1) ...
Windows Export	Install Wine	2026-05-03T20:38:03.9569333Z Selecting previously unselected package libpango-1.0-0:i386.
Windows Export	Install Wine	2026-05-03T20:38:03.9713487Z Preparing to unpack .../181-libpango-1.0-0_1.52.1+ds-1build1_i386.deb ...
Windows Export	Install Wine	2026-05-03T20:38:03.9720282Z Unpacking libpango-1.0-0:i386 (1.52.1+ds-1build1) ...
Windows Export	Install Wine	2026-05-03T20:38:04.0050031Z Selecting previously unselected package libpangoft2-1.0-0:i386.
Windows Export	Install Wine	2026-05-03T20:38:04.0193582Z Preparing to unpack .../182-libpangoft2-1.0-0_1.52.1+ds-1build1_i386.deb ...
Windows Export	Install Wine	2026-05-03T20:38:04.0200813Z Unpacking libpangoft2-1.0-0:i386 (1.52.1+ds-1build1) ...
Windows Export	Install Wine	2026-05-03T20:38:04.0460710Z Selecting previously unselected package libpangocairo-1.0-0:i386.
Windows Export	Install Wine	2026-05-03T20:38:04.0606207Z Preparing to unpack .../183-libpangocairo-1.0-0_1.52.1+ds-1build1_i386.deb ...
Windows Export	Install Wine	2026-05-03T20:38:04.0613741Z Unpacking libpangocairo-1.0-0:i386 (1.52.1+ds-1build1) ...
Windows Export	Install Wine	2026-05-03T20:38:04.0927245Z Selecting previously unselected package libxi6:i386.
Windows Export	Install Wine	2026-05-03T20:38:04.1075266Z Preparing to unpack .../184-libxi6_2%3a1.8.1-1build1_i386.deb ...
Windows Export	Install Wine	2026-05-03T20:38:04.1083472Z Unpacking libxi6:i386 (2:1.8.1-1build1) ...
Windows Export	Install Wine	2026-05-03T20:38:04.1439961Z Selecting previously unselected package libxv1:i386.
Windows Export	Install Wine	2026-05-03T20:38:04.1586066Z Preparing to unpack .../185-libxv1_2%3a1.0.11-1.1build1_i386.deb ...
Windows Export	Install Wine	2026-05-03T20:38:04.1594431Z Unpacking libxv1:i386 (2:1.0.11-1.1build1) ...
Windows Export	Install Wine	2026-05-03T20:38:04.1798702Z Selecting previously unselected package gstreamer1.0-x:i386.
Windows Export	Install Wine	2026-05-03T20:38:04.1944552Z Preparing to unpack .../186-gstreamer1.0-x_1.24.2-1ubuntu0.4_i386.deb ...
Windows Export	Install Wine	2026-05-03T20:38:04.1951454Z Unpacking gstreamer1.0-x:i386 (1.24.2-1ubuntu0.4) ...
Windows Export	Install Wine	2026-05-03T20:38:04.2192157Z Selecting previously unselected package libva2:amd64.
Windows Export	Install Wine	2026-05-03T20:38:04.2338140Z Preparing to unpack .../187-libva2_2.20.0-2ubuntu0.1_amd64.deb ...
Windows Export	Install Wine	2026-05-03T20:38:04.2346729Z Unpacking libva2:amd64 (2.20.0-2ubuntu0.1) ...
Windows Export	Install Wine	2026-05-03T20:38:04.2569692Z Selecting previously unselected package libigdgmm12:amd64.
Windows Export	Install Wine	2026-05-03T20:38:04.2715217Z Preparing to unpack .../188-libigdgmm12_22.3.17+ds1-1ubuntu1_amd64.deb ...
Windows Export	Install Wine	2026-05-03T20:38:04.2723836Z Unpacking libigdgmm12:amd64 (22.3.17+ds1-1ubuntu1) ...
Windows Export	Install Wine	2026-05-03T20:38:04.2957740Z Selecting previously unselected package intel-media-va-driver:amd64.
Windows Export	Install Wine	2026-05-03T20:38:04.3102811Z Preparing to unpack .../189-intel-media-va-driver_24.1.0+dfsg1-1ubuntu0.2_amd64.deb ...
Windows Export	Install Wine	2026-05-03T20:38:04.3114261Z Unpacking intel-media-va-driver:amd64 (24.1.0+dfsg1-1ubuntu0.2) ...
Windows Export	Install Wine	2026-05-03T20:38:04.3834006Z Selecting previously unselected package libva2:i386.
Windows Export	Install Wine	2026-05-03T20:38:04.3980137Z Preparing to unpack .../190-libva2_2.20.0-2ubuntu0.1_i386.deb ...
Windows Export	Install Wine	2026-05-03T20:38:04.3987746Z Unpacking libva2:i386 (2.20.0-2ubuntu0.1) ...
Windows Export	Install Wine	2026-05-03T20:38:04.4216507Z Selecting previously unselected package libigdgmm12:i386.
Windows Export	Install Wine	2026-05-03T20:38:04.4362222Z Preparing to unpack .../191-libigdgmm12_22.3.17+ds1-1ubuntu1_i386.deb ...
Windows Export	Install Wine	2026-05-03T20:38:04.4370458Z Unpacking libigdgmm12:i386 (22.3.17+ds1-1ubuntu1) ...
Windows Export	Install Wine	2026-05-03T20:38:04.4609090Z Selecting previously unselected package intel-media-va-driver:i386.
Windows Export	Install Wine	2026-05-03T20:38:04.4755116Z Preparing to unpack .../192-intel-media-va-driver_24.1.0+dfsg1-1ubuntu0.2_i386.deb ...
Windows Export	Install Wine	2026-05-03T20:38:04.4763595Z Unpacking intel-media-va-driver:i386 (24.1.0+dfsg1-1ubuntu0.2) ...
Windows Export	Install Wine	2026-05-03T20:38:04.5461806Z Selecting previously unselected package libaom3:i386.
Windows Export	Install Wine	2026-05-03T20:38:04.5606510Z Preparing to unpack .../193-libaom3_3.8.2-2ubuntu0.1_i386.deb ...
Windows Export	Install Wine	2026-05-03T20:38:04.5613591Z Unpacking libaom3:i386 (3.8.2-2ubuntu0.1) ...
Windows Export	Install Wine	2026-05-03T20:38:04.6114563Z Selecting previously unselected package libva-drm2:amd64.
Windows Export	Install Wine	2026-05-03T20:38:04.6259843Z Preparing to unpack .../194-libva-drm2_2.20.0-2ubuntu0.1_amd64.deb ...
Windows Export	Install Wine	2026-05-03T20:38:04.6268264Z Unpacking libva-drm2:amd64 (2.20.0-2ubuntu0.1) ...
Windows Export	Install Wine	2026-05-03T20:38:04.6490450Z Selecting previously unselected package libva-x11-2:amd64.
Windows Export	Install Wine	2026-05-03T20:38:04.6634341Z Preparing to unpack .../195-libva-x11-2_2.20.0-2ubuntu0.1_amd64.deb ...
Windows Export	Install Wine	2026-05-03T20:38:04.6642967Z Unpacking libva-x11-2:amd64 (2.20.0-2ubuntu0.1) ...
Windows Export	Install Wine	2026-05-03T20:38:04.6865650Z Selecting previously unselected package libvdpau1:amd64.
Windows Export	Install Wine	2026-05-03T20:38:04.7010367Z Preparing to unpack .../196-libvdpau1_1.5-2build1_amd64.deb ...
Windows Export	Install Wine	2026-05-03T20:38:04.7017548Z Unpacking libvdpau1:amd64 (1.5-2build1) ...
Windows Export	Install Wine	2026-05-03T20:38:04.7251872Z Selecting previously unselected package libvpl2.
Windows Export	Install Wine	2026-05-03T20:38:04.7397705Z Preparing to unpack .../197-libvpl2_2023.3.0-1build1_amd64.deb ...
Windows Export	Install Wine	2026-05-03T20:38:04.7405071Z Unpacking libvpl2 (2023.3.0-1build1) ...
Windows Export	Install Wine	2026-05-03T20:38:04.7648057Z Selecting previously unselected package ocl-icd-libopencl1:amd64.
Windows Export	Install Wine	2026-05-03T20:38:04.7794575Z Preparing to unpack .../198-ocl-icd-libopencl1_2.3.2-1build1_amd64.deb ...
Windows Export	Install Wine	2026-05-03T20:38:04.7802105Z Unpacking ocl-icd-libopencl1:amd64 (2.3.2-1build1) ...
Windows Export	Install Wine	2026-05-03T20:38:04.8052719Z Selecting previously unselected package libavutil58:amd64.
Windows Export	Install Wine	2026-05-03T20:38:04.8199777Z Preparing to unpack .../199-libavutil58_7%3a6.1.1-3ubuntu5_amd64.deb ...
Windows Export	Install Wine	2026-05-03T20:38:04.8208132Z Unpacking libavutil58:amd64 (7:6.1.1-3ubuntu5) ...
Windows Export	Install Wine	2026-05-03T20:38:04.8472400Z Selecting previously unselected package libcodec2-1.2:amd64.
Windows Export	Install Wine	2026-05-03T20:38:04.8619279Z Preparing to unpack .../200-libcodec2-1.2_1.2.0-2build1_amd64.deb ...
Windows Export	Install Wine	2026-05-03T20:38:04.8628534Z Unpacking libcodec2-1.2:amd64 (1.2.0-2build1) ...
Windows Export	Install Wine	2026-05-03T20:38:04.9370829Z Selecting previously unselected package libdav1d7:amd64.
Windows Export	Install Wine	2026-05-03T20:38:04.9515919Z Preparing to unpack .../201-libdav1d7_1.4.1-1build1_amd64.deb ...
Windows Export	Install Wine	2026-05-03T20:38:04.9523891Z Unpacking libdav1d7:amd64 (1.4.1-1build1) ...
Windows Export	Install Wine	2026-05-03T20:38:04.9811481Z Selecting previously unselected package libgsm1:amd64.
Windows Export	Install Wine	2026-05-03T20:38:04.9957281Z Preparing to unpack .../202-libgsm1_1.0.22-1build1_amd64.deb ...
Windows Export	Install Wine	2026-05-03T20:38:04.9964891Z Unpacking libgsm1:amd64 (1.0.22-1build1) ...
Windows Export	Install Wine	2026-05-03T20:38:05.0182553Z Selecting previously unselected package libhwy1t64:amd64.
Windows Export	Install Wine	2026-05-03T20:38:05.0329359Z Preparing to unpack .../203-libhwy1t64_1.0.7-8.1build1_amd64.deb ...
Windows Export	Install Wine	2026-05-03T20:38:05.0336951Z Unpacking libhwy1t64:amd64 (1.0.7-8.1build1) ...
Windows Export	Install Wine	2026-05-03T20:38:05.0808135Z Preparing to unpack .../204-liblcms2-2_2.14-2ubuntu0.1_amd64.deb ...
Windows Export	Install Wine	2026-05-03T20:38:05.0832542Z Unpacking liblcms2-2:amd64 (2.14-2ubuntu0.1) over (2.14-2build1) ...
Windows Export	Install Wine	2026-05-03T20:38:05.1078256Z Selecting previously unselected package libjxl0.7:amd64.
Windows Export	Install Wine	2026-05-03T20:38:05.1225356Z Preparing to unpack .../205-libjxl0.7_0.7.0-10.2ubuntu6.1_amd64.deb ...
Windows Export	Install Wine	2026-05-03T20:38:05.1233048Z Unpacking libjxl0.7:amd64 (0.7.0-10.2ubuntu6.1) ...
Windows Export	Install Wine	2026-05-03T20:38:05.1602691Z Selecting previously unselected package librav1e0:amd64.
Windows Export	Install Wine	2026-05-03T20:38:05.1749865Z Preparing to unpack .../206-librav1e0_0.7.1-2_amd64.deb ...
Windows Export	Install Wine	2026-05-03T20:38:05.1759538Z Unpacking librav1e0:amd64 (0.7.1-2) ...
Windows Export	Install Wine	2026-05-03T20:38:05.2120508Z Selecting previously unselected package librsvg2-2:amd64.
Windows Export	Install Wine	2026-05-03T20:38:05.2265452Z Preparing to unpack .../207-librsvg2-2_2.58.0+dfsg-1build1_amd64.deb ...
Windows Export	Install Wine	2026-05-03T20:38:05.2274241Z Unpacking librsvg2-2:amd64 (2.58.0+dfsg-1build1) ...
Windows Export	Install Wine	2026-05-03T20:38:05.2756881Z Selecting previously unselected package libshine3:amd64.
Windows Export	Install Wine	2026-05-03T20:38:05.2902916Z Preparing to unpack .../208-libshine3_3.1.1-2build1_amd64.deb ...
Windows Export	Install Wine	2026-05-03T20:38:05.2910773Z Unpacking libshine3:amd64 (3.1.1-2build1) ...
Windows Export	Install Wine	2026-05-03T20:38:05.3129178Z Selecting previously unselected package libsvtav1enc1d1:amd64.
Windows Export	Install Wine	2026-05-03T20:38:05.3273460Z Preparing to unpack .../209-libsvtav1enc1d1_1.7.0+dfsg-2build1_amd64.deb ...
Windows Export	Install Wine	2026-05-03T20:38:05.3281400Z Unpacking libsvtav1enc1d1:amd64 (1.7.0+dfsg-2build1) ...
Windows Export	Install Wine	2026-05-03T20:38:05.3760957Z Selecting previously unselected package libsoxr0:amd64.
Windows Export	Install Wine	2026-05-03T20:38:05.3905843Z Preparing to unpack .../210-libsoxr0_0.1.3-4build3_amd64.deb ...
Windows Export	Install Wine	2026-05-03T20:38:05.3913280Z Unpacking libsoxr0:amd64 (0.1.3-4build3) ...
Windows Export	Install Wine	2026-05-03T20:38:05.4135591Z Selecting previously unselected package libswresample4:amd64.
Windows Export	Install Wine	2026-05-03T20:38:05.4279517Z Preparing to unpack .../211-libswresample4_7%3a6.1.1-3ubuntu5_amd64.deb ...
Windows Export	Install Wine	2026-05-03T20:38:05.4287421Z Unpacking libswresample4:amd64 (7:6.1.1-3ubuntu5) ...
Windows Export	Install Wine	2026-05-03T20:38:05.4512995Z Selecting previously unselected package libx264-164:amd64.
Windows Export	Install Wine	2026-05-03T20:38:05.4657986Z Preparing to unpack .../212-libx264-164_2%3a0.164.3108+git31e19f9-1_amd64.deb ...
Windows Export	Install Wine	2026-05-03T20:38:05.4665501Z Unpacking libx264-164:amd64 (2:0.164.3108+git31e19f9-1) ...
Windows Export	Install Wine	2026-05-03T20:38:05.4956739Z Selecting previously unselected package libx265-199:amd64.
Windows Export	Install Wine	2026-05-03T20:38:05.5102054Z Preparing to unpack .../213-libx265-199_3.5-2build1_amd64.deb ...
Windows Export	Install Wine	2026-05-03T20:38:05.5110528Z Unpacking libx265-199:amd64 (3.5-2build1) ...
Windows Export	Install Wine	2026-05-03T20:38:05.5779397Z Selecting previously unselected package libxvidcore4:amd64.
Windows Export	Install Wine	2026-05-03T20:38:05.5926058Z Preparing to unpack .../214-libxvidcore4_2%3a1.3.7-1build1_amd64.deb ...
Windows Export	Install Wine	2026-05-03T20:38:05.5934183Z Unpacking libxvidcore4:amd64 (2:1.3.7-1build1) ...
Windows Export	Install Wine	2026-05-03T20:38:05.6176281Z Selecting previously unselected package libzvbi-common.
Windows Export	Install Wine	2026-05-03T20:38:05.6323593Z Preparing to unpack .../215-libzvbi-common_0.2.42-2_all.deb ...
Windows Export	Install Wine	2026-05-03T20:38:05.6332299Z Unpacking libzvbi-common (0.2.42-2) ...
Windows Export	Install Wine	2026-05-03T20:38:05.6810961Z Selecting previously unselected package libzvbi0t64:amd64.
Windows Export	Install Wine	2026-05-03T20:38:05.6956917Z Preparing to unpack .../216-libzvbi0t64_0.2.42-2_amd64.deb ...
Windows Export	Install Wine	2026-05-03T20:38:05.6964967Z Unpacking libzvbi0t64:amd64 (0.2.42-2) ...
Windows Export	Install Wine	2026-05-03T20:38:05.7227580Z Selecting previously unselected package libavcodec60:amd64.
Windows Export	Install Wine	2026-05-03T20:38:05.7374121Z Preparing to unpack .../217-libavcodec60_7%3a6.1.1-3ubuntu5_amd64.deb ...
Windows Export	Install Wine	2026-05-03T20:38:05.7382151Z Unpacking libavcodec60:amd64 (7:6.1.1-3ubuntu5) ...
Windows Export	Install Wine	2026-05-03T20:38:05.8269049Z Selecting previously unselected package libsamplerate0:amd64.
Windows Export	Install Wine	2026-05-03T20:38:05.8414675Z Preparing to unpack .../218-libsamplerate0_0.2.2-4build1_amd64.deb ...
Windows Export	Install Wine	2026-05-03T20:38:05.8423162Z Unpacking libsamplerate0:amd64 (0.2.2-4build1) ...
Windows Export	Install Wine	2026-05-03T20:38:05.8699650Z Selecting previously unselected package libjack-jackd2-0:amd64.
Windows Export	Install Wine	2026-05-03T20:38:05.8845355Z Preparing to unpack .../219-libjack-jackd2-0_1.9.21~dfsg-3ubuntu3_amd64.deb ...
Windows Export	Install Wine	2026-05-03T20:38:05.8853172Z Unpacking libjack-jackd2-0:amd64 (1.9.21~dfsg-3ubuntu3) ...
Windows Export	Install Wine	2026-05-03T20:38:05.9118140Z Selecting previously unselected package libspeexdsp1:amd64.
Windows Export	Install Wine	2026-05-03T20:38:05.9263108Z Preparing to unpack .../220-libspeexdsp1_1.2.1-1ubuntu3_amd64.deb ...
Windows Export	Install Wine	2026-05-03T20:38:05.9270817Z Unpacking libspeexdsp1:amd64 (1.2.1-1ubuntu3) ...
Windows Export	Install Wine	2026-05-03T20:38:05.9487387Z Selecting previously unselected package libasound2-plugins:amd64.
Windows Export	Install Wine	2026-05-03T20:38:05.9635763Z Preparing to unpack .../221-libasound2-plugins_1.2.7.1-1ubuntu5_amd64.deb ...
Windows Export	Install Wine	2026-05-03T20:38:05.9645909Z Unpacking libasound2-plugins:amd64 (1.2.7.1-1ubuntu5) ...
Windows Export	Install Wine	2026-05-03T20:38:05.9952537Z Selecting previously unselected package libasound2t64:i386.
Windows Export	Install Wine	2026-05-03T20:38:06.0102016Z Preparing to unpack .../222-libasound2t64_1.2.11-1ubuntu0.2_i386.deb ...
Windows Export	Install Wine	2026-05-03T20:38:06.0112096Z Unpacking libasound2t64:i386 (1.2.11-1ubuntu0.2) ...
Windows Export	Install Wine	2026-05-03T20:38:06.0479116Z Selecting previously unselected package libva-drm2:i386.
Windows Export	Install Wine	2026-05-03T20:38:06.0627773Z Preparing to unpack .../223-libva-drm2_2.20.0-2ubuntu0.1_i386.deb ...
Windows Export	Install Wine	2026-05-03T20:38:06.0635494Z Unpacking libva-drm2:i386 (2.20.0-2ubuntu0.1) ...
Windows Export	Install Wine	2026-05-03T20:38:06.0855806Z Selecting previously unselected package libxcb-dri3-0:i386.
Windows Export	Install Wine	2026-05-03T20:38:06.1003143Z Preparing to unpack .../224-libxcb-dri3-0_1.15-1ubuntu2_i386.deb ...
Windows Export	Install Wine	2026-05-03T20:38:06.1013680Z Unpacking libxcb-dri3-0:i386 (1.15-1ubuntu2) ...
Windows Export	Install Wine	2026-05-03T20:38:06.1327028Z Selecting previously unselected package libva-x11-2:i386.
Windows Export	Install Wine	2026-05-03T20:38:06.1471837Z Preparing to unpack .../225-libva-x11-2_2.20.0-2ubuntu0.1_i386.deb ...
Windows Export	Install Wine	2026-05-03T20:38:06.1479404Z Unpacking libva-x11-2:i386 (2.20.0-2ubuntu0.1) ...
Windows Export	Install Wine	2026-05-03T20:38:06.1696119Z Selecting previously unselected package libvdpau1:i386.
Windows Export	Install Wine	2026-05-03T20:38:06.1841921Z Preparing to unpack .../226-libvdpau1_1.5-2build1_i386.deb ...
Windows Export	Install Wine	2026-05-03T20:38:06.1850197Z Unpacking libvdpau1:i386 (1.5-2build1) ...
Windows Export	Install Wine	2026-05-03T20:38:06.2086595Z Selecting previously unselected package ocl-icd-libopencl1:i386.
Windows Export	Install Wine	2026-05-03T20:38:06.2233623Z Preparing to unpack .../227-ocl-icd-libopencl1_2.3.2-1build1_i386.deb ...
Windows Export	Install Wine	2026-05-03T20:38:06.2241453Z Unpacking ocl-icd-libopencl1:i386 (2.3.2-1build1) ...
Windows Export	Install Wine	2026-05-03T20:38:06.2470954Z Selecting previously unselected package libavutil58:i386.
Windows Export	Install Wine	2026-05-03T20:38:06.2615543Z Preparing to unpack .../228-libavutil58_7%3a6.1.1-3ubuntu5_i386.deb ...
Windows Export	Install Wine	2026-05-03T20:38:06.2623901Z Unpacking libavutil58:i386 (7:6.1.1-3ubuntu5) ...
Windows Export	Install Wine	2026-05-03T20:38:06.2875375Z Selecting previously unselected package libcodec2-1.2:i386.
Windows Export	Install Wine	2026-05-03T20:38:06.3020434Z Preparing to unpack .../229-libcodec2-1.2_1.2.0-2build1_i386.deb ...
Windows Export	Install Wine	2026-05-03T20:38:06.3028601Z Unpacking libcodec2-1.2:i386 (1.2.0-2build1) ...
Windows Export	Install Wine	2026-05-03T20:38:06.3758624Z Selecting previously unselected package libdav1d7:i386.
Windows Export	Install Wine	2026-05-03T20:38:06.3905898Z Preparing to unpack .../230-libdav1d7_1.4.1-1build1_i386.deb ...
Windows Export	Install Wine	2026-05-03T20:38:06.3912805Z Unpacking libdav1d7:i386 (1.4.1-1build1) ...
Windows Export	Install Wine	2026-05-03T20:38:06.4170212Z Selecting previously unselected package libgsm1:i386.
Windows Export	Install Wine	2026-05-03T20:38:06.4315361Z Preparing to unpack .../231-libgsm1_1.0.22-1build1_i386.deb ...
Windows Export	Install Wine	2026-05-03T20:38:06.4323171Z Unpacking libgsm1:i386 (1.0.22-1build1) ...
Windows Export	Install Wine	2026-05-03T20:38:06.4537009Z Selecting previously unselected package libopenjp2-7:i386.
Windows Export	Install Wine	2026-05-03T20:38:06.4682314Z Preparing to unpack .../232-libopenjp2-7_2.5.0-2ubuntu0.4_i386.deb ...
Windows Export	Install Wine	2026-05-03T20:38:06.4690506Z Unpacking libopenjp2-7:i386 (2.5.0-2ubuntu0.4) ...
Windows Export	Install Wine	2026-05-03T20:38:06.4992044Z Selecting previously unselected package librsvg2-2:i386.
Windows Export	Install Wine	2026-05-03T20:38:06.5138577Z Preparing to unpack .../233-librsvg2-2_2.58.0+dfsg-1build1_i386.deb ...
Windows Export	Install Wine	2026-05-03T20:38:06.5146704Z Unpacking librsvg2-2:i386 (2.58.0+dfsg-1build1) ...
Windows Export	Install Wine	2026-05-03T20:38:06.5615998Z Selecting previously unselected package libshine3:i386.
Windows Export	Install Wine	2026-05-03T20:38:06.5760824Z Preparing to unpack .../234-libshine3_3.1.1-2build1_i386.deb ...
Windows Export	Install Wine	2026-05-03T20:38:06.5768859Z Unpacking libshine3:i386 (3.1.1-2build1) ...
Windows Export	Install Wine	2026-05-03T20:38:06.5979312Z Selecting previously unselected package libsnappy1v5:i386.
Windows Export	Install Wine	2026-05-03T20:38:06.6127746Z Preparing to unpack .../235-libsnappy1v5_1.1.10-1build1_i386.deb ...
Windows Export	Install Wine	2026-05-03T20:38:06.6134716Z Unpacking libsnappy1v5:i386 (1.1.10-1build1) ...
Windows Export	Install Wine	2026-05-03T20:38:06.6413085Z Selecting previously unselected package libsvtav1enc1d1:i386.
Windows Export	Install Wine	2026-05-03T20:38:06.6563573Z Preparing to unpack .../236-libsvtav1enc1d1_1.7.0+dfsg-2build1_i386.deb ...
Windows Export	Install Wine	2026-05-03T20:38:06.6571499Z Unpacking libsvtav1enc1d1:i386 (1.7.0+dfsg-2build1) ...
Windows Export	Install Wine	2026-05-03T20:38:06.6921826Z Selecting previously unselected package libgomp1:i386.
Windows Export	Install Wine	2026-05-03T20:38:06.7071975Z Preparing to unpack .../237-libgomp1_14.2.0-4ubuntu2~24.04.1_i386.deb ...
Windows Export	Install Wine	2026-05-03T20:38:06.7079620Z Unpacking libgomp1:i386 (14.2.0-4ubuntu2~24.04.1) ...
Windows Export	Install Wine	2026-05-03T20:38:06.7315032Z Selecting previously unselected package libsoxr0:i386.
Windows Export	Install Wine	2026-05-03T20:38:06.7463343Z Preparing to unpack .../238-libsoxr0_0.1.3-4build3_i386.deb ...
Windows Export	Install Wine	2026-05-03T20:38:06.7471743Z Unpacking libsoxr0:i386 (0.1.3-4build3) ...
Windows Export	Install Wine	2026-05-03T20:38:06.7701138Z Selecting previously unselected package libswresample4:i386.
Windows Export	Install Wine	2026-05-03T20:38:06.7847749Z Preparing to unpack .../239-libswresample4_7%3a6.1.1-3ubuntu5_i386.deb ...
Windows Export	Install Wine	2026-05-03T20:38:06.7855329Z Unpacking libswresample4:i386 (7:6.1.1-3ubuntu5) ...
Windows Export	Install Wine	2026-05-03T20:38:06.8087444Z Selecting previously unselected package libwebpmux3:i386.
Windows Export	Install Wine	2026-05-03T20:38:06.8234448Z Preparing to unpack .../240-libwebpmux3_1.3.2-0.4build3_i386.deb ...
Windows Export	Install Wine	2026-05-03T20:38:06.8245441Z Unpacking libwebpmux3:i386 (1.3.2-0.4build3) ...
Windows Export	Install Wine	2026-05-03T20:38:06.8511191Z Selecting previously unselected package libx264-164:i386.
Windows Export	Install Wine	2026-05-03T20:38:06.8658712Z Preparing to unpack .../241-libx264-164_2%3a0.164.3108+git31e19f9-1_i386.deb ...
Windows Export	Install Wine	2026-05-03T20:38:06.8666350Z Unpacking libx264-164:i386 (2:0.164.3108+git31e19f9-1) ...
Windows Export	Install Wine	2026-05-03T20:38:06.9010547Z Selecting previously unselected package libnuma1:i386.
Windows Export	Install Wine	2026-05-03T20:38:06.9158726Z Preparing to unpack .../242-libnuma1_2.0.18-1ubuntu0.24.04.1_i386.deb ...
Windows Export	Install Wine	2026-05-03T20:38:06.9167721Z Unpacking libnuma1:i386 (2.0.18-1ubuntu0.24.04.1) ...
Windows Export	Install Wine	2026-05-03T20:38:06.9447932Z Selecting previously unselected package libx265-199:i386.
Windows Export	Install Wine	2026-05-03T20:38:06.9597776Z Preparing to unpack .../243-libx265-199_3.5-2build1_i386.deb ...
Windows Export	Install Wine	2026-05-03T20:38:06.9607018Z Unpacking libx265-199:i386 (3.5-2build1) ...
Windows Export	Install Wine	2026-05-03T20:38:06.9947026Z Selecting previously unselected package libxvidcore4:i386.
Windows Export	Install Wine	2026-05-03T20:38:07.0097785Z Preparing to unpack .../244-libxvidcore4_2%3a1.3.7-1build1_i386.deb ...
Windows Export	Install Wine	2026-05-03T20:38:07.0106120Z Unpacking libxvidcore4:i386 (2:1.3.7-1build1) ...
Windows Export	Install Wine	2026-05-03T20:38:07.0360541Z Selecting previously unselected package libzvbi0t64:i386.
Windows Export	Install Wine	2026-05-03T20:38:07.0507706Z Preparing to unpack .../245-libzvbi0t64_0.2.42-2_i386.deb ...
Windows Export	Install Wine	2026-05-03T20:38:07.0517721Z Unpacking libzvbi0t64:i386 (0.2.42-2) ...
Windows Export	Install Wine	2026-05-03T20:38:07.0901707Z Selecting previously unselected package libavcodec60:i386.
Windows Export	Install Wine	2026-05-03T20:38:07.1050643Z Preparing to unpack .../246-libavcodec60_7%3a6.1.1-3ubuntu5_i386.deb ...
Windows Export	Install Wine	2026-05-03T20:38:07.1058848Z Unpacking libavcodec60:i386 (7:6.1.1-3ubuntu5) ...
Windows Export	Install Wine	2026-05-03T20:38:07.1959970Z Selecting previously unselected package libsamplerate0:i386.
Windows Export	Install Wine	2026-05-03T20:38:07.2106726Z Preparing to unpack .../247-libsamplerate0_0.2.2-4build1_i386.deb ...
Windows Export	Install Wine	2026-05-03T20:38:07.2114227Z Unpacking libsamplerate0:i386 (0.2.2-4build1) ...
Windows Export	Install Wine	2026-05-03T20:38:07.2392270Z Selecting previously unselected package libjack-jackd2-0:i386.
Windows Export	Install Wine	2026-05-03T20:38:07.2539873Z Preparing to unpack .../248-libjack-jackd2-0_1.9.21~dfsg-3ubuntu3_i386.deb ...
Windows Export	Install Wine	2026-05-03T20:38:07.2547430Z Unpacking libjack-jackd2-0:i386 (1.9.21~dfsg-3ubuntu3) ...
Windows Export	Install Wine	2026-05-03T20:38:07.2844674Z Selecting previously unselected package libspeexdsp1:i386.
Windows Export	Install Wine	2026-05-03T20:38:07.2993935Z Preparing to unpack .../249-libspeexdsp1_1.2.1-1ubuntu3_i386.deb ...
Windows Export	Install Wine	2026-05-03T20:38:07.3001538Z Unpacking libspeexdsp1:i386 (1.2.1-1ubuntu3) ...
Windows Export	Install Wine	2026-05-03T20:38:07.3229892Z Selecting previously unselected package libasound2-plugins:i386.
Windows Export	Install Wine	2026-05-03T20:38:07.3379045Z Preparing to unpack .../250-libasound2-plugins_1.2.7.1-1ubuntu5_i386.deb ...
Windows Export	Install Wine	2026-05-03T20:38:07.3386692Z Unpacking libasound2-plugins:i386 (1.2.7.1-1ubuntu5) ...
Windows Export	Install Wine	2026-05-03T20:38:07.3667733Z Selecting previously unselected package libatk1.0-0t64:i386.
Windows Export	Install Wine	2026-05-03T20:38:07.3816384Z Preparing to unpack .../251-libatk1.0-0t64_2.52.0-1build1_i386.deb ...
Windows Export	Install Wine	2026-05-03T20:38:07.3825050Z Unpacking libatk1.0-0t64:i386 (2.52.0-1build1) ...
Windows Export	Install Wine	2026-05-03T20:38:07.4101333Z Selecting previously unselected package libatspi2.0-0t64:i386.
Windows Export	Install Wine	2026-05-03T20:38:07.4250022Z Preparing to unpack .../252-libatspi2.0-0t64_2.52.0-1build1_i386.deb ...
Windows Export	Install Wine	2026-05-03T20:38:07.4256926Z Unpacking libatspi2.0-0t64:i386 (2.52.0-1build1) ...
Windows Export	Install Wine	2026-05-03T20:38:07.4539888Z Selecting previously unselected package libatk-bridge2.0-0t64:i386.
Windows Export	Install Wine	2026-05-03T20:38:07.4686524Z Preparing to unpack .../253-libatk-bridge2.0-0t64_2.52.0-1build1_i386.deb ...
Windows Export	Install Wine	2026-05-03T20:38:07.4693880Z Unpacking libatk-bridge2.0-0t64:i386 (2.52.0-1build1) ...
Windows Export	Install Wine	2026-05-03T20:38:07.4982754Z Selecting previously unselected package libatomic1:i386.
Windows Export	Install Wine	2026-05-03T20:38:07.5127535Z Preparing to unpack .../254-libatomic1_14.2.0-4ubuntu2~24.04.1_i386.deb ...
Windows Export	Install Wine	2026-05-03T20:38:07.5135218Z Unpacking libatomic1:i386 (14.2.0-4ubuntu2~24.04.1) ...
Windows Export	Install Wine	2026-05-03T20:38:07.5341443Z Selecting previously unselected package libavahi-common-data:i386.
Windows Export	Install Wine	2026-05-03T20:38:07.5486659Z Preparing to unpack .../255-libavahi-common-data_0.8-13ubuntu6.1_i386.deb ...
Windows Export	Install Wine	2026-05-03T20:38:07.5495345Z Unpacking libavahi-common-data:i386 (0.8-13ubuntu6.1) ...
Windows Export	Install Wine	2026-05-03T20:38:07.5756423Z Selecting previously unselected package libavahi-common3:i386.
Windows Export	Install Wine	2026-05-03T20:38:07.5902093Z Preparing to unpack .../256-libavahi-common3_0.8-13ubuntu6.1_i386.deb ...
Windows Export	Install Wine	2026-05-03T20:38:07.5911204Z Unpacking libavahi-common3:i386 (0.8-13ubuntu6.1) ...
Windows Export	Install Wine	2026-05-03T20:38:07.6178136Z Selecting previously unselected package libavahi-client3:i386.
Windows Export	Install Wine	2026-05-03T20:38:07.6323711Z Preparing to unpack .../257-libavahi-client3_0.8-13ubuntu6.1_i386.deb ...
Windows Export	Install Wine	2026-05-03T20:38:07.6330716Z Unpacking libavahi-client3:i386 (0.8-13ubuntu6.1) ...
Windows Export	Install Wine	2026-05-03T20:38:07.6547991Z Selecting previously unselected package libcapi20-3t64:i386.
Windows Export	Install Wine	2026-05-03T20:38:07.6693615Z Preparing to unpack .../258-libcapi20-3t64_1%3a3.27-3.1build1_i386.deb ...
Windows Export	Install Wine	2026-05-03T20:38:07.6700743Z Unpacking libcapi20-3t64:i386 (1:3.27-3.1build1) ...
Windows Export	Install Wine	2026-05-03T20:38:07.6931748Z Selecting previously unselected package libcapi20-3t64:amd64.
Windows Export	Install Wine	2026-05-03T20:38:07.7076205Z Preparing to unpack .../259-libcapi20-3t64_1%3a3.27-3.1build1_amd64.deb ...
Windows Export	Install Wine	2026-05-03T20:38:07.7083322Z Unpacking libcapi20-3t64:amd64 (1:3.27-3.1build1) ...
Windows Export	Install Wine	2026-05-03T20:38:07.7308015Z Selecting previously unselected package liblcms2-2:i386.
Windows Export	Install Wine	2026-05-03T20:38:07.7453645Z Preparing to unpack .../260-liblcms2-2_2.14-2ubuntu0.1_i386.deb ...
Windows Export	Install Wine	2026-05-03T20:38:07.7460678Z Unpacking liblcms2-2:i386 (2.14-2ubuntu0.1) ...
Windows Export	Install Wine	2026-05-03T20:38:07.7686788Z Selecting previously unselected package libcolord2:i386.
Windows Export	Install Wine	2026-05-03T20:38:07.7831950Z Preparing to unpack .../261-libcolord2_1.4.7-1build2_i386.deb ...
Windows Export	Install Wine	2026-05-03T20:38:07.7838750Z Unpacking libcolord2:i386 (1.4.7-1build2) ...
Windows Export	Install Wine	2026-05-03T20:38:07.8174561Z Selecting previously unselected package libcups2t64:i386.
Windows Export	Install Wine	2026-05-03T20:38:07.8320797Z Preparing to unpack .../262-libcups2t64_2.4.7-1.2ubuntu7.9_i386.deb ...
Windows Export	Install Wine	2026-05-03T20:38:07.8329096Z Unpacking libcups2t64:i386 (2.4.7-1.2ubuntu7.9) ...
Windows Export	Install Wine	2026-05-03T20:38:07.8713971Z Selecting previously unselected package libcurl4t64:i386.
Windows Export	Install Wine	2026-05-03T20:38:07.8860122Z Preparing to unpack .../263-libcurl4t64_8.5.0-2ubuntu10.8_i386.deb ...
Windows Export	Install Wine	2026-05-03T20:38:07.8867370Z Unpacking libcurl4t64:i386 (8.5.0-2ubuntu10.8) ...
Windows Export	Install Wine	2026-05-03T20:38:07.9447741Z Selecting previously unselected package libde265-0:i386.
Windows Export	Install Wine	2026-05-03T20:38:07.9592964Z Preparing to unpack .../264-libde265-0_1.0.15-1build3_i386.deb ...
Windows Export	Install Wine	2026-05-03T20:38:07.9601449Z Unpacking libde265-0:i386 (1.0.15-1build3) ...
Windows Export	Install Wine	2026-05-03T20:38:07.9888916Z Selecting previously unselected package libwayland-client0:i386.
Windows Export	Install Wine	2026-05-03T20:38:08.0035084Z Preparing to unpack .../265-libwayland-client0_1.22.0-2.1build1_i386.deb ...
Windows Export	Install Wine	2026-05-03T20:38:08.0042291Z Unpacking libwayland-client0:i386 (1.22.0-2.1build1) ...
Windows Export	Install Wine	2026-05-03T20:38:08.0305220Z Selecting previously unselected package libdecor-0-0:i386.
Windows Export	Install Wine	2026-05-03T20:38:08.0451305Z Preparing to unpack .../266-libdecor-0-0_0.2.2-1build2_i386.deb ...
Windows Export	Install Wine	2026-05-03T20:38:08.0458266Z Unpacking libdecor-0-0:i386 (0.2.2-1build2) ...
Windows Export	Install Wine	2026-05-03T20:38:08.0668518Z Selecting previously unselected package libdecor-0-0:amd64.
Windows Export	Install Wine	2026-05-03T20:38:08.0813534Z Preparing to unpack .../267-libdecor-0-0_0.2.2-1build2_amd64.deb ...
Windows Export	Install Wine	2026-05-03T20:38:08.0821217Z Unpacking libdecor-0-0:amd64 (0.2.2-1build2) ...
Windows Export	Install Wine	2026-05-03T20:38:08.1040706Z Selecting previously unselected package libepoxy0:i386.
Windows Export	Install Wine	2026-05-03T20:38:08.1186729Z Preparing to unpack .../268-libepoxy0_1.5.10-1build1_i386.deb ...
Windows Export	Install Wine	2026-05-03T20:38:08.1194404Z Unpacking libepoxy0:i386 (1.5.10-1build1) ...
Windows Export	Install Wine	2026-05-03T20:38:08.1457638Z Selecting previously unselected package libwayland-cursor0:i386.
Windows Export	Install Wine	2026-05-03T20:38:08.1603789Z Preparing to unpack .../269-libwayland-cursor0_1.22.0-2.1build1_i386.deb ...
Windows Export	Install Wine	2026-05-03T20:38:08.1610788Z Unpacking libwayland-cursor0:i386 (1.22.0-2.1build1) ...
Windows Export	Install Wine	2026-05-03T20:38:08.1865844Z Selecting previously unselected package libwayland-egl1:i386.
Windows Export	Install Wine	2026-05-03T20:38:08.2010777Z Preparing to unpack .../270-libwayland-egl1_1.22.0-2.1build1_i386.deb ...
Windows Export	Install Wine	2026-05-03T20:38:08.2018174Z Unpacking libwayland-egl1:i386 (1.22.0-2.1build1) ...
Windows Export	Install Wine	2026-05-03T20:38:08.2269630Z Selecting previously unselected package libxcomposite1:i386.
Windows Export	Install Wine	2026-05-03T20:38:08.2414628Z Preparing to unpack .../271-libxcomposite1_1%3a0.4.5-1build3_i386.deb ...
Windows Export	Install Wine	2026-05-03T20:38:08.2422519Z Unpacking libxcomposite1:i386 (1:0.4.5-1build3) ...
Windows Export	Install Wine	2026-05-03T20:38:08.2632375Z Selecting previously unselected package libxcursor1:i386.
Windows Export	Install Wine	2026-05-03T20:38:08.2777599Z Preparing to unpack .../272-libxcursor1_1%3a1.2.1-1build1_i386.deb ...
Windows Export	Install Wine	2026-05-03T20:38:08.2786874Z Unpacking libxcursor1:i386 (1:1.2.1-1build1) ...
Windows Export	Install Wine	2026-05-03T20:38:08.3045249Z Selecting previously unselected package libxinerama1:i386.
Windows Export	Install Wine	2026-05-03T20:38:08.3188105Z Preparing to unpack .../273-libxinerama1_2%3a1.1.4-3build1_i386.deb ...
Windows Export	Install Wine	2026-05-03T20:38:08.3195497Z Unpacking libxinerama1:i386 (2:1.1.4-3build1) ...
Windows Export	Install Wine	2026-05-03T20:38:08.3458828Z Selecting previously unselected package libxrandr2:i386.
Windows Export	Install Wine	2026-05-03T20:38:08.3605803Z Preparing to unpack .../274-libxrandr2_2%3a1.5.2-2build1_i386.deb ...
Windows Export	Install Wine	2026-05-03T20:38:08.3613164Z Unpacking libxrandr2:i386 (2:1.5.2-2build1) ...
Windows Export	Install Wine	2026-05-03T20:38:08.3846104Z Selecting previously unselected package libgtk-3-0t64:i386.
Windows Export	Install Wine	2026-05-03T20:38:08.3990250Z Preparing to unpack .../275-libgtk-3-0t64_3.24.41-4ubuntu1.3_i386.deb ...
Windows Export	Install Wine	2026-05-03T20:38:08.4152625Z Unpacking libgtk-3-0t64:i386 (3.24.41-4ubuntu1.3) ...
Windows Export	Install Wine	2026-05-03T20:38:08.5298125Z Selecting previously unselected package libdecor-0-plugin-1-gtk:i386.
Windows Export	Install Wine	2026-05-03T20:38:08.5443270Z Preparing to unpack .../276-libdecor-0-plugin-1-gtk_0.2.2-1build2_i386.deb ...
Windows Export	Install Wine	2026-05-03T20:38:08.5450866Z Unpacking libdecor-0-plugin-1-gtk:i386 (0.2.2-1build2) ...
Windows Export	Install Wine	2026-05-03T20:38:08.5658861Z Selecting previously unselected package libdecor-0-plugin-1-gtk:amd64.
Windows Export	Install Wine	2026-05-03T20:38:08.5802968Z Preparing to unpack .../277-libdecor-0-plugin-1-gtk_0.2.2-1build2_amd64.deb ...
Windows Export	Install Wine	2026-05-03T20:38:08.5817093Z Unpacking libdecor-0-plugin-1-gtk:amd64 (0.2.2-1build2) ...
Windows Export	Install Wine	2026-05-03T20:38:08.6035296Z Selecting previously unselected package libdrm-amdgpu1:i386.
Windows Export	Install Wine	2026-05-03T20:38:08.6179665Z Preparing to unpack .../278-libdrm-amdgpu1_2.4.125-1ubuntu0.1~24.04.1_i386.deb ...
Windows Export	Install Wine	2026-05-03T20:38:08.6186246Z Unpacking libdrm-amdgpu1:i386 (2.4.125-1ubuntu0.1~24.04.1) ...
Windows Export	Install Wine	2026-05-03T20:38:08.6402869Z Selecting previously unselected package libpciaccess0:i386.
Windows Export	Install Wine	2026-05-03T20:38:08.6547901Z Preparing to unpack .../279-libpciaccess0_0.17-3ubuntu0.24.04.2_i386.deb ...
Windows Export	Install Wine	2026-05-03T20:38:08.6555587Z Unpacking libpciaccess0:i386 (0.17-3ubuntu0.24.04.2) ...
Windows Export	Install Wine	2026-05-03T20:38:08.8202502Z Selecting previously unselected package libdrm-intel1:i386.
Windows Export	Install Wine	2026-05-03T20:38:08.8348726Z Preparing to unpack .../280-libdrm-intel1_2.4.125-1ubuntu0.1~24.04.1_i386.deb ...
Windows Export	Install Wine	2026-05-03T20:38:08.8357913Z Unpacking libdrm-intel1:i386 (2.4.125-1ubuntu0.1~24.04.1) ...
Windows Export	Install Wine	2026-05-03T20:38:08.8625834Z Selecting previously unselected package libexif12:i386.
Windows Export	Install Wine	2026-05-03T20:38:08.8770525Z Preparing to unpack .../281-libexif12_0.6.24-1build2_i386.deb ...
Windows Export	Install Wine	2026-05-03T20:38:08.8777864Z Unpacking libexif12:i386 (0.6.24-1build2) ...
Windows Export	Install Wine	2026-05-03T20:38:08.9001407Z Selecting previously unselected package libexif12:amd64.
Windows Export	Install Wine	2026-05-03T20:38:08.9144190Z Preparing to unpack .../282-libexif12_0.6.24-1build2_amd64.deb ...
Windows Export	Install Wine	2026-05-03T20:38:08.9151261Z Unpacking libexif12:amd64 (0.6.24-1build2) ...
Windows Export	Install Wine	2026-05-03T20:38:08.9371465Z Selecting previously unselected package libllvm20:i386.
Windows Export	Install Wine	2026-05-03T20:38:08.9516249Z Preparing to unpack .../283-libllvm20_1%3a20.1.2-0ubuntu1~24.04.2_i386.deb ...
Windows Export	Install Wine	2026-05-03T20:38:08.9523601Z Unpacking libllvm20:i386 (1:20.1.2-0ubuntu1~24.04.2) ...
Windows Export	Install Wine	2026-05-03T20:38:09.5952637Z Selecting previously unselected package libxcb-present0:i386.
Windows Export	Install Wine	2026-05-03T20:38:09.6098671Z Preparing to unpack .../284-libxcb-present0_1.15-1ubuntu2_i386.deb ...
Windows Export	Install Wine	2026-05-03T20:38:09.6106550Z Unpacking libxcb-present0:i386 (1.15-1ubuntu2) ...
Windows Export	Install Wine	2026-05-03T20:38:09.6362872Z Selecting previously unselected package libxcb-randr0:i386.
Windows Export	Install Wine	2026-05-03T20:38:09.6505895Z Preparing to unpack .../285-libxcb-randr0_1.15-1ubuntu2_i386.deb ...
Windows Export	Install Wine	2026-05-03T20:38:09.6513341Z Unpacking libxcb-randr0:i386 (1.15-1ubuntu2) ...
Windows Export	Install Wine	2026-05-03T20:38:09.6766048Z Selecting previously unselected package libxcb-sync1:i386.
Windows Export	Install Wine	2026-05-03T20:38:09.6908491Z Preparing to unpack .../286-libxcb-sync1_1.15-1ubuntu2_i386.deb ...
Windows Export	Install Wine	2026-05-03T20:38:09.6917252Z Unpacking libxcb-sync1:i386 (1.15-1ubuntu2) ...
Windows Export	Install Wine	2026-05-03T20:38:09.7200423Z Selecting previously unselected package libxcb-xfixes0:i386.
Windows Export	Install Wine	2026-05-03T20:38:09.7343458Z Preparing to unpack .../287-libxcb-xfixes0_1.15-1ubuntu2_i386.deb ...
Windows Export	Install Wine	2026-05-03T20:38:09.7352096Z Unpacking libxcb-xfixes0:i386 (1.15-1ubuntu2) ...
Windows Export	Install Wine	2026-05-03T20:38:09.7609063Z Selecting previously unselected package libxshmfence1:i386.
Windows Export	Install Wine	2026-05-03T20:38:09.7754330Z Preparing to unpack .../288-libxshmfence1_1.3-1build5_i386.deb ...
Windows Export	Install Wine	2026-05-03T20:38:09.7761580Z Unpacking libxshmfence1:i386 (1.3-1build5) ...
Windows Export	Install Wine	2026-05-03T20:38:09.7979633Z Selecting previously unselected package mesa-libgallium:i386.
Windows Export	Install Wine	2026-05-03T20:38:09.8124866Z Preparing to unpack .../289-mesa-libgallium_25.2.8-0ubuntu0.24.04.1_i386.deb ...
Windows Export	Install Wine	2026-05-03T20:38:09.8134174Z Unpacking mesa-libgallium:i386 (25.2.8-0ubuntu0.24.04.1) ...
Windows Export	Install Wine	2026-05-03T20:38:09.9988446Z Selecting previously unselected package libgbm1:i386.
Windows Export	Install Wine	2026-05-03T20:38:10.0133934Z Preparing to unpack .../290-libgbm1_25.2.8-0ubuntu0.24.04.1_i386.deb ...
Windows Export	Install Wine	2026-05-03T20:38:10.0141307Z Unpacking libgbm1:i386 (25.2.8-0ubuntu0.24.04.1) ...
Windows Export	Install Wine	2026-05-03T20:38:10.0408877Z Selecting previously unselected package libheif-plugin-aomdec:i386.
Windows Export	Install Wine	2026-05-03T20:38:10.0553415Z Preparing to unpack .../291-libheif-plugin-aomdec_1.17.6-1ubuntu4.2_i386.deb ...
Windows Export	Install Wine	2026-05-03T20:38:10.0560439Z Unpacking libheif-plugin-aomdec:i386 (1.17.6-1ubuntu4.2) ...
Windows Export	Install Wine	2026-05-03T20:38:10.0772045Z Selecting previously unselected package libheif-plugin-libde265:i386.
Windows Export	Install Wine	2026-05-03T20:38:10.0917610Z Preparing to unpack .../292-libheif-plugin-libde265_1.17.6-1ubuntu4.2_i386.deb ...
Windows Export	Install Wine	2026-05-03T20:38:10.0925502Z Unpacking libheif-plugin-libde265:i386 (1.17.6-1ubuntu4.2) ...
Windows Export	Install Wine	2026-05-03T20:38:10.1180246Z Selecting previously unselected package libheif1:i386.
Windows Export	Install Wine	2026-05-03T20:38:10.1324582Z Preparing to unpack .../293-libheif1_1.17.6-1ubuntu4.2_i386.deb ...
Windows Export	Install Wine	2026-05-03T20:38:10.1331770Z Unpacking libheif1:i386 (1.17.6-1ubuntu4.2) ...
Windows Export	Install Wine	2026-05-03T20:38:10.1622690Z Selecting previously unselected package libxpm4:i386.
Windows Export	Install Wine	2026-05-03T20:38:10.1769678Z Preparing to unpack .../294-libxpm4_1%3a3.5.17-1build2_i386.deb ...
Windows Export	Install Wine	2026-05-03T20:38:10.1777341Z Unpacking libxpm4:i386 (1:3.5.17-1build2) ...
Windows Export	Install Wine	2026-05-03T20:38:10.2043479Z Selecting previously unselected package libgd3:i386.
Windows Export	Install Wine	2026-05-03T20:38:10.2189239Z Preparing to unpack .../295-libgd3_2.3.3-9ubuntu5_i386.deb ...
Windows Export	Install Wine	2026-05-03T20:38:10.2197052Z Unpacking libgd3:i386 (2.3.3-9ubuntu5) ...
Windows Export	Install Wine	2026-05-03T20:38:10.2469236Z Selecting previously unselected package libgdk-pixbuf2.0-bin.
Windows Export	Install Wine	2026-05-03T20:38:10.2615132Z Preparing to unpack .../296-libgdk-pixbuf2.0-bin_2.42.10+dfsg-3ubuntu3.3_amd64.deb ...
Windows Export	Install Wine	2026-05-03T20:38:10.2622941Z Unpacking libgdk-pixbuf2.0-bin (2.42.10+dfsg-3ubuntu3.3) ...
Windows Export	Install Wine	2026-05-03T20:38:10.2868104Z Selecting previously unselected package libvulkan1:i386.
Windows Export	Install Wine	2026-05-03T20:38:10.3014541Z Preparing to unpack .../297-libvulkan1_1.3.275.0-1build1_i386.deb ...
Windows Export	Install Wine	2026-05-03T20:38:10.3021915Z Unpacking libvulkan1:i386 (1.3.275.0-1build1) ...
Windows Export	Install Wine	2026-05-03T20:38:10.3322387Z Selecting previously unselected package libgl1-mesa-dri:i386.
Windows Export	Install Wine	2026-05-03T20:38:10.3470041Z Preparing to unpack .../298-libgl1-mesa-dri_25.2.8-0ubuntu0.24.04.1_i386.deb ...
Windows Export	Install Wine	2026-05-03T20:38:10.3536328Z Unpacking libgl1-mesa-dri:i386 (25.2.8-0ubuntu0.24.04.1) ...
Windows Export	Install Wine	2026-05-03T20:38:10.3887631Z Selecting previously unselected package libxcb-glx0:i386.
Windows Export	Install Wine	2026-05-03T20:38:10.4036465Z Preparing to unpack .../299-libxcb-glx0_1.15-1ubuntu2_i386.deb ...
Windows Export	Install Wine	2026-05-03T20:38:10.4045222Z Unpacking libxcb-glx0:i386 (1.15-1ubuntu2) ...
Windows Export	Install Wine	2026-05-03T20:38:10.4319709Z Selecting previously unselected package libxxf86vm1:i386.
Windows Export	Install Wine	2026-05-03T20:38:10.4468987Z Preparing to unpack .../300-libxxf86vm1_1%3a1.1.4-1build4_i386.deb ...
Windows Export	Install Wine	2026-05-03T20:38:10.4477941Z Unpacking libxxf86vm1:i386 (1:1.1.4-1build4) ...
Windows Export	Install Wine	2026-05-03T20:38:10.4745562Z Selecting previously unselected package libglx-mesa0:i386.
Windows Export	Install Wine	2026-05-03T20:38:10.4892887Z Preparing to unpack .../301-libglx-mesa0_25.2.8-0ubuntu0.24.04.1_i386.deb ...
Windows Export	Install Wine	2026-05-03T20:38:10.4900801Z Unpacking libglx-mesa0:i386 (25.2.8-0ubuntu0.24.04.1) ...
Windows Export	Install Wine	2026-05-03T20:38:10.5193263Z Selecting previously unselected package libgphoto2-port12t64:amd64.
Windows Export	Install Wine	2026-05-03T20:38:10.5340069Z Preparing to unpack .../302-libgphoto2-port12t64_2.5.31-2.1ubuntu1_amd64.deb ...
Windows Export	Install Wine	2026-05-03T20:38:10.5347751Z Unpacking libgphoto2-port12t64:amd64 (2.5.31-2.1ubuntu1) ...
Windows Export	Install Wine	2026-05-03T20:38:10.5613262Z Selecting previously unselected package libgphoto2-6t64:amd64.
Windows Export	Install Wine	2026-05-03T20:38:10.5759559Z Preparing to unpack .../303-libgphoto2-6t64_2.5.31-2.1ubuntu1_amd64.deb ...
Windows Export	Install Wine	2026-05-03T20:38:10.5794248Z Unpacking libgphoto2-6t64:amd64 (2.5.31-2.1ubuntu1) ...
Windows Export	Install Wine	2026-05-03T20:38:10.6238463Z Selecting previously unselected package libltdl7:i386.
Windows Export	Install Wine	2026-05-03T20:38:10.6387358Z Preparing to unpack .../304-libltdl7_2.4.7-7build1_i386.deb ...
Windows Export	Install Wine	2026-05-03T20:38:10.6395224Z Unpacking libltdl7:i386 (2.4.7-7build1) ...
Windows Export	Install Wine	2026-05-03T20:38:10.6627022Z Selecting previously unselected package libgphoto2-port12t64:i386.
Windows Export	Install Wine	2026-05-03T20:38:10.6771965Z Preparing to unpack .../305-libgphoto2-port12t64_2.5.31-2.1ubuntu1_i386.deb ...
Windows Export	Install Wine	2026-05-03T20:38:10.6779130Z Unpacking libgphoto2-port12t64:i386 (2.5.31-2.1ubuntu1) ...
Windows Export	Install Wine	2026-05-03T20:38:10.7023656Z Selecting previously unselected package libgphoto2-6t64:i386.
Windows Export	Install Wine	2026-05-03T20:38:10.7166920Z Preparing to unpack .../306-libgphoto2-6t64_2.5.31-2.1ubuntu1_i386.deb ...
Windows Export	Install Wine	2026-05-03T20:38:10.7198196Z Unpacking libgphoto2-6t64:i386 (2.5.31-2.1ubuntu1) ...
Windows Export	Install Wine	2026-05-03T20:38:10.7538489Z Selecting previously unselected package libgphoto2-l10n.
Windows Export	Install Wine	2026-05-03T20:38:10.7684175Z Preparing to unpack .../307-libgphoto2-l10n_2.5.31-2.1ubuntu1_all.deb ...
Windows Export	Install Wine	2026-05-03T20:38:10.7690809Z Unpacking libgphoto2-l10n (2.5.31-2.1ubuntu1) ...
Windows Export	Install Wine	2026-05-03T20:38:10.7897849Z Selecting previously unselected package libgtk-3-bin.
Windows Export	Install Wine	2026-05-03T20:38:10.8045853Z Preparing to unpack .../308-libgtk-3-bin_3.24.41-4ubuntu1.3_amd64.deb ...
Windows Export	Install Wine	2026-05-03T20:38:10.8052760Z Unpacking libgtk-3-bin (3.24.41-4ubuntu1.3) ...
Windows Export	Install Wine	2026-05-03T20:38:10.8323146Z Selecting previously unselected package libheif-plugin-aomenc:i386.
Windows Export	Install Wine	2026-05-03T20:38:10.8470338Z Preparing to unpack .../309-libheif-plugin-aomenc_1.17.6-1ubuntu4.2_i386.deb ...
Windows Export	Install Wine	2026-05-03T20:38:10.8477556Z Unpacking libheif-plugin-aomenc:i386 (1.17.6-1ubuntu4.2) ...
Windows Export	Install Wine	2026-05-03T20:38:10.8698698Z Selecting previously unselected package libodbc2:i386.
Windows Export	Install Wine	2026-05-03T20:38:10.8845591Z Preparing to unpack .../310-libodbc2_2.3.12-1ubuntu0.24.04.1_i386.deb ...
Windows Export	Install Wine	2026-05-03T20:38:10.8853929Z Unpacking libodbc2:i386 (2.3.12-1ubuntu0.24.04.1) ...
Windows Export	Install Wine	2026-05-03T20:38:10.9239683Z Selecting previously unselected package libpcsclite1:i386.
Windows Export	Install Wine	2026-05-03T20:38:10.9388602Z Preparing to unpack .../311-libpcsclite1_2.0.3-1build1_i386.deb ...
Windows Export	Install Wine	2026-05-03T20:38:10.9397141Z Unpacking libpcsclite1:i386 (2.0.3-1build1) ...
Windows Export	Install Wine	2026-05-03T20:38:10.9623250Z Selecting previously unselected package libpcsclite1:amd64.
Windows Export	Install Wine	2026-05-03T20:38:10.9774290Z Preparing to unpack .../312-libpcsclite1_2.0.3-1build1_amd64.deb ...
Windows Export	Install Wine	2026-05-03T20:38:10.9783103Z Unpacking libpcsclite1:amd64 (2.0.3-1build1) ...
Windows Export	Install Wine	2026-05-03T20:38:11.0003103Z Selecting previously unselected package librsvg2-common:amd64.
Windows Export	Install Wine	2026-05-03T20:38:11.0151582Z Preparing to unpack .../313-librsvg2-common_2.58.0+dfsg-1build1_amd64.deb ...
Windows Export	Install Wine	2026-05-03T20:38:11.0159967Z Unpacking librsvg2-common:amd64 (2.58.0+dfsg-1build1) ...
Windows Export	Install Wine	2026-05-03T20:38:11.0385564Z Selecting previously unselected package librsvg2-common:i386.
Windows Export	Install Wine	2026-05-03T20:38:11.0532865Z Preparing to unpack .../314-librsvg2-common_2.58.0+dfsg-1build1_i386.deb ...
Windows Export	Install Wine	2026-05-03T20:38:11.0540283Z Unpacking librsvg2-common:i386 (2.58.0+dfsg-1build1) ...
Windows Export	Install Wine	2026-05-03T20:38:11.0770373Z Selecting previously unselected package libsasl2-modules:i386.
Windows Export	Install Wine	2026-05-03T20:38:11.0917279Z Preparing to unpack .../315-libsasl2-modules_2.1.28+dfsg1-5ubuntu3.1_i386.deb ...
Windows Export	Install Wine	2026-05-03T20:38:11.0986439Z Unpacking libsasl2-modules:i386 (2.1.28+dfsg1-5ubuntu3.1) ...
Windows Export	Install Wine	2026-05-03T20:38:11.1289497Z Selecting previously unselected package libxss1:i386.
Windows Export	Install Wine	2026-05-03T20:38:11.1435772Z Preparing to unpack .../316-libxss1_1%3a1.2.3-1build3_i386.deb ...
Windows Export	Install Wine	2026-05-03T20:38:11.1443139Z Unpacking libxss1:i386 (1:1.2.3-1build3) ...
Windows Export	Install Wine	2026-05-03T20:38:11.1763992Z Selecting previously unselected package libsdl2-2.0-0:i386.
Windows Export	Install Wine	2026-05-03T20:38:11.1910715Z Preparing to unpack .../317-libsdl2-2.0-0_2.30.0+dfsg-1ubuntu3.1_i386.deb ...
Windows Export	Install Wine	2026-05-03T20:38:11.1919460Z Unpacking libsdl2-2.0-0:i386 (2.30.0+dfsg-1ubuntu3.1) ...
Windows Export	Install Wine	2026-05-03T20:38:11.2234064Z Selecting previously unselected package libsdl2-2.0-0:amd64.
Windows Export	Install Wine	2026-05-03T20:38:11.2380671Z Preparing to unpack .../318-libsdl2-2.0-0_2.30.0+dfsg-1ubuntu3.1_amd64.deb ...
Windows Export	Install Wine	2026-05-03T20:38:11.2388810Z Unpacking libsdl2-2.0-0:amd64 (2.30.0+dfsg-1ubuntu3.1) ...
Windows Export	Install Wine	2026-05-03T20:38:11.2697537Z Selecting previously unselected package libxkbregistry0:amd64.
Windows Export	Install Wine	2026-05-03T20:38:11.2843290Z Preparing to unpack .../319-libxkbregistry0_1.6.0-1build1_amd64.deb ...
Windows Export	Install Wine	2026-05-03T20:38:11.2851727Z Unpacking libxkbregistry0:amd64 (1.6.0-1build1) ...
Windows Export	Install Wine	2026-05-03T20:38:11.3066571Z Selecting previously unselected package libz-mingw-w64.
Windows Export	Install Wine	2026-05-03T20:38:11.3213162Z Preparing to unpack .../320-libz-mingw-w64_1.3.1+dfsg-1_all.deb ...
Windows Export	Install Wine	2026-05-03T20:38:11.3220843Z Unpacking libz-mingw-w64 (1.3.1+dfsg-1) ...
Windows Export	Install Wine	2026-05-03T20:38:11.3467837Z Selecting previously unselected package libwine:amd64.
Windows Export	Install Wine	2026-05-03T20:38:11.3613949Z Preparing to unpack .../321-libwine_9.0~repack-4build3_amd64.deb ...
Windows Export	Install Wine	2026-05-03T20:38:11.3622472Z Unpacking libwine:amd64 (9.0~repack-4build3) ...
Windows Export	Install Wine	2026-05-03T20:38:13.5468924Z Selecting previously unselected package libxkbregistry0:i386.
Windows Export	Install Wine	2026-05-03T20:38:13.5618074Z Preparing to unpack .../322-libxkbregistry0_1.6.0-1build1_i386.deb ...
Windows Export	Install Wine	2026-05-03T20:38:13.5626230Z Unpacking libxkbregistry0:i386 (1.6.0-1build1) ...
Windows Export	Install Wine	2026-05-03T20:38:13.5837254Z Selecting previously unselected package libwine:i386.
Windows Export	Install Wine	2026-05-03T20:38:13.5981969Z Preparing to unpack .../323-libwine_9.0~repack-4build3_i386.deb ...
Windows Export	Install Wine	2026-05-03T20:38:13.5988497Z Unpacking libwine:i386 (9.0~repack-4build3) ...
Windows Export	Install Wine	2026-05-03T20:38:15.5401267Z Selecting previously unselected package mesa-va-drivers:amd64.
Windows Export	Install Wine	2026-05-03T20:38:15.5553865Z Preparing to unpack .../324-mesa-va-drivers_25.2.8-0ubuntu0.24.04.1_amd64.deb ...
Windows Export	Install Wine	2026-05-03T20:38:15.5560997Z Unpacking mesa-va-drivers:amd64 (25.2.8-0ubuntu0.24.04.1) ...
Windows Export	Install Wine	2026-05-03T20:38:15.5771949Z Selecting previously unselected package mesa-va-drivers:i386.
Windows Export	Install Wine	2026-05-03T20:38:15.5916902Z Preparing to unpack .../325-mesa-va-drivers_25.2.8-0ubuntu0.24.04.1_i386.deb ...
Windows Export	Install Wine	2026-05-03T20:38:15.5924691Z Unpacking mesa-va-drivers:i386 (25.2.8-0ubuntu0.24.04.1) ...
Windows Export	Install Wine	2026-05-03T20:38:15.6123963Z Selecting previously unselected package mesa-vdpau-drivers:i386.
Windows Export	Install Wine	2026-05-03T20:38:15.6267123Z Preparing to unpack .../326-mesa-vdpau-drivers_25.2.8-0ubuntu0.24.04.1_i386.deb ...
Windows Export	Install Wine	2026-05-03T20:38:15.6273725Z Unpacking mesa-vdpau-drivers:i386 (25.2.8-0ubuntu0.24.04.1) ...
Windows Export	Install Wine	2026-05-03T20:38:15.6487027Z Selecting previously unselected package mesa-vdpau-drivers:amd64.
Windows Export	Install Wine	2026-05-03T20:38:15.6631087Z Preparing to unpack .../327-mesa-vdpau-drivers_25.2.8-0ubuntu0.24.04.1_amd64.deb ...
Windows Export	Install Wine	2026-05-03T20:38:15.6637607Z Unpacking mesa-vdpau-drivers:amd64 (25.2.8-0ubuntu0.24.04.1) ...
Windows Export	Install Wine	2026-05-03T20:38:15.6852425Z Selecting previously unselected package mesa-vulkan-drivers:i386.
Windows Export	Install Wine	2026-05-03T20:38:15.6996141Z Preparing to unpack .../328-mesa-vulkan-drivers_25.2.8-0ubuntu0.24.04.1_i386.deb ...
Windows Export	Install Wine	2026-05-03T20:38:15.7003476Z Unpacking mesa-vulkan-drivers:i386 (25.2.8-0ubuntu0.24.04.1) ...
Windows Export	Install Wine	2026-05-03T20:38:15.9787421Z Selecting previously unselected package i965-va-driver:i386.
Windows Export	Install Wine	2026-05-03T20:38:15.9934417Z Preparing to unpack .../329-i965-va-driver_2.4.1+dfsg1-1ubuntu0.1_i386.deb ...
Windows Export	Install Wine	2026-05-03T20:38:15.9940893Z Unpacking i965-va-driver:i386 (2.4.1+dfsg1-1ubuntu0.1) ...
Windows Export	Install Wine	2026-05-03T20:38:16.0217350Z Selecting previously unselected package va-driver-all:i386.
Windows Export	Install Wine	2026-05-03T20:38:16.0363256Z Preparing to unpack .../330-va-driver-all_2.20.0-2ubuntu0.1_i386.deb ...
Windows Export	Install Wine	2026-05-03T20:38:16.0371959Z Unpacking va-driver-all:i386 (2.20.0-2ubuntu0.1) ...
Windows Export	Install Wine	2026-05-03T20:38:16.0575259Z Selecting previously unselected package i965-va-driver:amd64.
Windows Export	Install Wine	2026-05-03T20:38:16.0722339Z Preparing to unpack .../331-i965-va-driver_2.4.1+dfsg1-1ubuntu0.1_amd64.deb ...
Windows Export	Install Wine	2026-05-03T20:38:16.0729937Z Unpacking i965-va-driver:amd64 (2.4.1+dfsg1-1ubuntu0.1) ...
Windows Export	Install Wine	2026-05-03T20:38:16.1004088Z Selecting previously unselected package va-driver-all:amd64.
Windows Export	Install Wine	2026-05-03T20:38:16.1152879Z Preparing to unpack .../332-va-driver-all_2.20.0-2ubuntu0.1_amd64.deb ...
Windows Export	Install Wine	2026-05-03T20:38:16.1161490Z Unpacking va-driver-all:amd64 (2.20.0-2ubuntu0.1) ...
Windows Export	Install Wine	2026-05-03T20:38:16.1370060Z Selecting previously unselected package vdpau-driver-all:i386.
Windows Export	Install Wine	2026-05-03T20:38:16.1516617Z Preparing to unpack .../333-vdpau-driver-all_1.5-2build1_i386.deb ...
Windows Export	Install Wine	2026-05-03T20:38:16.1523740Z Unpacking vdpau-driver-all:i386 (1.5-2build1) ...
Windows Export	Install Wine	2026-05-03T20:38:16.1727992Z Selecting previously unselected package vdpau-driver-all:amd64.
Windows Export	Install Wine	2026-05-03T20:38:16.1874199Z Preparing to unpack .../334-vdpau-driver-all_1.5-2build1_amd64.deb ...
Windows Export	Install Wine	2026-05-03T20:38:16.1881867Z Unpacking vdpau-driver-all:amd64 (1.5-2build1) ...
Windows Export	Install Wine	2026-05-03T20:38:16.2082930Z Selecting previously unselected package wine64.
Windows Export	Install Wine	2026-05-03T20:38:16.2228858Z Preparing to unpack .../335-wine64_9.0~repack-4build3_amd64.deb ...
Windows Export	Install Wine	2026-05-03T20:38:16.2238668Z Unpacking wine64 (9.0~repack-4build3) ...
Windows Export	Install Wine	2026-05-03T20:38:16.2487383Z Selecting previously unselected package wine32:i386.
Windows Export	Install Wine	2026-05-03T20:38:16.2633860Z Preparing to unpack .../336-wine32_9.0~repack-4build3_i386.deb ...
Windows Export	Install Wine	2026-05-03T20:38:16.2642029Z Unpacking wine32:i386 (9.0~repack-4build3) ...
Windows Export	Install Wine	2026-05-03T20:38:16.2901194Z Selecting previously unselected package wine.
Windows Export	Install Wine	2026-05-03T20:38:16.3048654Z Preparing to unpack .../337-wine_9.0~repack-4build3_all.deb ...
Windows Export	Install Wine	2026-05-03T20:38:16.3056992Z Unpacking wine (9.0~repack-4build3) ...
Windows Export	Install Wine	2026-05-03T20:38:16.3428948Z Selecting previously unselected package libglvnd0:i386.
Windows Export	Install Wine	2026-05-03T20:38:16.3576451Z Preparing to unpack .../338-libglvnd0_1.7.0-1build1_i386.deb ...
Windows Export	Install Wine	2026-05-03T20:38:16.3585551Z Unpacking libglvnd0:i386 (1.7.0-1build1) ...
Windows Export	Install Wine	2026-05-03T20:38:16.3884047Z Selecting previously unselected package libglx0:i386.
Windows Export	Install Wine	2026-05-03T20:38:16.4030345Z Preparing to unpack .../339-libglx0_1.7.0-1build1_i386.deb ...
Windows Export	Install Wine	2026-05-03T20:38:16.4040208Z Unpacking libglx0:i386 (1.7.0-1build1) ...
Windows Export	Install Wine	2026-05-03T20:38:16.4275528Z Selecting previously unselected package libgl1:i386.
Windows Export	Install Wine	2026-05-03T20:38:16.4420570Z Preparing to unpack .../340-libgl1_1.7.0-1build1_i386.deb ...
Windows Export	Install Wine	2026-05-03T20:38:16.4428643Z Unpacking libgl1:i386 (1.7.0-1build1) ...
Windows Export	Install Wine	2026-05-03T20:38:16.4660581Z Selecting previously unselected package libosmesa6:i386.
Windows Export	Install Wine	2026-05-03T20:38:16.4810488Z Preparing to unpack .../341-libosmesa6_25.1.7-1ubuntu2~24.04.1_i386.deb ...
Windows Export	Install Wine	2026-05-03T20:38:16.4818636Z Unpacking libosmesa6:i386 (25.1.7-1ubuntu2~24.04.1) ...
Windows Export	Install Wine	2026-05-03T20:38:16.5582167Z Selecting previously unselected package libosmesa6:amd64.
Windows Export	Install Wine	2026-05-03T20:38:16.5728975Z Preparing to unpack .../342-libosmesa6_25.1.7-1ubuntu2~24.04.1_amd64.deb ...
Windows Export	Install Wine	2026-05-03T20:38:16.5736730Z Unpacking libosmesa6:amd64 (25.1.7-1ubuntu2~24.04.1) ...
Windows Export	Install Wine	2026-05-03T20:38:16.6785610Z Setting up libhwy1t64:amd64 (1.0.7-8.1build1) ...
Windows Export	Install Wine	2026-05-03T20:38:16.6811419Z Setting up liblcms2-2:amd64 (2.14-2ubuntu0.1) ...
Windows Export	Install Wine	2026-05-03T20:38:16.6831866Z Setting up libcdparanoia0:amd64 (3.10.2+debian-14build3) ...
Windows Export	Install Wine	2026-05-03T20:38:16.6852254Z Setting up session-migration (0.3.9build1) ...
Windows Export	Install Wine	2026-05-03T20:38:16.7986364Z Created symlink /etc/systemd/user/graphical-session-pre.target.wants/session-migration.service → /usr/lib/systemd/user/session-migration.service.
Windows Export	Install Wine	2026-05-03T20:38:16.7987114Z 
Windows Export	Install Wine	2026-05-03T20:38:16.8021805Z Setting up libraw1394-11:amd64 (2.1.2-2build3) ...
Windows Export	Install Wine	2026-05-03T20:38:16.8046343Z Setting up libproxy1v5:amd64 (0.5.4-4build1) ...
Windows Export	Install Wine	2026-05-03T20:38:16.8067253Z Setting up libtag1v5-vanilla:amd64 (1.13.1-1build1) ...
Windows Export	Install Wine	2026-05-03T20:38:16.8087531Z Setting up libspeex1:amd64 (1.2.1-2ubuntu2.24.04.1) ...
Windows Export	Install Wine	2026-05-03T20:38:16.8105612Z Setting up libshine3:amd64 (3.1.1-2build1) ...
Windows Export	Install Wine	2026-05-03T20:38:16.8126638Z Setting up libcaca0:amd64 (0.99.beta20-4ubuntu0.1) ...
Windows Export	Install Wine	2026-05-03T20:38:16.8147870Z Setting up libvpl2 (2023.3.0-1build1) ...
Windows Export	Install Wine	2026-05-03T20:38:16.8166947Z Setting up libv4lconvert0t64:amd64 (1.26.1-4build3) ...
Windows Export	Install Wine	2026-05-03T20:38:16.8185491Z Setting up libx264-164:amd64 (2:0.164.3108+git31e19f9-1) ...
Windows Export	Install Wine	2026-05-03T20:38:16.8204522Z Setting up libtwolame0:amd64 (0.4.0-2build3) ...
Windows Export	Install Wine	2026-05-03T20:38:16.8225044Z Setting up libgsm1:amd64 (1.0.22-1build1) ...
Windows Export	Install Wine	2026-05-03T20:38:16.8243052Z Setting up gcc-14-base:i386 (14.2.0-4ubuntu2~24.04.1) ...
Windows Export	Install Wine	2026-05-03T20:38:16.8261481Z Setting up libvisual-0.4-0:amd64 (0.4.2-2build1) ...
Windows Export	Install Wine	2026-05-03T20:38:16.8280748Z Setting up libsoxr0:amd64 (0.1.3-4build3) ...
Windows Export	Install Wine	2026-05-03T20:38:16.8305440Z Setting up libcodec2-1.2:amd64 (1.2.0-2build1) ...
Windows Export	Install Wine	2026-05-03T20:38:16.8329490Z Setting up libgtk-3-bin (3.24.41-4ubuntu1.3) ...
Windows Export	Install Wine	2026-05-03T20:38:16.8352426Z Setting up libsvtav1enc1d1:amd64 (1.7.0+dfsg-2build1) ...
Windows Export	Install Wine	2026-05-03T20:38:16.8372265Z Setting up libigdgmm12:amd64 (22.3.17+ds1-1ubuntu1) ...
Windows Export	Install Wine	2026-05-03T20:38:16.8396652Z Setting up libsoup-3.0-common (3.4.4-5ubuntu0.7) ...
Windows Export	Install Wine	2026-05-03T20:38:16.8415736Z Setting up libmpg123-0t64:amd64 (1.32.5-1ubuntu1.1) ...
Windows Export	Install Wine	2026-05-03T20:38:16.8435020Z Setting up libxvidcore4:amd64 (2:1.3.7-1build1) ...
Windows Export	Install Wine	2026-05-03T20:38:16.8461168Z Setting up libz-mingw-w64 (1.3.1+dfsg-1) ...
Windows Export	Install Wine	2026-05-03T20:38:16.8481080Z Setting up libgphoto2-l10n (2.5.31-2.1ubuntu1) ...
Windows Export	Install Wine	2026-05-03T20:38:16.8501209Z Setting up librav1e0:amd64 (0.7.1-2) ...
Windows Export	Install Wine	2026-05-03T20:38:16.8525133Z Setting up liborc-0.4-0t64:amd64 (1:0.4.38-1ubuntu0.1) ...
Windows Export	Install Wine	2026-05-03T20:38:16.8544711Z Setting up librsvg2-2:amd64 (2.58.0+dfsg-1build1) ...
Windows Export	Install Wine	2026-05-03T20:38:16.8565055Z Setting up libcap2-bin (1:2.66-5ubuntu2.4) ...
Windows Export	Install Wine	2026-05-03T20:38:16.8585094Z Setting up fonts-wine (9.0~repack-4build3) ...
Windows Export	Install Wine	2026-05-03T20:38:16.8607700Z Setting up libva2:amd64 (2.20.0-2ubuntu0.1) ...
Windows Export	Install Wine	2026-05-03T20:38:16.8629745Z Setting up libxkbregistry0:amd64 (1.6.0-1build1) ...
Windows Export	Install Wine	2026-05-03T20:38:16.8650830Z Setting up libavahi-common-data:i386 (0.8-13ubuntu6.1) ...
Windows Export	Install Wine	2026-05-03T20:38:16.8674304Z Setting up libopus0:amd64 (1.4-1build1) ...
Windows Export	Install Wine	2026-05-03T20:38:16.8693456Z Setting up libexif12:amd64 (0.6.24-1build2) ...
Windows Export	Install Wine	2026-05-03T20:38:16.8713128Z Setting up intel-media-va-driver:amd64 (24.1.0+dfsg1-1ubuntu0.2) ...
Windows Export	Install Wine	2026-05-03T20:38:16.8732838Z Setting up libxv1:amd64 (2:1.0.11-1.1build1) ...
Windows Export	Install Wine	2026-05-03T20:38:16.8752318Z Setting up libdv4t64:amd64 (1.0.0-17.1build1) ...
Windows Export	Install Wine	2026-05-03T20:38:16.8771652Z Setting up libpcsclite1:amd64 (2.0.3-1build1) ...
Windows Export	Install Wine	2026-05-03T20:38:16.8795763Z Setting up libjxl0.7:amd64 (0.7.0-10.2ubuntu6.1) ...
Windows Export	Install Wine	2026-05-03T20:38:16.8816690Z Setting up librsvg2-common:amd64 (2.58.0+dfsg-1build1) ...
Windows Export	Install Wine	2026-05-03T20:38:16.8953870Z Setting up libcapi20-3t64:amd64 (1:3.27-3.1build1) ...
Windows Export	Install Wine	2026-05-03T20:38:16.8975469Z Setting up libx265-199:amd64 (3.5-2build1) ...
Windows Export	Install Wine	2026-05-03T20:38:16.8996021Z Setting up libv4l-0t64:amd64 (1.26.1-4build3) ...
Windows Export	Install Wine	2026-05-03T20:38:16.9016940Z Setting up libvpx9:amd64 (1.14.0-1ubuntu2.3) ...
Windows Export	Install Wine	2026-05-03T20:38:16.9038050Z Setting up libtag1v5:amd64 (1.13.1-1build1) ...
Windows Export	Install Wine	2026-05-03T20:38:16.9057195Z Setting up libdav1d7:amd64 (1.4.1-1build1) ...
Windows Export	Install Wine	2026-05-03T20:38:16.9090981Z Setting up libva-drm2:amd64 (2.20.0-2ubuntu0.1) ...
Windows Export	Install Wine	2026-05-03T20:38:16.9113308Z Setting up ocl-icd-libopencl1:amd64 (2.3.2-1build1) ...
Windows Export	Install Wine	2026-05-03T20:38:16.9135691Z Setting up libasyncns0:amd64 (0.8-6build4) ...
Windows Export	Install Wine	2026-05-03T20:38:16.9159242Z Setting up libgdk-pixbuf2.0-bin (2.42.10+dfsg-3ubuntu3.3) ...
Windows Export	Install Wine	2026-05-03T20:38:16.9177518Z Setting up libvdpau1:amd64 (1.5-2build1) ...
Windows Export	Install Wine	2026-05-03T20:38:16.9203617Z Setting up libwavpack1:amd64 (5.6.0-1build1) ...
Windows Export	Install Wine	2026-05-03T20:38:16.9222456Z Setting up libtheora0:amd64 (1.1.1+dfsg.1-16.1build3) ...
Windows Export	Install Wine	2026-05-03T20:38:16.9245794Z Setting up libspeexdsp1:amd64 (1.2.1-1ubuntu3) ...
Windows Export	Install Wine	2026-05-03T20:38:16.9268169Z Setting up libdecor-0-0:amd64 (0.2.2-1build2) ...
Windows Export	Install Wine	2026-05-03T20:38:16.9291783Z Setting up libgphoto2-port12t64:amd64 (2.5.31-2.1ubuntu1) ...
Windows Export	Install Wine	2026-05-03T20:38:16.9311704Z Setting up libflac12t64:amd64 (1.4.3+ds-2.1ubuntu2) ...
Windows Export	Install Wine	2026-05-03T20:38:16.9332740Z Setting up mesa-va-drivers:amd64 (25.2.8-0ubuntu0.24.04.1) ...
Windows Export	Install Wine	2026-05-03T20:38:16.9351109Z Setting up glib-networking-common (2.80.0-1build1) ...
Windows Export	Install Wine	2026-05-03T20:38:16.9369293Z Setting up libsamplerate0:amd64 (0.2.2-4build1) ...
Windows Export	Install Wine	2026-05-03T20:38:16.9387411Z Setting up libva-x11-2:amd64 (2.20.0-2ubuntu0.1) ...
Windows Export	Install Wine	2026-05-03T20:38:16.9410198Z Setting up libpam-cap:amd64 (1:2.66-5ubuntu2.4) ...
Windows Export	Install Wine	2026-05-03T20:38:17.0692367Z Setting up libdecor-0-plugin-1-gtk:amd64 (0.2.2-1build2) ...
Windows Export	Install Wine	2026-05-03T20:38:17.0710162Z Setting up libzvbi-common (0.2.42-2) ...
Windows Export	Install Wine	2026-05-03T20:38:17.0727813Z Setting up libmp3lame0:amd64 (3.100-6build1) ...
Windows Export	Install Wine	2026-05-03T20:38:17.0748306Z Setting up i965-va-driver:amd64 (2.4.1+dfsg1-1ubuntu0.1) ...
Windows Export	Install Wine	2026-05-03T20:38:17.0767234Z Setting up libvorbisenc2:amd64 (1.3.7-1build3) ...
Windows Export	Install Wine	2026-05-03T20:38:17.0786935Z Setting up libaa1:amd64 (1.4p5-51.1) ...
Windows Export	Install Wine	2026-05-03T20:38:17.0806773Z Setting up libiec61883-0:amd64 (1.2.0-6build1) ...
Windows Export	Install Wine	2026-05-03T20:38:17.0825410Z Setting up libosmesa6:amd64 (25.1.7-1ubuntu2~24.04.1) ...
Windows Export	Install Wine	2026-05-03T20:38:17.0844189Z Setting up libavc1394-0:amd64 (0.5.4-5build3) ...
Windows Export	Install Wine	2026-05-03T20:38:17.0864090Z Setting up gsettings-desktop-schemas (46.1-0ubuntu1) ...
Windows Export	Install Wine	2026-05-03T20:38:17.0886328Z Setting up glib-networking-services (2.80.0-1build1) ...
Windows Export	Install Wine	2026-05-03T20:38:17.0903929Z Setting up mesa-vdpau-drivers:amd64 (25.2.8-0ubuntu0.24.04.1) ...
Windows Export	Install Wine	2026-05-03T20:38:17.0926693Z Setting up libzvbi0t64:amd64 (0.2.42-2) ...
Windows Export	Install Wine	2026-05-03T20:38:17.0951681Z Setting up libgstreamer-plugins-base1.0-0:amd64 (1.24.2-1ubuntu0.4) ...
Windows Export	Install Wine	2026-05-03T20:38:17.0972319Z Setting up libavutil58:amd64 (7:6.1.1-3ubuntu5) ...
Windows Export	Install Wine	2026-05-03T20:38:17.0997906Z Setting up libgstreamer-plugins-good1.0-0:amd64 (1.24.2-1ubuntu1.3) ...
Windows Export	Install Wine	2026-05-03T20:38:17.1016097Z Setting up gstreamer1.0-plugins-base:amd64 (1.24.2-1ubuntu0.4) ...
Windows Export	Install Wine	2026-05-03T20:38:17.1041394Z Setting up libswresample4:amd64 (7:6.1.1-3ubuntu5) ...
Windows Export	Install Wine	2026-05-03T20:38:17.1179154Z Setting up va-driver-all:amd64 (2.20.0-2ubuntu0.1) ...
Windows Export	Install Wine	2026-05-03T20:38:17.1198209Z Setting up libgphoto2-6t64:amd64 (2.5.31-2.1ubuntu1) ...
Windows Export	Install Wine	2026-05-03T20:38:17.1333251Z No diversion 'diversion of /lib/udev/hwdb.d/20-libgphoto2-6.hwdb to /lib/udev/hwdb.d/20-libgphoto2-6.hwdb.usr-is-merged by usr-is-merged', none removed.
Windows Export	Install Wine	2026-05-03T20:38:17.1450454Z No diversion 'diversion of /lib/udev/rules.d/60-libgphoto2-6.rules to /lib/udev/rules.d/60-libgphoto2-6.rules.usr-is-merged by usr-is-merged', none removed.
Windows Export	Install Wine	2026-05-03T20:38:17.1470136Z Setting up libshout3:amd64 (2.4.6-1build2) ...
Windows Export	Install Wine	2026-05-03T20:38:17.1494475Z Setting up libavcodec60:amd64 (7:6.1.1-3ubuntu5) ...
Windows Export	Install Wine	2026-05-03T20:38:17.1513852Z Setting up libjack-jackd2-0:amd64 (1.9.21~dfsg-3ubuntu3) ...
Windows Export	Install Wine	2026-05-03T20:38:17.1532852Z Setting up vdpau-driver-all:amd64 (1.5-2build1) ...
Windows Export	Install Wine	2026-05-03T20:38:17.1554156Z Setting up libsndfile1:amd64 (1.2.2-1ubuntu5.24.04.1) ...
Windows Export	Install Wine	2026-05-03T20:38:17.1578370Z Setting up gstreamer1.0-x:amd64 (1.24.2-1ubuntu0.4) ...
Windows Export	Install Wine	2026-05-03T20:38:17.1597691Z Setting up libpulse0:amd64 (1:16.1+dfsg1-2ubuntu10.1) ...
Windows Export	Install Wine	2026-05-03T20:38:17.1686807Z Setting up libwine:amd64 (9.0~repack-4build3) ...
Windows Export	Install Wine	2026-05-03T20:38:17.1776708Z Setting up libsdl2-2.0-0:amd64 (2.30.0+dfsg-1ubuntu3.1) ...
Windows Export	Install Wine	2026-05-03T20:38:17.1800277Z Setting up libasound2-plugins:amd64 (1.2.7.1-1ubuntu5) ...
Windows Export	Install Wine	2026-05-03T20:38:17.1831541Z Setting up wine64 (9.0~repack-4build3) ...
Windows Export	Install Wine	2026-05-03T20:38:17.1868133Z Setting up wine (9.0~repack-4build3) ...
Windows Export	Install Wine	2026-05-03T20:38:17.2170582Z Setting up libgcc-s1:i386 (14.2.0-4ubuntu2~24.04.1) ...
Windows Export	Install Wine	2026-05-03T20:38:17.2377111Z Setting up libc6:i386 (2.39-0ubuntu8.7) ...
Windows Export	Install Wine	2026-05-03T20:38:17.6218847Z Setting up libdb5.3t64:i386 (5.3.28+dfsg2-7) ...
Windows Export	Install Wine	2026-05-03T20:38:17.6249867Z Setting up libffi8:i386 (3.4.6-1build1) ...
Windows Export	Install Wine	2026-05-03T20:38:17.6276923Z Setting up libnuma1:i386 (2.0.18-1ubuntu0.24.04.1) ...
Windows Export	Install Wine	2026-05-03T20:38:17.6303519Z Setting up libvpx9:i386 (1.14.0-1ubuntu2.3) ...
Windows Export	Install Wine	2026-05-03T20:38:17.6328536Z Setting up libdrm2:i386 (2.4.125-1ubuntu0.1~24.04.1) ...
Windows Export	Install Wine	2026-05-03T20:38:17.6357418Z Setting up libmd0:i386 (1.1.0-2build1.1) ...
Windows Export	Install Wine	2026-05-03T20:38:17.6387116Z Setting up libdav1d7:i386 (1.4.1-1build1) ...
Windows Export	Install Wine	2026-05-03T20:38:17.6418414Z Setting up ocl-icd-libopencl1:i386 (2.3.2-1build1) ...
Windows Export	Install Wine	2026-05-03T20:38:17.6441406Z Setting up libduktape207:i386 (2.7.0+tests-0ubuntu3) ...
Windows Export	Install Wine	2026-05-03T20:38:17.6464137Z Setting up libasyncns0:i386 (0.8-6build4) ...
Windows Export	Install Wine	2026-05-03T20:38:17.6485730Z Setting up libxshmfence1:i386 (1.3-1build5) ...
Windows Export	Install Wine	2026-05-03T20:38:17.6507499Z Setting up libwavpack1:i386 (5.6.0-1build1) ...
Windows Export	Install Wine	2026-05-03T20:38:17.6539943Z Setting up libspeexdsp1:i386 (1.2.1-1ubuntu3) ...
Windows Export	Install Wine	2026-05-03T20:38:17.6559401Z Setting up libtasn1-6:i386 (4.19.0-3ubuntu0.24.04.2) ...
Windows Export	Install Wine	2026-05-03T20:38:17.6579256Z Setting up libopenjp2-7:i386 (2.5.0-2ubuntu0.4) ...
Windows Export	Install Wine	2026-05-03T20:38:17.6620623Z Setting up libwayland-egl1:i386 (1.22.0-2.1build1) ...
Windows Export	Install Wine	2026-05-03T20:38:17.6682637Z Setting up libbz2-1.0:i386 (1.0.8-5.1build0.1) ...
Windows Export	Install Wine	2026-05-03T20:38:17.6713301Z Setting up libsamplerate0:i386 (0.2.2-4build1) ...
Windows Export	Install Wine	2026-05-03T20:38:17.6736910Z Setting up libbsd0:i386 (0.12.1-1build1.1) ...
Windows Export	Install Wine	2026-05-03T20:38:17.6790670Z Setting up libblkid1:i386 (2.39.3-9ubuntu6.5) ...
Windows Export	Install Wine	2026-05-03T20:38:17.6811160Z Setting up libstdc++6:i386 (14.2.0-4ubuntu2~24.04.1) ...
Windows Export	Install Wine	2026-05-03T20:38:17.6834325Z Setting up libmp3lame0:i386 (3.100-6build1) ...
Windows Export	Install Wine	2026-05-03T20:38:17.6863815Z Setting up libtinfo6:i386 (6.4+20240113-1ubuntu2) ...
Windows Export	Install Wine	2026-05-03T20:38:17.6890946Z Setting up libdrm-amdgpu1:i386 (2.4.125-1ubuntu0.1~24.04.1) ...
Windows Export	Install Wine	2026-05-03T20:38:17.6911757Z Setting up libxkbcommon0:i386 (1.6.0-1build1) ...
Windows Export	Install Wine	2026-05-03T20:38:17.6936275Z Setting up libwayland-client0:i386 (1.22.0-2.1build1) ...
Windows Export	Install Wine	2026-05-03T20:38:17.6959396Z Setting up libexpat1:i386 (2.6.1-2ubuntu0.4) ...
Windows Export	Install Wine	2026-05-03T20:38:17.6985214Z Setting up libgraphite2-3:i386 (1.3.14-2build1) ...
Windows Export	Install Wine	2026-05-03T20:38:17.7008019Z Setting up liblcms2-2:i386 (2.14-2ubuntu0.1) ...
Windows Export	Install Wine	2026-05-03T20:38:17.7029311Z Setting up libpixman-1-0:i386 (0.42.2-1build1) ...
Windows Export	Install Wine	2026-05-03T20:38:17.7061891Z Setting up libcdparanoia0:i386 (3.10.2+debian-14build3) ...
Windows Export	Install Wine	2026-05-03T20:38:17.7086867Z Setting up libsharpyuv0:i386 (1.3.2-0.4build3) ...
Windows Export	Install Wine	2026-05-03T20:38:17.7108256Z Setting up libzstd1:i386 (1.5.5+dfsg2-2build1.1) ...
Windows Export	Install Wine	2026-05-03T20:38:17.7134616Z Setting up libaom3:i386 (3.8.2-2ubuntu0.1) ...
Windows Export	Install Wine	2026-05-03T20:38:17.7161914Z Setting up libxau6:i386 (1:1.0.9-1build6) ...
Windows Export	Install Wine	2026-05-03T20:38:17.7181028Z Setting up libxdmcp6:i386 (1:1.1.3-0ubuntu6) ...
Windows Export	Install Wine	2026-05-03T20:38:17.7201795Z Setting up libraw1394-11:i386 (2.1.2-2build3) ...
Windows Export	Install Wine	2026-05-03T20:38:17.7221424Z Setting up libkeyutils1:i386 (1.6.3-3build1) ...
Windows Export	Install Wine	2026-05-03T20:38:17.7255746Z Setting up libapparmor1:i386 (4.0.1really4.0.1-0ubuntu0.24.04.6) ...
Windows Export	Install Wine	2026-05-03T20:38:17.7280828Z Setting up libxcb1:i386 (1.15-1ubuntu2) ...
Windows Export	Install Wine	2026-05-03T20:38:17.7312556Z Setting up libgpm2:i386 (1.20.7-11) ...
Windows Export	Install Wine	2026-05-03T20:38:17.7334370Z Setting up libxcb-xfixes0:i386 (1.15-1ubuntu2) ...
Windows Export	Install Wine	2026-05-03T20:38:17.7353463Z Setting up libogg0:i386 (1.3.5-3build1) ...
Windows Export	Install Wine	2026-05-03T20:38:17.7375658Z Setting up libspeex1:i386 (1.2.1-2ubuntu2.24.04.1) ...
Windows Export	Install Wine	2026-05-03T20:38:17.7397584Z Setting up libshine3:i386 (3.1.1-2build1) ...
Windows Export	Install Wine	2026-05-03T20:38:17.7428455Z Setting up libx264-164:i386 (2:0.164.3108+git31e19f9-1) ...
Windows Export	Install Wine	2026-05-03T20:38:17.7447663Z Setting up libtwolame0:i386 (0.4.0-2build3) ...
Windows Export	Install Wine	2026-05-03T20:38:17.7466203Z Setting up liblzma5:i386 (5.6.1+really5.4.5-1ubuntu0.2) ...
Windows Export	Install Wine	2026-05-03T20:38:17.7495368Z Setting up libgpg-error0:i386 (1.47-3build2.1) ...
Windows Export	Install Wine	2026-05-03T20:38:17.7515279Z Setting up libdatrie1:i386 (0.2.13-3build1) ...
Windows Export	Install Wine	2026-05-03T20:38:17.7548680Z Setting up libgsm1:i386 (1.0.22-1build1) ...
Windows Export	Install Wine	2026-05-03T20:38:17.7568467Z Setting up libvisual-0.4-0:i386 (0.4.2-2build1) ...
Windows Export	Install Wine	2026-05-03T20:38:17.7588164Z Setting up libxcb-render0:i386 (1.15-1ubuntu2) ...
Windows Export	Install Wine	2026-05-03T20:38:17.7611576Z Setting up libssl3t64:i386 (3.0.13-0ubuntu3.9) ...
Windows Export	Install Wine	2026-05-03T20:38:17.7633900Z Setting up liblz4-1:i386 (1.9.4-1build1.1) ...
Windows Export	Install Wine	2026-05-03T20:38:17.7653686Z Setting up libglvnd0:i386 (1.7.0-1build1) ...
Windows Export	Install Wine	2026-05-03T20:38:17.7680559Z Setting up libcodec2-1.2:i386 (1.2.0-2build1) ...
Windows Export	Install Wine	2026-05-03T20:38:17.7732829Z Setting up libxcb-glx0:i386 (1.15-1ubuntu2) ...
Windows Export	Install Wine	2026-05-03T20:38:17.7754604Z Setting up libbrotli1:i386 (1.1.0-2build2) ...
Windows Export	Install Wine	2026-05-03T20:38:17.7775604Z Setting up libedit2:i386 (3.1-20230828-1build1) ...
Windows Export	Install Wine	2026-05-03T20:38:17.7797295Z Setting up libsqlite3-0:i386 (3.45.1-1ubuntu2.5) ...
Windows Export	Install Wine	2026-05-03T20:38:17.7820279Z Setting up libsasl2-modules:i386 (2.1.28+dfsg1-5ubuntu3.1) ...
Windows Export	Install Wine	2026-05-03T20:38:17.7913724Z Setting up libavahi-common3:i386 (0.8-13ubuntu6.1) ...
Windows Export	Install Wine	2026-05-03T20:38:17.7939699Z Setting up libnghttp2-14:i386 (1.59.0-1ubuntu0.2) ...
Windows Export	Install Wine	2026-05-03T20:38:17.7958594Z Setting up libdeflate0:i386 (1.19-1build1.1) ...
Windows Export	Install Wine	2026-05-03T20:38:17.7986642Z Setting up libgcrypt20:i386 (1.10.3-2build1) ...
Windows Export	Install Wine	2026-05-03T20:38:17.8024378Z Setting up zlib1g:i386 (1:1.3.dfsg-3.1ubuntu2.1) ...
Windows Export	Install Wine	2026-05-03T20:38:17.8180382Z Setting up libsvtav1enc1d1:i386 (1.7.0+dfsg-2build1) ...
Windows Export	Install Wine	2026-05-03T20:38:17.8192298Z Setting up libxcb-shm0:i386 (1.15-1ubuntu2) ...
Windows Export	Install Wine	2026-05-03T20:38:17.8215807Z Setting up libcom-err2:i386 (1.47.0-2.4~exp1ubuntu4.1) ...
Windows Export	Install Wine	2026-05-03T20:38:17.8237372Z Setting up libigdgmm12:i386 (22.3.17+ds1-1ubuntu1) ...
Windows Export	Install Wine	2026-05-03T20:38:17.8257982Z Setting up libmpg123-0t64:i386 (1.32.5-1ubuntu1.1) ...
Windows Export	Install Wine	2026-05-03T20:38:17.8278515Z Setting up libgomp1:i386 (14.2.0-4ubuntu2~24.04.1) ...
Windows Export	Install Wine	2026-05-03T20:38:17.8301272Z Setting up libxvidcore4:i386 (2:1.3.7-1build1) ...
Windows Export	Install Wine	2026-05-03T20:38:17.8332324Z Setting up libunwind8:i386 (1.6.2-3build1.1) ...
Windows Export	Install Wine	2026-05-03T20:38:17.8355515Z Setting up libjbig0:i386 (2.1-6.1ubuntu2) ...
Windows Export	Install Wine	2026-05-03T20:38:17.8380204Z Setting up libcap2:i386 (1:2.66-5ubuntu2.4) ...
Windows Export	Install Wine	2026-05-03T20:38:17.8404695Z Setting up libelf1t64:i386 (0.190-1.1ubuntu0.1) ...
Windows Export	Install Wine	2026-05-03T20:38:17.8425076Z Setting up libsnappy1v5:i386 (1.1.10-1build1) ...
Windows Export	Install Wine	2026-05-03T20:38:17.8447351Z Setting up liborc-0.4-0t64:i386 (1:0.4.38-1ubuntu0.1) ...
Windows Export	Install Wine	2026-05-03T20:38:17.8466100Z Setting up libkrb5support0:i386 (1.20.1-6ubuntu2.6) ...
Windows Export	Install Wine	2026-05-03T20:38:17.8488920Z Setting up libdw1t64:i386 (0.190-1.1ubuntu0.1) ...
Windows Export	Install Wine	2026-05-03T20:38:17.8508130Z Setting up libsasl2-modules-db:i386 (2.1.28+dfsg1-5ubuntu3.1) ...
Windows Export	Install Wine	2026-05-03T20:38:17.8537969Z Setting up libxcb-present0:i386 (1.15-1ubuntu2) ...
Windows Export	Install Wine	2026-05-03T20:38:17.8557875Z Setting up libthai0:i386 (0.1.29-2build1) ...
Windows Export	Install Wine	2026-05-03T20:38:17.8579222Z Setting up libnettle8t64:i386 (3.9.1-2.2build1.1) ...
Windows Export	Install Wine	2026-05-03T20:38:17.8615029Z Setting up libasound2t64:i386 (1.2.11-1ubuntu0.2) ...
Windows Export	Install Wine	2026-05-03T20:38:17.8633467Z Setting up libslang2:i386 (2.3.3-3build2) ...
Windows Export	Install Wine	2026-05-03T20:38:17.8660658Z Setting up libva2:i386 (2.20.0-2ubuntu0.1) ...
Windows Export	Install Wine	2026-05-03T20:38:17.8682804Z Setting up libepoxy0:i386 (1.5.10-1build1) ...
Windows Export	Install Wine	2026-05-03T20:38:17.8717380Z Setting up libxcb-sync1:i386 (1.15-1ubuntu2) ...
Windows Export	Install Wine	2026-05-03T20:38:17.8749879Z Setting up libgmp10:i386 (2:6.3.0+dfsg-2ubuntu6.1) ...
Windows Export	Install Wine	2026-05-03T20:38:17.8783767Z Setting up libncurses6:i386 (6.4+20240113-1ubuntu2) ...
Windows Export	Install Wine	2026-05-03T20:38:17.8811143Z Setting up libfribidi0:i386 (1.0.13-3build1) ...
Windows Export	Install Wine	2026-05-03T20:38:17.8831578Z Setting up libopus0:i386 (1.4-1build1) ...
Windows Export	Install Wine	2026-05-03T20:38:17.8865114Z Setting up libp11-kit0:i386 (0.25.3-4ubuntu2.1) ...
Windows Export	Install Wine	2026-05-03T20:38:17.8889390Z Setting up libexif12:i386 (0.6.24-1build2) ...
Windows Export	Install Wine	2026-05-03T20:38:17.8914551Z Setting up libunistring5:i386 (1.1-2build1.1) ...
Windows Export	Install Wine	2026-05-03T20:38:17.8932915Z Setting up intel-media-va-driver:i386 (24.1.0+dfsg1-1ubuntu0.2) ...
Windows Export	Install Wine	2026-05-03T20:38:17.8959913Z Setting up libpng16-16t64:i386 (1.6.43-5ubuntu0.5) ...
Windows Export	Install Wine	2026-05-03T20:38:17.8983945Z Setting up libatomic1:i386 (14.2.0-4ubuntu2~24.04.1) ...
Windows Export	Install Wine	2026-05-03T20:38:17.9005422Z Setting up libvorbis0a:i386 (1.3.7-1build3) ...
Windows Export	Install Wine	2026-05-03T20:38:17.9037100Z Setting up libdv4t64:i386 (1.0.0-17.1build1) ...
Windows Export	Install Wine	2026-05-03T20:38:17.9056116Z Setting up libpcsclite1:i386 (2.0.3-1build1) ...
Windows Export	Install Wine	2026-05-03T20:38:17.9076123Z Setting up libsensors5:i386 (1:3.6.0-9build1) ...
Windows Export	Install Wine	2026-05-03T20:38:17.9100167Z Setting up libpcre2-8-0:i386 (10.42-4ubuntu2.1) ...
Windows Export	Install Wine	2026-05-03T20:38:17.9127669Z Setting up libncursesw6:i386 (6.4+20240113-1ubuntu2) ...
Windows Export	Install Wine	2026-05-03T20:38:17.9149749Z Setting up libk5crypto3:i386 (1.20.1-6ubuntu2.6) ...
Windows Export	Install Wine	2026-05-03T20:38:17.9172929Z Setting up libcapi20-3t64:i386 (1:3.27-3.1build1) ...
Windows Export	Install Wine	2026-05-03T20:38:17.9195106Z Setting up libjpeg-turbo8:i386 (2.1.5-2ubuntu2) ...
Windows Export	Install Wine	2026-05-03T20:38:17.9218672Z Setting up libltdl7:i386 (2.4.7-7build1) ...
Windows Export	Install Wine	2026-05-03T20:38:17.9237419Z Setting up libsasl2-2:i386 (2.1.28+dfsg1-5ubuntu3.1) ...
Windows Export	Install Wine	2026-05-03T20:38:17.9258305Z Setting up libvulkan1:i386 (1.3.275.0-1build1) ...
Windows Export	Install Wine	2026-05-03T20:38:17.9280775Z Setting up libx265-199:i386 (3.5-2build1) ...
Windows Export	Install Wine	2026-05-03T20:38:17.9305392Z Setting up libwebp7:i386 (1.3.2-0.4build3) ...
Windows Export	Install Wine	2026-05-03T20:38:17.9337395Z Setting up libudev1:i386 (255.4-1ubuntu8.15) ...
Windows Export	Install Wine	2026-05-03T20:38:17.9357015Z Setting up libicu74:i386 (74.2-1ubuntu3.1) ...
Windows Export	Install Wine	2026-05-03T20:38:17.9375541Z Setting up libodbc2:i386 (2.3.12-1ubuntu0.24.04.1) ...
Windows Export	Install Wine	2026-05-03T20:38:17.9394088Z Setting up libjack-jackd2-0:i386 (1.9.21~dfsg-3ubuntu3) ...
Windows Export	Install Wine	2026-05-03T20:38:17.9416106Z Setting up libhogweed6t64:i386 (3.9.1-2.2build1.1) ...
Windows Export	Install Wine	2026-05-03T20:38:17.9435603Z Setting up libva-drm2:i386 (2.20.0-2ubuntu0.1) ...
Windows Export	Install Wine	2026-05-03T20:38:17.9465682Z Setting up libwayland-cursor0:i386 (1.22.0-2.1build1) ...
Windows Export	Install Wine	2026-05-03T20:38:17.9485558Z Setting up libxcb-randr0:i386 (1.15-1ubuntu2) ...
Windows Export	Install Wine	2026-05-03T20:38:17.9507744Z Setting up libdecor-0-0:i386 (0.2.2-1build2) ...
Windows Export	Install Wine	2026-05-03T20:38:17.9529881Z Setting up libx11-6:i386 (2:1.8.7-1build1) ...
Windows Export	Install Wine	2026-05-03T20:38:17.9559754Z Setting up libkrb5-3:i386 (1.20.1-6ubuntu2.6) ...
Windows Export	Install Wine	2026-05-03T20:38:17.9580269Z Setting up libflac12t64:i386 (1.4.3+ds-2.1ubuntu2) ...
Windows Export	Install Wine	2026-05-03T20:38:17.9604242Z Setting up libusb-1.0-0:i386 (2:1.0.27-1) ...
Windows Export	Install Wine	2026-05-03T20:38:17.9661689Z Setting up libde265-0:i386 (1.0.15-1build3) ...
Windows Export	Install Wine	2026-05-03T20:38:17.9690204Z Setting up libwebpmux3:i386 (1.3.2-0.4build3) ...
Windows Export	Install Wine	2026-05-03T20:38:17.9709516Z Setting up libxcomposite1:i386 (1:0.4.5-1build3) ...
Windows Export	Install Wine	2026-05-03T20:38:17.9732082Z Setting up libxml2:i386 (2.9.14+dfsg-1.3ubuntu3.7) ...
Windows Export	Install Wine	2026-05-03T20:38:17.9773872Z Setting up libvorbisenc2:i386 (1.3.7-1build3) ...
Windows Export	Install Wine	2026-05-03T20:38:17.9799075Z Setting up libheif-plugin-aomdec:i386 (1.17.6-1ubuntu4.2) ...
Windows Export	Install Wine	2026-05-03T20:38:17.9818963Z Setting up libaa1:i386 (1.4p5-51.1) ...
Windows Export	Install Wine	2026-05-03T20:38:17.9838692Z Setting up libiec61883-0:i386 (1.2.0-6build1) ...
Windows Export	Install Wine	2026-05-03T20:38:17.9859657Z Setting up libjpeg8:i386 (8c-2ubuntu11) ...
Windows Export	Install Wine	2026-05-03T20:38:17.9880166Z Setting up libavc1394-0:i386 (0.5.4-5build3) ...
Windows Export	Install Wine	2026-05-03T20:38:17.9903723Z Setting up libxcb-dri3-0:i386 (1.15-1ubuntu2) ...
Windows Export	Install Wine	2026-05-03T20:38:17.9923210Z Setting up libheif-plugin-libde265:i386 (1.17.6-1ubuntu4.2) ...
Windows Export	Install Wine	2026-05-03T20:38:17.9947799Z Setting up libx11-xcb1:i386 (2:1.8.7-1build1) ...
Windows Export	Install Wine	2026-05-03T20:38:17.9966458Z Setting up libpciaccess0:i386 (0.17-3ubuntu0.24.04.2) ...
Windows Export	Install Wine	2026-05-03T20:38:18.0006659Z Setting up libtag1v5-vanilla:i386 (1.13.1-1build1) ...
Windows Export	Install Wine	2026-05-03T20:38:18.0037859Z Setting up libxdamage1:i386 (1:1.1.6-1build1) ...
Windows Export	Install Wine	2026-05-03T20:38:18.0069249Z Setting up libcaca0:i386 (0.99.beta20-4ubuntu0.1) ...
Windows Export	Install Wine	2026-05-03T20:38:18.0089302Z Setting up libxpm4:i386 (1:3.5.17-1build2) ...
Windows Export	Install Wine	2026-05-03T20:38:18.0108234Z Setting up libv4lconvert0t64:i386 (1.26.1-4build3) ...
Windows Export	Install Wine	2026-05-03T20:38:18.0126941Z Setting up libzvbi0t64:i386 (0.2.42-2) ...
Windows Export	Install Wine	2026-05-03T20:38:18.0154164Z Setting up libxrender1:i386 (1:0.9.10-1.1build1) ...
Windows Export	Install Wine	2026-05-03T20:38:18.0185610Z Setting up libsoxr0:i386 (0.1.3-4build3) ...
Windows Export	Install Wine	2026-05-03T20:38:18.0359772Z Setting up libdrm-intel1:i386 (2.4.125-1ubuntu0.1~24.04.1) ...
Windows Export	Install Wine	2026-05-03T20:38:18.0384982Z Setting up libheif1:i386 (1.17.6-1ubuntu4.2) ...
Windows Export	Install Wine	2026-05-03T20:38:18.0429061Z Setting up libxext6:i386 (2:1.3.4-1build2) ...
Windows Export	Install Wine	2026-05-03T20:38:18.0455436Z Setting up libidn2-0:i386 (2.3.7-2build1.1) ...
Windows Export	Install Wine	2026-05-03T20:38:18.0491793Z Setting up libsystemd0:i386 (255.4-1ubuntu8.15) ...
Windows Export	Install Wine	2026-05-03T20:38:18.0511333Z Setting up libxxf86vm1:i386 (1:1.1.4-1build4) ...
Windows Export	Install Wine	2026-05-03T20:38:18.0538905Z Setting up libselinux1:i386 (3.5-2ubuntu2.1) ...
Windows Export	Install Wine	2026-05-03T20:38:18.0627904Z Setting up libfreetype6:i386 (2.13.2+dfsg-1ubuntu0.1) ...
Windows Export	Install Wine	2026-05-03T20:38:18.0647578Z Setting up libxkbregistry0:i386 (1.6.0-1build1) ...
Windows Export	Install Wine	2026-05-03T20:38:18.0670308Z Setting up libxfixes3:i386 (1:6.0.0-2build1) ...
Windows Export	Install Wine	2026-05-03T20:38:18.0711211Z Setting up libdbus-1-3:i386 (1.14.10-4ubuntu4.1) ...
Windows Export	Install Wine	2026-05-03T20:38:18.0745535Z Setting up libxinerama1:i386 (2:1.1.4-3build1) ...
Windows Export	Install Wine	2026-05-03T20:38:18.0770122Z Setting up libxv1:i386 (2:1.0.11-1.1build1) ...
Windows Export	Install Wine	2026-05-03T20:38:18.0795552Z Setting up libgssapi-krb5-2:i386 (1.20.1-6ubuntu2.6) ...
Windows Export	Install Wine	2026-05-03T20:38:18.0829241Z Setting up libxrandr2:i386 (2:1.5.2-2build1) ...
Windows Export	Install Wine	2026-05-03T20:38:18.0850341Z Setting up libllvm20:i386 (1:20.1.2-0ubuntu1~24.04.2) ...
Windows Export	Install Wine	2026-05-03T20:38:18.0878745Z Setting up libssh-4:i386 (0.10.6-2ubuntu0.4) ...
Windows Export	Install Wine	2026-05-03T20:38:18.0908606Z Setting up libv4l-0t64:i386 (1.26.1-4build3) ...
Windows Export	Install Wine	2026-05-03T20:38:18.0930932Z Setting up libtag1v5:i386 (1.13.1-1build1) ...
Windows Export	Install Wine	2026-05-03T20:38:18.0955917Z Setting up libvdpau1:i386 (1.5-2build1) ...
Windows Export	Install Wine	2026-05-03T20:38:18.0982085Z Setting up libmount1:i386 (2.39.3-9ubuntu6.5) ...
Windows Export	Install Wine	2026-05-03T20:38:18.1003622Z Setting up libtiff6:i386 (4.5.1+git230720-4ubuntu2.5) ...
Windows Export	Install Wine	2026-05-03T20:38:18.1029124Z Setting up libpcap0.8t64:i386 (1.10.4-4.1ubuntu3) ...
Windows Export	Install Wine	2026-05-03T20:38:18.1060824Z Setting up libgphoto2-port12t64:i386 (2.5.31-2.1ubuntu1) ...
Windows Export	Install Wine	2026-05-03T20:38:18.1081148Z Setting up libxss1:i386 (1:1.2.3-1build3) ...
Windows Export	Install Wine	2026-05-03T20:38:18.1104295Z Setting up libfontconfig1:i386 (2.15.0-1.1ubuntu2) ...
Windows Export	Install Wine	2026-05-03T20:38:18.1124047Z Setting up libsndfile1:i386 (1.2.2-1ubuntu5.24.04.1) ...
Windows Export	Install Wine	2026-05-03T20:38:18.1189558Z Setting up libva-x11-2:i386 (2.20.0-2ubuntu0.1) ...
Windows Export	Install Wine	2026-05-03T20:38:18.1226590Z Setting up libavahi-client3:i386 (0.8-13ubuntu6.1) ...
Windows Export	Install Wine	2026-05-03T20:38:18.1253647Z Setting up i965-va-driver:i386 (2.4.1+dfsg1-1ubuntu0.1) ...
Windows Export	Install Wine	2026-05-03T20:38:18.1280168Z Setting up libosmesa6:i386 (25.1.7-1ubuntu2~24.04.1) ...
Windows Export	Install Wine	2026-05-03T20:38:18.1299868Z Setting up libgnutls30t64:i386 (3.8.3-1.1ubuntu3.5) ...
Windows Export	Install Wine	2026-05-03T20:38:18.1330732Z Setting up mesa-vulkan-drivers:i386 (25.2.8-0ubuntu0.24.04.1) ...
Windows Export	Install Wine	2026-05-03T20:38:18.1357753Z Setting up mesa-vdpau-drivers:i386 (25.2.8-0ubuntu0.24.04.1) ...
Windows Export	Install Wine	2026-05-03T20:38:18.1379940Z Setting up mesa-libgallium:i386 (25.2.8-0ubuntu0.24.04.1) ...
Windows Export	Install Wine	2026-05-03T20:38:18.1427617Z Setting up libxi6:i386 (2:1.8.1-1build1) ...
Windows Export	Install Wine	2026-05-03T20:38:18.1456996Z Setting up libgbm1:i386 (25.2.8-0ubuntu0.24.04.1) ...
Windows Export	Install Wine	2026-05-03T20:38:18.1477450Z Setting up libpulse0:i386 (1:16.1+dfsg1-2ubuntu10.1) ...
Windows Export	Install Wine	2026-05-03T20:38:18.1554666Z Setting up libheif-plugin-aomenc:i386 (1.17.6-1ubuntu4.2) ...
Windows Export	Install Wine	2026-05-03T20:38:18.1573391Z Setting up libxtst6:i386 (2:1.2.3-1.1build1) ...
Windows Export	Install Wine	2026-05-03T20:38:18.1625567Z Setting up libxcursor1:i386 (1:1.2.1-1build1) ...
Windows Export	Install Wine	2026-05-03T20:38:18.1653840Z Setting up libgl1-mesa-dri:i386 (25.2.8-0ubuntu0.24.04.1) ...
Windows Export	Install Wine	2026-05-03T20:38:18.1742020Z Setting up libpsl5t64:i386 (0.21.2-1.1build1) ...
Windows Export	Install Wine	2026-05-03T20:38:18.1771274Z Setting up libavutil58:i386 (7:6.1.1-3ubuntu5) ...
Windows Export	Install Wine	2026-05-03T20:38:18.1803210Z Setting up libcairo2:i386 (1.18.0-3build1) ...
Windows Export	Install Wine	2026-05-03T20:38:18.1831378Z Setting up libglib2.0-0t64:i386 (2.80.0-6ubuntu3.8) ...
Windows Export	Install Wine	2026-05-03T20:38:18.3571045Z Setting up libswresample4:i386 (7:6.1.1-3ubuntu5) ...
Windows Export	Install Wine	2026-05-03T20:38:18.3595499Z Setting up librtmp1:i386 (2.4+20151223.gitfa8646d.1-2build7) ...
Windows Export	Install Wine	2026-05-03T20:38:18.3641912Z Setting up libgd3:i386 (2.3.3-9ubuntu5) ...
Windows Export	Install Wine	2026-05-03T20:38:18.3682880Z Setting up vdpau-driver-all:i386 (1.5-2build1) ...
Windows Export	Install Wine	2026-05-03T20:38:18.3713240Z Setting up libtheora0:i386 (1.1.1+dfsg.1-16.1build3) ...
Windows Export	Install Wine	2026-05-03T20:38:18.3764040Z Setting up mesa-va-drivers:i386 (25.2.8-0ubuntu0.24.04.1) ...
Windows Export	Install Wine	2026-05-03T20:38:18.3805432Z Setting up libsdl2-2.0-0:i386 (2.30.0+dfsg-1ubuntu3.1) ...
Windows Export	Install Wine	2026-05-03T20:38:18.3828337Z Setting up libcups2t64:i386 (2.4.7-1.2ubuntu7.9) ...
Windows Export	Install Wine	2026-05-03T20:38:18.3865935Z Setting up libldap2:i386 (2.6.10+dfsg-0ubuntu0.24.04.1) ...
Windows Export	Install Wine	2026-05-03T20:38:18.3919442Z Setting up libglx-mesa0:i386 (25.2.8-0ubuntu0.24.04.1) ...
Windows Export	Install Wine	2026-05-03T20:38:18.3952067Z Setting up libglx0:i386 (1.7.0-1build1) ...
Windows Export	Install Wine	2026-05-03T20:38:18.3976046Z Setting up libcurl4t64:i386 (8.5.0-2ubuntu10.8) ...
Windows Export	Install Wine	2026-05-03T20:38:18.4050938Z Setting up libcurl3t64-gnutls:i386 (8.5.0-2ubuntu10.8) ...
Windows Export	Install Wine	2026-05-03T20:38:18.4109811Z Setting up libgl1:i386 (1.7.0-1build1) ...
Windows Export	Install Wine	2026-05-03T20:38:18.4132918Z Setting up va-driver-all:i386 (2.20.0-2ubuntu0.1) ...
Windows Export	Install Wine	2026-05-03T20:38:18.4158483Z Setting up libgphoto2-6t64:i386 (2.5.31-2.1ubuntu1) ...
Windows Export	Install Wine	2026-05-03T20:38:18.4326479Z No diversion 'diversion of /lib/udev/hwdb.d/20-libgphoto2-6.hwdb to /lib/udev/hwdb.d/20-libgphoto2-6.hwdb.usr-is-merged by usr-is-merged', none removed.
Windows Export	Install Wine	2026-05-03T20:38:18.4464199Z No diversion 'diversion of /lib/udev/rules.d/60-libgphoto2-6.rules to /lib/udev/rules.d/60-libgphoto2-6.rules.usr-is-merged by usr-is-merged', none removed.
Windows Export	Install Wine	2026-05-03T20:38:18.4512796Z Setting up libshout3:i386 (2.4.6-1build2) ...
Windows Export	Install Wine	2026-05-03T20:38:18.4957791Z Processing triggers for udev (255.4-1ubuntu8.15) ...
Windows Export	Install Wine	2026-05-03T20:38:18.9847331Z Processing triggers for libc6-i386 (2.39-0ubuntu8.7) ...
Windows Export	Install Wine	2026-05-03T20:38:18.9885575Z Processing triggers for libgdk-pixbuf-2.0-0:amd64 (2.42.10+dfsg-3ubuntu3.3) ...
Windows Export	Install Wine	2026-05-03T20:38:19.0782448Z Processing triggers for hicolor-icon-theme (0.17-2) ...
Windows Export	Install Wine	2026-05-03T20:38:19.3833958Z Processing triggers for libc-bin (2.39-0ubuntu8.7) ...
Windows Export	Install Wine	2026-05-03T20:38:19.4961831Z Processing triggers for man-db (2.12.0-4build2) ...
Windows Export	Install Wine	2026-05-03T20:38:19.4982243Z Not building database; man-db/auto-update is not 'true'.
Windows Export	Install Wine	2026-05-03T20:38:19.5003902Z Processing triggers for libglib2.0-0t64:amd64 (2.80.0-6ubuntu3.8) ...
Windows Export	Install Wine	2026-05-03T20:38:19.5293288Z Setting up libatspi2.0-0t64:i386 (2.52.0-1build1) ...
Windows Export	Install Wine	2026-05-03T20:38:19.5354107Z Setting up at-spi2-core (2.52.0-1build1) ...
Windows Export	Install Wine	2026-05-03T20:38:19.5402326Z Setting up libharfbuzz0b:i386 (8.3.0-2build2) ...
Windows Export	Install Wine	2026-05-03T20:38:19.5423697Z Setting up libgdk-pixbuf-2.0-0:i386 (2.42.10+dfsg-3ubuntu3.3) ...
Windows Export	Install Wine	2026-05-03T20:38:19.5632933Z Setting up libcairo-gobject2:i386 (1.18.0-3build1) ...
Windows Export	Install Wine	2026-05-03T20:38:19.5657484Z Setting up glib-networking:amd64 (2.80.0-1build1) ...
Windows Export	Install Wine	2026-05-03T20:38:19.5716245Z Setting up libgudev-1.0-0:i386 (1:238-5ubuntu1) ...
Windows Export	Install Wine	2026-05-03T20:38:19.5738662Z Setting up libgstreamer1.0-0:i386 (1.24.2-1ubuntu0.1) ...
Windows Export	Install Wine	2026-05-03T20:38:19.5768334Z Setcap worked! gst-ptp-helper is not suid!
Windows Export	Install Wine	2026-05-03T20:38:19.5802524Z Setting up libproxy1v5:i386 (0.5.4-4build1) ...
Windows Export	Install Wine	2026-05-03T20:38:19.5831612Z Setting up libatk1.0-0t64:i386 (2.52.0-1build1) ...
Windows Export	Install Wine	2026-05-03T20:38:19.5885199Z Setting up libpango-1.0-0:i386 (1.52.1+ds-1build1) ...
Windows Export	Install Wine	2026-05-03T20:38:19.5911148Z Setting up libsoup-3.0-0:amd64 (3.4.4-5ubuntu0.7) ...
Windows Export	Install Wine	2026-05-03T20:38:19.5940300Z Setting up libgstreamer-plugins-base1.0-0:i386 (1.24.2-1ubuntu0.4) ...
Windows Export	Install Wine	2026-05-03T20:38:19.6082804Z Setting up libcolord2:i386 (1.4.7-1build2) ...
Windows Export	Install Wine	2026-05-03T20:38:19.6110152Z Setting up libgstreamer-plugins-good1.0-0:i386 (1.24.2-1ubuntu1.3) ...
Windows Export	Install Wine	2026-05-03T20:38:19.6135639Z Setting up gstreamer1.0-plugins-base:i386 (1.24.2-1ubuntu0.4) ...
Windows Export	Install Wine	2026-05-03T20:38:19.6192911Z Setting up glib-networking:i386 (2.80.0-1build1) ...
Windows Export	Install Wine	2026-05-03T20:38:19.6220338Z Setting up libwine:i386 (9.0~repack-4build3) ...
Windows Export	Install Wine	2026-05-03T20:38:19.6314561Z Setting up libpangoft2-1.0-0:i386 (1.52.1+ds-1build1) ...
Windows Export	Install Wine	2026-05-03T20:38:19.6350121Z Setting up libpangocairo-1.0-0:i386 (1.52.1+ds-1build1) ...
Windows Export	Install Wine	2026-05-03T20:38:19.6370146Z Setting up libatk-bridge2.0-0t64:i386 (2.52.0-1build1) ...
Windows Export	Install Wine	2026-05-03T20:38:19.6406247Z Setting up gstreamer1.0-x:i386 (1.24.2-1ubuntu0.4) ...
Windows Export	Install Wine	2026-05-03T20:38:19.6438250Z Setting up gstreamer1.0-plugins-good:amd64 (1.24.2-1ubuntu1.3) ...
Windows Export	Install Wine	2026-05-03T20:38:19.6490409Z Setting up libsoup-3.0-0:i386 (3.4.4-5ubuntu0.7) ...
Windows Export	Install Wine	2026-05-03T20:38:19.6520851Z Setting up wine32:i386 (9.0~repack-4build3) ...
Windows Export	Install Wine	2026-05-03T20:38:19.6547869Z Setting up librsvg2-2:i386 (2.58.0+dfsg-1build1) ...
Windows Export	Install Wine	2026-05-03T20:38:19.6578809Z Setting up libgtk-3-0t64:i386 (3.24.41-4ubuntu1.3) ...
Windows Export	Install Wine	2026-05-03T20:38:19.6800914Z Setting up librsvg2-common:i386 (2.58.0+dfsg-1build1) ...
Windows Export	Install Wine	2026-05-03T20:38:19.6863780Z Setting up libavcodec60:i386 (7:6.1.1-3ubuntu5) ...
Windows Export	Install Wine	2026-05-03T20:38:19.6896143Z Setting up libdecor-0-plugin-1-gtk:i386 (0.2.2-1build2) ...
Windows Export	Install Wine	2026-05-03T20:38:19.6926710Z Setting up libasound2-plugins:i386 (1.2.7.1-1ubuntu5) ...
Windows Export	Install Wine	2026-05-03T20:38:19.6969213Z Setting up gstreamer1.0-plugins-good:i386 (1.24.2-1ubuntu1.3) ...
Windows Export	Install Wine	2026-05-03T20:38:19.6997197Z Processing triggers for wine (9.0~repack-4build3) ...
Windows Export	Install Wine	2026-05-03T20:38:19.7174279Z Processing triggers for libc-bin (2.39-0ubuntu8.7) ...
Windows Export	Install Wine	2026-05-03T20:38:19.7376735Z Processing triggers for libgdk-pixbuf-2.0-0:i386 (2.42.10+dfsg-3ubuntu3.3) ...
Windows Export	Install Wine	2026-05-03T20:38:20.2553483Z 
Windows Export	Install Wine	2026-05-03T20:38:20.2554055Z Running kernel seems to be up-to-date.
Windows Export	Install Wine	2026-05-03T20:38:20.2554387Z 
Windows Export	Install Wine	2026-05-03T20:38:20.2554504Z Restarting services...
Windows Export	Install Wine	2026-05-03T20:38:20.3757421Z  systemctl restart chrony.service multipathd.service packagekit.service php8.3-fpm.service polkit.service rsyslog.service systemd-journald.service systemd-networkd.service systemd-resolved.service systemd-udevd.service udisks2.service
Windows Export	Install Wine	2026-05-03T20:38:20.6562393Z 
Windows Export	Install Wine	2026-05-03T20:38:20.6566197Z Service restarts being deferred:
Windows Export	Install Wine	2026-05-03T20:38:20.6566724Z  systemctl restart ModemManager.service
Windows Export	Install Wine	2026-05-03T20:38:20.6567173Z  /etc/needrestart/restart.d/dbus.service
Windows Export	Install Wine	2026-05-03T20:38:20.6567604Z  systemctl restart docker.service
Windows Export	Install Wine	2026-05-03T20:38:20.6568060Z  systemctl restart networkd-dispatcher.service
Windows Export	Install Wine	2026-05-03T20:38:20.6568542Z  systemctl restart systemd-logind.service
Windows Export	Install Wine	2026-05-03T20:38:20.6568979Z  systemctl restart walinuxagent.service
Windows Export	Install Wine	2026-05-03T20:38:20.6569263Z 
Windows Export	Install Wine	2026-05-03T20:38:20.6569442Z No containers need to be restarted.
Windows Export	Install Wine	2026-05-03T20:38:20.6570035Z 
Windows Export	Install Wine	2026-05-03T20:38:20.6570232Z User sessions running outdated binaries:
Windows Export	Install Wine	2026-05-03T20:38:20.6570650Z  runner @ user manager service: systemd[1232]
Windows Export	Install Wine	2026-05-03T20:38:20.6655045Z 
Windows Export	Install Wine	2026-05-03T20:38:20.6656403Z No VM guests are running outdated hypervisor (qemu) binaries on this host.
Windows Export	Install Wine	2026-05-03T20:38:21.9073039Z Found wine at: /usr/bin/wine
Windows Export	Export game	﻿2026-05-03T20:38:21.9166412Z ##[group]Run firebelley/godot-export@v7.0.0
Windows Export	Export game	2026-05-03T20:38:21.9166727Z with:
Windows Export	Export game	2026-05-03T20:38:21.9167267Z   godot_executable_download_url: https://github.com/godotengine/godot/releases/download/4.3-stable/Godot_v4.3-stable_mono_linux_x86_64.zip
Windows Export	Export game	2026-05-03T20:38:21.9168235Z   godot_export_templates_download_url: https://github.com/godotengine/godot/releases/download/4.3-stable/Godot_v4.3-stable_mono_export_templates.tpz
Windows Export	Export game	2026-05-03T20:38:21.9168848Z   relative_project_path: ./
Windows Export	Export game	2026-05-03T20:38:21.9169079Z   archive_output: true
Windows Export	Export game	2026-05-03T20:38:21.9169300Z   wine_path: /usr/bin/wine
Windows Export	Export game	2026-05-03T20:38:21.9169522Z   archive_root_folder: false
Windows Export	Export game	2026-05-03T20:38:21.9169765Z   cache: false
Windows Export	Export game	2026-05-03T20:38:21.9169966Z   use_preset_export_path: false
Windows Export	Export game	2026-05-03T20:38:21.9170205Z   export_debug: false
Windows Export	Export game	2026-05-03T20:38:21.9170403Z   verbose: false
Windows Export	Export game	2026-05-03T20:38:21.9170598Z   use_godot_3: false
Windows Export	Export game	2026-05-03T20:38:21.9170795Z   export_as_pack: false
Windows Export	Export game	2026-05-03T20:38:21.9171002Z env:
Windows Export	Export game	2026-05-03T20:38:21.9171189Z   DOTNET_ROOT: /usr/share/dotnet
Windows Export	Export game	2026-05-03T20:38:21.9171455Z ##[endgroup]
Windows Export	Export game	2026-05-03T20:38:22.0541825Z ##[group]🕹️ Downloading Godot
Windows Export	Export game	2026-05-03T20:38:22.0549149Z Working path created /home/runner/.local/share/godot
Windows Export	Export game	2026-05-03T20:38:22.0551204Z Downloading file from https://github.com/godotengine/godot/releases/download/4.3-stable/Godot_v4.3-stable_mono_linux_x86_64.zip
Windows Export	Export game	2026-05-03T20:38:22.0586133Z [command]/usr/bin/wget -nv https://github.com/godotengine/godot/releases/download/4.3-stable/Godot_v4.3-stable_mono_linux_x86_64.zip -O /home/runner/.local/share/godot/godot.zip
Windows Export	Export game	2026-05-03T20:38:22.1060374Z https://github.com/godotengine/godot/releases/download/4.3-stable/Godot_v4.3-stable_mono_linux_x86_64.zip:
Windows Export	Export game	2026-05-03T20:38:22.1061464Z 2026-05-03 20:38:22 ERROR 502: Bad Gateway or Proxy Error.
Windows Export	Export game	2026-05-03T20:38:22.1105957Z ##[error]The process '/usr/bin/wget' failed with exit code 8
Windows Export	Post Checkout	﻿2026-05-03T20:38:22.1227516Z Post job cleanup.
Windows Export	Post Checkout	2026-05-03T20:38:22.2199154Z [command]/usr/bin/git version
Windows Export	Post Checkout	2026-05-03T20:38:22.2236273Z git version 2.53.0
Windows Export	Post Checkout	2026-05-03T20:38:22.2284353Z Temporarily overriding HOME='/home/runner/work/_temp/66d010d6-d6cf-4003-aad3-34bc3cabf897' before making global git config changes
Windows Export	Post Checkout	2026-05-03T20:38:22.2285475Z Adding repository directory to the temporary git global config as a safe directory
Windows Export	Post Checkout	2026-05-03T20:38:22.2289920Z [command]/usr/bin/git config --global --add safe.directory /home/runner/work/godot-topdown-MVP/godot-topdown-MVP
Windows Export	Post Checkout	2026-05-03T20:38:22.2324708Z [command]/usr/bin/git config --local --name-only --get-regexp core\.sshCommand
Windows Export	Post Checkout	2026-05-03T20:38:22.2358104Z [command]/usr/bin/git submodule foreach --recursive sh -c "git config --local --name-only --get-regexp 'core\.sshCommand' && git config --local --unset-all 'core.sshCommand' || :"
Windows Export	Post Checkout	2026-05-03T20:38:22.2602235Z [command]/usr/bin/git config --local --name-only --get-regexp http\.https\:\/\/github\.com\/\.extraheader
Windows Export	Post Checkout	2026-05-03T20:38:22.2625415Z http.https://github.com/.extraheader
Windows Export	Post Checkout	2026-05-03T20:38:22.2637989Z [command]/usr/bin/git config --local --unset-all http.https://github.com/.extraheader
Windows Export	Post Checkout	2026-05-03T20:38:22.2670213Z [command]/usr/bin/git submodule foreach --recursive sh -c "git config --local --name-only --get-regexp 'http\.https\:\/\/github\.com\/\.extraheader' && git config --local --unset-all 'http.https://github.com/.extraheader' || :"
Windows Export	Post Checkout	2026-05-03T20:38:22.2910365Z [command]/usr/bin/git config --local --name-only --get-regexp ^includeIf\.gitdir:
Windows Export	Post Checkout	2026-05-03T20:38:22.2942105Z [command]/usr/bin/git submodule foreach --recursive git config --local --show-origin --name-only --get-regexp remote.origin.url
Windows Export	Complete job	﻿2026-05-03T20:38:22.3311543Z Cleaning up orphan processes
Windows Export	Complete job	2026-05-03T20:38:22.3659200Z Terminate orphan process: pid (2833) (VBCSCompiler)
Windows Export	Complete job	2026-05-03T20:38:22.3780848Z ##[warning]Node.js 20 actions are deprecated. The following actions are running on Node.js 20 and may not work as expected: actions/checkout@v4, actions/setup-dotnet@v4, firebelley/godot-export@v7.0.0. Actions will be forced to run with Node.js 24 by default starting June 2nd, 2026. Node.js 20 will be removed from the runner on September 16th, 2026. Please check if updated versions of these actions are available that support Node.js 24. To opt into Node.js 24 now, set the FORCE_JAVASCRIPT_ACTIONS_TO_NODE24=true environment variable on the runner or in your workflow file. Once Node.js 24 becomes the default, you can temporarily opt out by setting ACTIONS_ALLOW_USE_UNSECURE_NODE_VERSION=true. For more information see: https://github.blog/changelog/2025-09-19-deprecation-of-node-20-on-github-actions-runners/
