Godot Engine v4.3.stable.mono.official.77dcf97d8 - https://godotengine.org

ERROR: No loader found for resource: res://resources/translations/translations.csv (expected type: )
   at: _load (core/io/resource_loader.cpp:291)
SCRIPT ERROR: Parse Error: Class "ProjectilePoolManager" hides an autoload singleton.
          at: GDScript::reload (res://scripts/autoload/projectile_pool_manager.gd:2)
ERROR: Failed to load script "res://scripts/autoload/projectile_pool_manager.gd" with error "Parse error".
   at: load (modules/gdscript/gdscript.cpp:2936)
ERROR: Failed to instantiate an autoload, script 'res://scripts/autoload/projectile_pool_manager.gd' does not inherit from 'Node'.
   at: start (main/main.cpp:3678)
SCRIPT ERROR: Parse Error: The variable type is being inferred from a Variant value, so it will be typed as Variant. (Warning treated as error.)
          at: GDScript::reload (res://scripts/autoload/localization_settings.gd:100)
ERROR: Failed to load script "res://scripts/autoload/localization_settings.gd" with error "Parse error".
   at: load (modules/gdscript/gdscript.cpp:2936)
ERROR: Failed to instantiate an autoload, script 'res://scripts/autoload/localization_settings.gd' does not inherit from 'Node'.
   at: start (main/main.cpp:3678)
[19:52:00] [INFO] ============================================================
[19:52:00] [INFO] GAME LOG STARTED
[19:52:00] [INFO] ============================================================
[19:52:00] [INFO] Timestamp: 2026-04-16T19:52:00
[19:52:00] [INFO] Log file: /tmp/godot-ci/godot/game_log_20260416_195200.txt
[19:52:00] [INFO] Executable: /tmp/godot-ci/godot/Godot_v4.3-stable_mono_linux.x86_64
[19:52:00] [INFO] OS: Linux
[19:52:00] [INFO] Debug build: true
[19:52:00] [INFO] Engine version: 4.3-stable (official)
[19:52:00] [INFO] Project: Godot Top-Down Template
[19:52:00] [INFO] Build info: not available (build_info.cfg not found)
[19:52:00] [INFO] ------------------------------------------------------------
[19:52:00] [INFO] [GameManager] GameManager ready
[19:52:00] [INFO] [ScoreManager] ScoreManager ready
[HitEffectsManager] Starting saturation shader warmup (Issue #343 fix)...
ERROR: No loader found for resource: res://assets/audio/m16 1.wav (expected type: )
   at: _load (core/io/resource_loader.cpp:291)
ERROR: No loader found for resource: res://assets/audio/m16 2.wav (expected type: )
   at: _load (core/io/resource_loader.cpp:291)
ERROR: No loader found for resource: res://assets/audio/m16 3.wav (expected type: )
   at: _load (core/io/resource_loader.cpp:291)
ERROR: No loader found for resource: res://assets/audio/m16 два выстрела подряд.wav (expected type: )
   at: _load (core/io/resource_loader.cpp:291)
ERROR: No loader found for resource: res://assets/audio/m16  два выстрела подряд 2.wav (expected type: )
   at: _load (core/io/resource_loader.cpp:291)
ERROR: No loader found for resource: res://assets/audio/взвод затвора m16 1.wav (expected type: )
   at: _load (core/io/resource_loader.cpp:291)
ERROR: No loader found for resource: res://assets/audio/взвод затвора m16 2.wav (expected type: )
   at: _load (core/io/resource_loader.cpp:291)
ERROR: No loader found for resource: res://assets/audio/взвод затвора m16 3.wav (expected type: )
   at: _load (core/io/resource_loader.cpp:291)
ERROR: No loader found for resource: res://assets/audio/взвод затвора m16 4.wav (expected type: )
   at: _load (core/io/resource_loader.cpp:291)
ERROR: No loader found for resource: res://assets/audio/игрок достал магазин (первая фаза перезарядки).wav (expected type: )
   at: _load (core/io/resource_loader.cpp:291)
ERROR: No loader found for resource: res://assets/audio/игрок вставил магазин (вторая фаза перезарядки).wav (expected type: )
   at: _load (core/io/resource_loader.cpp:291)
ERROR: No loader found for resource: res://assets/audio/полная зарядка m16.wav (expected type: )
   at: _load (core/io/resource_loader.cpp:291)
ERROR: No loader found for resource: res://assets/audio/взвод затвора пистолета.wav (expected type: )
   at: _load (core/io/resource_loader.cpp:291)
ERROR: No loader found for resource: res://assets/audio/кончились патроны в пистолете.wav (expected type: )
   at: _load (core/io/resource_loader.cpp:291)
ERROR: No loader found for resource: res://assets/audio/попытка выстрелить без заряда ПМ.mp3 (expected type: )
   at: _load (core/io/resource_loader.cpp:291)
ERROR: No loader found for resource: res://assets/audio/игрок изменил режим стрельбы (нажал b).mp3 (expected type: )
   at: _load (core/io/resource_loader.cpp:291)
ERROR: No loader found for resource: res://assets/audio/звук смертельного попадания.wav (expected type: )
   at: _load (core/io/resource_loader.cpp:291)
ERROR: No loader found for resource: res://assets/audio/звук попадания не смертельного попадания.wav (expected type: )
   at: _load (core/io/resource_loader.cpp:291)
ERROR: No loader found for resource: res://assets/audio/пуля попала в стену или укрытие (сделать по тише).wav (expected type: )
   at: _load (core/io/resource_loader.cpp:291)
ERROR: No loader found for resource: res://assets/audio/пуля пролетела рядом с игроком.wav (expected type: )
   at: _load (core/io/resource_loader.cpp:291)
ERROR: No loader found for resource: res://assets/audio/попадание пули в укрытие рядом с игроком.wav (expected type: )
   at: _load (core/io/resource_loader.cpp:291)
ERROR: No loader found for resource: res://assets/audio/пуля пролетела рядом с игроком.wav (expected type: )
   at: _load (core/io/resource_loader.cpp:291)
ERROR: No loader found for resource: res://assets/audio/попадание пули в укрытие рядом с игроком.wav (expected type: )
   at: _load (core/io/resource_loader.cpp:291)
ERROR: No loader found for resource: res://assets/audio/падает гильза автомата.wav (expected type: )
   at: _load (core/io/resource_loader.cpp:291)
ERROR: No loader found for resource: res://assets/audio/падает гильза пистолета.wav (expected type: )
   at: _load (core/io/resource_loader.cpp:291)
ERROR: No loader found for resource: res://assets/audio/выдернут чека (активирована) короткая версия.wav (expected type: )
   at: _load (core/io/resource_loader.cpp:291)
ERROR: No loader found for resource: res://assets/audio/звук броска гранаты (в момент отпускания LMB).wav (expected type: )
   at: _load (core/io/resource_loader.cpp:291)
ERROR: No loader found for resource: res://assets/audio/граната столкнулась со стеной.wav (expected type: )
   at: _load (core/io/resource_loader.cpp:291)
ERROR: No loader found for resource: res://assets/audio/приземление гранаты.wav (expected type: )
   at: _load (core/io/resource_loader.cpp:291)
ERROR: No loader found for resource: res://assets/audio/взрыв светошумовой гранаты игрок в зоне поражения.wav (expected type: )
   at: _load (core/io/resource_loader.cpp:291)
ERROR: No loader found for resource: res://assets/audio/взрыв светошумовой гранаты игрок вне зоны поражения.wav (expected type: )
   at: _load (core/io/resource_loader.cpp:291)
ERROR: No loader found for resource: res://assets/audio/взрыв оборонительной гранаты.wav (expected type: )
   at: _load (core/io/resource_loader.cpp:291)
ERROR: No loader found for resource: res://assets/audio/взрыв наступательной гранаты.wav (expected type: )
   at: _load (core/io/resource_loader.cpp:291)
ERROR: No loader found for resource: res://assets/audio/выстрел из дробовика 1.wav (expected type: )
   at: _load (core/io/resource_loader.cpp:291)
ERROR: No loader found for resource: res://assets/audio/выстрел из дробовика 2.wav (expected type: )
   at: _load (core/io/resource_loader.cpp:291)
ERROR: No loader found for resource: res://assets/audio/выстрел из дробовика 3.wav (expected type: )
   at: _load (core/io/resource_loader.cpp:291)
ERROR: No loader found for resource: res://assets/audio/выстрел из дробовика 4.wav (expected type: )
   at: _load (core/io/resource_loader.cpp:291)
ERROR: No loader found for resource: res://assets/audio/открытие затвора дробовика.wav (expected type: )
   at: _load (core/io/resource_loader.cpp:291)
ERROR: No loader found for resource: res://assets/audio/закрытие затвора дробовика.wav (expected type: )
   at: _load (core/io/resource_loader.cpp:291)
ERROR: No loader found for resource: res://assets/audio/выстрел без патронов дробовик.mp3 (expected type: )
   at: _load (core/io/resource_loader.cpp:291)
ERROR: No loader found for resource: res://assets/audio/зарядил один патрон в дробовик.mp3 (expected type: )
   at: _load (core/io/resource_loader.cpp:291)
ERROR: No loader found for resource: res://assets/audio/падение гильзы дробовик.mp3 (expected type: )
   at: _load (core/io/resource_loader.cpp:291)
ERROR: No loader found for resource: res://assets/audio/выстрел пистолета с глушителем 1.mp3 (expected type: )
   at: _load (core/io/resource_loader.cpp:291)
ERROR: No loader found for resource: res://assets/audio/выстрел пистолета с глушителем 2.mp3 (expected type: )
   at: _load (core/io/resource_loader.cpp:291)
ERROR: No loader found for resource: res://assets/audio/выстрел пистолета с глушителем 3.mp3 (expected type: )
   at: _load (core/io/resource_loader.cpp:291)
ERROR: No loader found for resource: res://assets/audio/звук выстрела пм.mp3 (expected type: )
   at: _load (core/io/resource_loader.cpp:291)
ERROR: No loader found for resource: res://assets/audio/первое действие перезарядки.mp3 (expected type: )
   at: _load (core/io/resource_loader.cpp:291)
ERROR: No loader found for resource: res://assets/audio/второе действие перезарядки.mp3 (expected type: )
   at: _load (core/io/resource_loader.cpp:291)
ERROR: No loader found for resource: res://assets/audio/выстрел из ASVK.wav (expected type: )
   at: _load (core/io/resource_loader.cpp:291)
ERROR: No loader found for resource: res://assets/audio/отпирание затвора ASVK (1 шаг зарядки).wav (expected type: )
   at: _load (core/io/resource_loader.cpp:291)
ERROR: No loader found for resource: res://assets/audio/извлечение и выброс гильзы ASVK (2 шаг зарядки).wav (expected type: )
   at: _load (core/io/resource_loader.cpp:291)
ERROR: No loader found for resource: res://assets/audio/досылание патрона ASVK (3 шаг зарядки).wav (expected type: )
   at: _load (core/io/resource_loader.cpp:291)
ERROR: No loader found for resource: res://assets/audio/запирание затвора ASVK (4 шаг зарядки).wav (expected type: )
   at: _load (core/io/resource_loader.cpp:291)
ERROR: No loader found for resource: res://assets/audio/выстрел из АК 1.mp3 (expected type: )
   at: _load (core/io/resource_loader.cpp:291)
ERROR: No loader found for resource: res://assets/audio/выстрел из АК 2.mp3 (expected type: )
   at: _load (core/io/resource_loader.cpp:291)
ERROR: No loader found for resource: res://assets/audio/выстрел из АК 3.mp3 (expected type: )
   at: _load (core/io/resource_loader.cpp:291)
ERROR: No loader found for resource: res://assets/audio/выстрел из АК 4.mp3 (expected type: )
   at: _load (core/io/resource_loader.cpp:291)
ERROR: No loader found for resource: res://assets/audio/выстрел из АК 5.mp3 (expected type: )
   at: _load (core/io/resource_loader.cpp:291)
ERROR: No loader found for resource: res://assets/audio/выстрел из подствольного гранатомёта.mp3 (expected type: )
   at: _load (core/io/resource_loader.cpp:291)
ERROR: No loader found for resource: res://assets/audio/Щелчок при открытии барабана револьвера.mp3 (expected type: )
   at: _load (core/io/resource_loader.cpp:291)
ERROR: No loader found for resource: res://assets/audio/Щелчок при закрытии барабана револьвера.mp3 (expected type: )
   at: _load (core/io/resource_loader.cpp:291)
ERROR: No loader found for resource: res://assets/audio/заряжание патрона в револьвер.mp3 (expected type: )
   at: _load (core/io/resource_loader.cpp:291)
ERROR: No loader found for resource: res://assets/audio/звук вращения барабана 1.mp3 (expected type: )
   at: _load (core/io/resource_loader.cpp:291)
ERROR: No loader found for resource: res://assets/audio/звук вращения барабана 2.mp3 (expected type: )
   at: _load (core/io/resource_loader.cpp:291)
ERROR: No loader found for resource: res://assets/audio/звук вращения барабана 3.mp3 (expected type: )
   at: _load (core/io/resource_loader.cpp:291)
ERROR: No loader found for resource: res://assets/audio/высыпание гильз из револьвера.mp3 (expected type: )
   at: _load (core/io/resource_loader.cpp:291)
ERROR: No loader found for resource: res://assets/audio/Щелчок пустого револьвера.mp3 (expected type: )
   at: _load (core/io/resource_loader.cpp:291)
ERROR: No loader found for resource: res://assets/audio/взведение курка револьвера.mp3 (expected type: )
   at: _load (core/io/resource_loader.cpp:291)
ERROR: No loader found for resource: res://assets/audio/звук выстрела револьвера.mp3 (expected type: )
   at: _load (core/io/resource_loader.cpp:291)
ERROR: No loader found for resource: res://assets/audio/звук выстрела револьвера 2.mp3 (expected type: )
   at: _load (core/io/resource_loader.cpp:291)
ERROR: No loader found for resource: res://assets/audio/звук выстрела револьвера 3.mp3 (expected type: )
   at: _load (core/io/resource_loader.cpp:291)
ERROR: No loader found for resource: res://assets/audio/звук выстрела револьвера 4.mp3 (expected type: )
   at: _load (core/io/resource_loader.cpp:291)
ERROR: No loader found for resource: res://assets/audio/homing_activation.wav (expected type: )
   at: _load (core/io/resource_loader.cpp:291)
ERROR: No loader found for resource: res://assets/audio/homing_scanner_loop.wav (expected type: )
   at: _load (core/io/resource_loader.cpp:291)
[19:52:00] [INFO] [SoundPropagation] SoundPropagation autoload initialized
[19:52:00] [INFO] [DifficultyManager] Loaded difficulty: Normal (value: 1)
[ImpactEffectsManager] _ready() STARTING - FULL VERSION...
[ImpactEffectsManager] FileLogger found successfully
[ImpactEffects] Scenes loaded: DustEffect, BloodEffect, SparksEffect, BloodDecal
[19:52:00] [INFO] [ImpactEffects] Scenes loaded: DustEffect, BloodEffect, SparksEffect, BloodDecal
[ImpactEffects] ImpactEffectsManager ready - FULL VERSION with blood effects enabled
[19:52:00] [INFO] [ImpactEffects] ImpactEffectsManager ready - FULL VERSION with blood effects enabled
[ImpactEffects] Explosion light pool initialized: 12 lights pre-created
[19:52:00] [INFO] [ImpactEffects] Explosion light pool initialized: 12 lights pre-created
[ImpactEffects] Dust effect pool initialized: 16 effects pre-created
[19:52:00] [INFO] [ImpactEffects] Dust effect pool initialized: 16 effects pre-created
[ImpactEffects] Starting particle shader warmup (Issue #343 fix)...
[19:52:00] [INFO] [ImpactEffects] Starting particle shader warmup (Issue #343 fix)...
[19:52:00] [INFO] [BloodDecal] Blood puddle created at (640, 360) (added to group)
[19:52:00] [INFO] [PenultimateHit] Saturation shader loaded successfully
[19:52:00] [INFO] [PenultimateHit] Starting shader warmup (Issue #343 fix)...
[19:52:00] [INFO] [PenultimateHit] PenultimateHitEffectsManager ready - Configuration:
[19:52:00] [INFO] [PenultimateHit]   Time scale: 0.10 (10x slowdown)
[19:52:00] [INFO] [PenultimateHit]   Saturation boost: 2.0 (3.0x)
[19:52:00] [INFO] [PenultimateHit]   Contrast boost: 1.0 (2.0x)
[19:52:00] [INFO] [PenultimateHit]   Effect duration: 3.0 real seconds
[19:52:00] [INFO] [LastChance] Last chance shader loaded successfully
[19:52:00] [INFO] [LastChance] Starting shader warmup (Issue #343 fix)...
[19:52:00] [INFO] [LastChance] LastChanceEffectsManager ready - Configuration:
[19:52:00] [INFO] [LastChance]   Freeze duration: 6.0 real seconds
[19:52:00] [INFO] [LastChance]   Sepia intensity: 0.70
[19:52:00] [INFO] [LastChance]   Brightness: 0.60
WARNING: res://scenes/projectiles/FlashbangGrenade.tscn:4 - ext_resource, invalid UID: uid://b7qx4h3k5m2n9 - using text path instead: res://assets/sprites/weapons/flashbang.png
     at: load (scene/resources/resource_format_text.cpp:453)
ERROR: No loader found for resource: res://assets/sprites/weapons/flashbang.png (expected type: Texture2D)
   at: _load (core/io/resource_loader.cpp:291)
ERROR: res://scenes/projectiles/FlashbangGrenade.tscn:33 - Parse Error: [ext_resource] referenced non-existent resource at: res://assets/sprites/weapons/flashbang.png
   at: _parse_ext_resource (scene/resources/resource_format_text.cpp:159)
[19:52:00] [INFO] [GrenadeManager] Loaded grenade scene: res://scenes/projectiles/FlashbangGrenade.tscn
WARNING: res://scenes/projectiles/FragGrenade.tscn:4 - ext_resource, invalid UID: uid://cfrag7qx4h3k5m2 - using text path instead: res://assets/sprites/weapons/frag_grenade.png
     at: load (scene/resources/resource_format_text.cpp:453)
ERROR: No loader found for resource: res://assets/sprites/weapons/frag_grenade.png (expected type: Texture2D)
   at: _load (core/io/resource_loader.cpp:291)
ERROR: res://scenes/projectiles/FragGrenade.tscn:34 - Parse Error: [ext_resource] referenced non-existent resource at: res://assets/sprites/weapons/frag_grenade.png
   at: _parse_ext_resource (scene/resources/resource_format_text.cpp:159)
[19:52:00] [INFO] [GrenadeManager] Loaded grenade scene: res://scenes/projectiles/FragGrenade.tscn
WARNING: res://scenes/projectiles/DefensiveGrenade.tscn:4 - ext_resource, invalid UID: uid://cdefgr7qx4h3k5 - using text path instead: res://assets/sprites/weapons/defensive_grenade.png
     at: load (scene/resources/resource_format_text.cpp:453)
ERROR: No loader found for resource: res://assets/sprites/weapons/defensive_grenade.png (expected type: Texture2D)
   at: _load (core/io/resource_loader.cpp:291)
ERROR: res://scenes/projectiles/DefensiveGrenade.tscn:34 - Parse Error: [ext_resource] referenced non-existent resource at: res://assets/sprites/weapons/defensive_grenade.png
   at: _parse_ext_resource (scene/resources/resource_format_text.cpp:159)
[19:52:00] [INFO] [GrenadeManager] Loaded grenade scene: res://scenes/projectiles/DefensiveGrenade.tscn
WARNING: res://scenes/projectiles/AggressionGasGrenade.tscn:4 - ext_resource, invalid UID: uid://cagggas7qx4h3k5 - using text path instead: res://assets/sprites/weapons/aggression_gas_grenade.png
     at: load (scene/resources/resource_format_text.cpp:453)
ERROR: No loader found for resource: res://assets/sprites/weapons/aggression_gas_grenade.png (expected type: Texture2D)
   at: _load (core/io/resource_loader.cpp:291)
ERROR: res://scenes/projectiles/AggressionGasGrenade.tscn:33 - Parse Error: [ext_resource] referenced non-existent resource at: res://assets/sprites/weapons/aggression_gas_grenade.png
   at: _parse_ext_resource (scene/resources/resource_format_text.cpp:159)
[19:52:00] [INFO] [GrenadeManager] Loaded grenade scene: res://scenes/projectiles/AggressionGasGrenade.tscn
[19:52:00] [INFO] [GrenadeManager] Loaded grenade scene: res://scenes/projectiles/DroneGrenade.tscn
[19:52:00] [INFO] [ExperimentalSettings] ExperimentalSettings initialized - FOV: true, Complex grenades: false, AI prediction: false, Debug: false, Invincibility: false, Realistic visibility: false, Replay: false, Logging: true, Enemy flashlight blinding: false, FPS counter: false, FPS drop logging: false, All weapons unlocked: false, All maps unlocked: false, Global stuck max time: 20.0s, Nav mesh visible: false, Search path visible: false, Passage waypoints visible: false, Passage waypoints: false, Sound visualizer: false, Enemy path visible: false, Cover raycast visible: false, Tactical group: false, Cover infinite rays: true, Cover sector rays: true, Roguelike unlocked: false
[19:52:00] [INFO] [NavMeshMonitor] NavMeshMonitor ready
[19:52:00] [INFO] [SoundSettings] SoundSettings initialized - effects: 1.00, music: 1.00
[19:52:00] [INFO] [GameplaySettings] GameplaySettings initialized - blood_amount: 1.00, wall_hit_particles: true, revolver_aim_assist: true, combo_font_size: 112
[19:52:00] [INFO] [CinemaEffects] CinemaEffectsManager initializing (v5.3 - overlay approach with simplified death circle)...
[19:52:00] [INFO] [CinemaEffects] Created effects layer at layer 99
[19:52:00] [INFO] [CinemaEffects] Cinema shader loaded successfully (v5.0 - no screen_texture)
[19:52:00] [INFO] [CinemaEffects] Starting cinema shader warmup (Issue #343 fix)...
[19:52:00] [INFO] [CinemaEffects] Cinema film effect initialized (v5.3) - Configuration:
[19:52:00] [INFO] [CinemaEffects]   Approach: Overlay-based (no screen_texture)
[19:52:00] [INFO] [CinemaEffects]   Grain intensity: 0.15
[19:52:00] [INFO] [CinemaEffects]   Warm tint: 0.12 intensity
[19:52:00] [INFO] [CinemaEffects]   Sunny effect: 0.08 intensity
[19:52:00] [INFO] [CinemaEffects]   Vignette: 0.25 intensity
[19:52:00] [INFO] [CinemaEffects]   Film defects: 1.5% probability
[19:52:00] [INFO] [CinemaEffects]   White specks: 0.70 intensity, 4.0% probability
[19:52:00] [INFO] [CinemaEffects]   Death effects: cigarette burn + expanding spots + end of reel circle (160px, blinks 2x)
[19:52:00] [INFO] [CinemaEffects] Enabling effect after 1 frame(s)...
[19:52:00] [INFO] [GrenadeTimerHelper] Autoload ready
[19:52:00] [INFO] [PowerFantasy] Saturation shader loaded successfully
[19:52:00] [INFO] [PowerFantasy] PowerFantasyEffectsManager ready - Configuration:
[19:52:00] [INFO] [PowerFantasy]   Kill effect duration: 600ms
[19:52:00] [INFO] [PowerFantasy]   Grenade effect duration: 2000ms (2.0s)
[19:52:00] [INFO] [BlackMetalEffectsManager] BlackMetalEffectsManager initializing...
[19:52:00] [INFO] [BlackMetalEffectsManager] Black Metal shader loaded (B&W+red, hint_screen_texture approach)
[19:52:00] [INFO] [BlackMetalEffectsManager] Starting shader warmup (Issue #343 pattern)...
[19:52:00] [INFO] [BlackMetalEffectsManager] Black Metal filter DISABLED
[19:52:00] [INFO] [BlackMetalLightningEffectsManager] BlackMetalLightningEffectsManager initializing...
[19:52:00] [INFO] [BlackMetalLightningEffectsManager] Lightning bolt drawer created (v10 - no shader, pure draw calls)
[19:52:00] [INFO] [BlackMetalLightningEffectsManager] Connected to GameManager.enemy_killed signal
[19:52:00] [INFO] [BlackMetalLightningEffectsManager] Starting shader warmup (Issue #343 pattern)...
[19:52:00] [INFO] [ProgressManager] ProgressManager ready, loaded 0 entries
[19:52:00] [INFO] [ReplayManager] ReplayManager ready (C# version loaded and _Ready called)
[19:52:00] [INFO] [FlashbangPlayer] Flashbang player shader loaded successfully
[19:52:00] [INFO] [FlashbangPlayer] Starting shader warmup (Issue #343 fix)...
[19:52:00] [INFO] [FlashbangPlayer] FlashbangPlayerEffectsManager ready
[19:52:00] [INFO] [FlashbangPlayer]   Duration range: 1.0-5.0 seconds
[19:52:00] [INFO] [SceneLoader] SceneLoader initialized
[19:52:00] [INFO] [PersistManager] No saved state found (this is normal on first run)
[19:52:00] [INFO] [PersistManager] PersistManager ready
[19:52:00] [INFO] [UnlockManager] UnlockManager ready
[19:52:00] [INFO] [WeaponHintsSettings] WeaponHintsSettings initialized - mode: ALWAYS, weapons seen: []
[19:52:00] [INFO] [PerformanceSettings] PerformanceSettings initialized - particles: true, blood_decals: true, screen_shake: true, explosion_lights: true, warm_lights: true, ai: true
[19:52:00] [INFO] [CinemaEffects] Player not found yet, will connect when scene changes
[19:52:00] [INFO] [PersistManager] First launch detected — showing difficulty selection before level load
WARNING: res://resources/themes/neon_label_settings.tres:3 - ext_resource, invalid UID: uid://c3qneonfont01 - using text path instead: res://assets/fonts/neon/Comfortaa-Bold.ttf
     at: load (scene/resources/resource_format_text.cpp:453)
ERROR: No loader found for resource: res://assets/fonts/neon/Comfortaa-Bold.ttf (expected type: FontFile)
   at: _load (core/io/resource_loader.cpp:291)
ERROR: res://resources/themes/neon_label_settings.tres:6 - Parse Error: [ext_resource] referenced non-existent resource at: res://assets/fonts/neon/Comfortaa-Bold.ttf
   at: _parse_ext_resource (scene/resources/resource_format_text.cpp:159)
ERROR: res://resources/themes/neon_label_settings.tres:6 - Parse Error: [ext_resource] referenced non-existent resource at: res://assets/fonts/neon/Comfortaa-Bold.ttf
   at: load (scene/resources/resource_format_text.cpp:717)
ERROR: Failed loading resource: res://resources/themes/neon_label_settings.tres. Make sure resources have been imported by opening the project in the editor at least once.
   at: _load (core/io/resource_loader.cpp:283)
WARNING: res://resources/themes/neon_button_theme.tres:3 - ext_resource, invalid UID: uid://c3qneonfont01 - using text path instead: res://assets/fonts/neon/Comfortaa-Bold.ttf
     at: load (scene/resources/resource_format_text.cpp:453)
ERROR: No loader found for resource: res://assets/fonts/neon/Comfortaa-Bold.ttf (expected type: FontFile)
   at: _load (core/io/resource_loader.cpp:291)
ERROR: res://resources/themes/neon_button_theme.tres:18 - Parse Error: [ext_resource] referenced non-existent resource at: res://assets/fonts/neon/Comfortaa-Bold.ttf
   at: _parse_ext_resource (scene/resources/resource_format_text.cpp:159)
ERROR: res://resources/themes/neon_button_theme.tres:18 - Parse Error: [ext_resource] referenced non-existent resource at: res://assets/fonts/neon/Comfortaa-Bold.ttf
   at: load (scene/resources/resource_format_text.cpp:717)
ERROR: Failed loading resource: res://resources/themes/neon_button_theme.tres. Make sure resources have been imported by opening the project in the editor at least once.
   at: _load (core/io/resource_loader.cpp:283)
ERROR: res://scenes/ui/DifficultyMenu.tscn:19 - Parse Error: [ext_resource] referenced non-existent resource at: res://resources/themes/neon_button_theme.tres
   at: _parse_ext_resource (scene/resources/resource_format_text.cpp:159)
ERROR: res://scenes/ui/DifficultyMenu.tscn:49 - Parse Error: [ext_resource] referenced non-existent resource at: res://resources/themes/neon_label_settings.tres
   at: _parse_ext_resource (scene/resources/resource_format_text.cpp:159)
WARNING: [DifficultyMenu] Gothic font file not found: res://assets/fonts/gothic_bitmap.fnt
     at: push_warning (core/variant/variant_utility.cpp:1112)
WARNING: [DifficultyMenu] Cowboy font file not found: res://assets/fonts/rye/Rye-Regular.ttf
     at: push_warning (core/variant/variant_utility.cpp:1112)
[19:52:00] [INFO] [PersistManager] First-launch difficulty menu shown
[19:52:00] [INFO] [UnlockManager] Reset condition-gated items to locked state
[19:52:00] [INFO] [UnlockManager] Skipped restore for weapon 'silenced_pistol' (condition not met — treating as corrupt save)
[19:52:00] [INFO] [UnlockManager] Skipped restore for weapon 'ak_gl' (condition not met — treating as corrupt save)
[HitEffectsManager] Saturation shader warmup complete in 170 ms
[19:52:00] [INFO] [PenultimateHit] Shader warmup complete in 150 ms
[19:52:00] [INFO] [LastChance] Shader warmup complete in 150 ms
[19:52:00] [INFO] [CinemaEffects] Cinema shader warmup complete in 57 ms
[19:52:00] [INFO] [BlackMetalEffectsManager] Shader warmup complete in 49 ms
[19:52:00] [INFO] [BlackMetalLightningEffectsManager] Shader warmup complete in 0 ms
[19:52:00] [INFO] [FlashbangPlayer] Shader warmup complete in 47 ms


 ---  Gut  ---
[1m[INFO]:  [0musing [/workspace/.local/share/godot/app_userdata/Godot Top-Down Template] for temporary output.
Godot version:  4.3.0
GUT version:  9.2.1
SCRIPT ERROR: Parse Error: Function "assert_gte()" not found in base self.
          at: GDScript::reload (res://tests/unit/test_aggression_cloud_visual.gd:111)
SCRIPT ERROR: Parse Error: Function "assert_gte()" not found in base self.
          at: GDScript::reload (res://tests/unit/test_aggression_cloud_visual.gd:132)
SCRIPT ERROR: Parse Error: Function "assert_lte()" not found in base self.
          at: GDScript::reload (res://tests/unit/test_aggression_cloud_visual.gd:133)
SCRIPT ERROR: Parse Error: Function "assert_gte()" not found in base self.
          at: GDScript::reload (res://tests/unit/test_aggression_cloud_visual.gd:214)
ERROR: Failed to load script "res://tests/unit/test_aggression_cloud_visual.gd" with error "Parse error".
   at: load (modules/gdscript/gdscript.cpp:2936)
[33m[WARNING]:  [0mIgnoring script res://tests/unit/test_aggression_cloud_visual.gd because it does not extend GutTest
SCRIPT ERROR: Parse Error: Member "velocity" redefined (original in native class 'CharacterBody2D')
          at: GDScript::reload (res://tests/unit/test_aggression_component.gd:21)
ERROR: Failed to load script "res://tests/unit/test_aggression_component.gd" with error "Parse error".
   at: load (modules/gdscript/gdscript.cpp:2936)
[33m[WARNING]:  [0mIgnoring script res://tests/unit/test_aggression_component.gd because it does not extend GutTest
SCRIPT ERROR: Parse Error: Function "assert_gte()" not found in base self.
          at: GDScript::reload (res://tests/unit/test_animated_score_screen.gd:344)
ERROR: Failed to load script "res://tests/unit/test_animated_score_screen.gd" with error "Parse error".
   at: load (modules/gdscript/gdscript.cpp:2936)
[33m[WARNING]:  [0mIgnoring script res://tests/unit/test_animated_score_screen.gd because it does not extend GutTest
SCRIPT ERROR: Parse Error: Function "assert_gte()" not found in base self.
          at: GDScript::reload (res://tests/unit/test_armored_skin_shard.gd:157)
SCRIPT ERROR: Parse Error: Function "assert_le()" not found in base self.
          at: GDScript::reload (res://tests/unit/test_armored_skin_shard.gd:214)
ERROR: Failed to load script "res://tests/unit/test_armored_skin_shard.gd" with error "Parse error".
   at: load (modules/gdscript/gdscript.cpp:2936)
[33m[WARNING]:  [0mIgnoring script res://tests/unit/test_armored_skin_shard.gd because it does not extend GutTest
SCRIPT ERROR: Parse Error: The function signature doesn't match the parent. Parent signature is "has_method(StringName) -> bool".
          at: GDScript::reload (res://tests/unit/test_armory_menu.gd:233)
SCRIPT ERROR: Parse Error: The function signature doesn't match the parent. Parent signature is "get(StringName) -> Variant".
          at: GDScript::reload (res://tests/unit/test_armory_menu.gd:921)
SCRIPT ERROR: Parse Error: The method "has_method()" overrides a method from native class "Object". This won't be called by the engine and may not work as expected. (Warning treated as error.)
          at: GDScript::reload (res://tests/unit/test_armory_menu.gd:233)
SCRIPT ERROR: Parse Error: The method "get()" overrides a method from native class "Object". This won't be called by the engine and may not work as expected. (Warning treated as error.)
          at: GDScript::reload (res://tests/unit/test_armory_menu.gd:921)
ERROR: Failed to load script "res://tests/unit/test_armory_menu.gd" with error "Parse error".
   at: load (modules/gdscript/gdscript.cpp:2936)
[33m[WARNING]:  [0mIgnoring script res://tests/unit/test_armory_menu.gd because it does not extend GutTest
SCRIPT ERROR: Parse Error: The function signature doesn't match the parent. Parent signature is "has_method(StringName) -> bool".
          at: GDScript::reload (res://tests/unit/test_armory_score_screen_highlight.gd:27)
SCRIPT ERROR: Parse Error: The method "has_method()" overrides a method from native class "Object". This won't be called by the engine and may not work as expected. (Warning treated as error.)
          at: GDScript::reload (res://tests/unit/test_armory_score_screen_highlight.gd:27)
ERROR: Failed to load script "res://tests/unit/test_armory_score_screen_highlight.gd" with error "Parse error".
   at: load (modules/gdscript/gdscript.cpp:2936)
[33m[WARNING]:  [0mIgnoring script res://tests/unit/test_armory_score_screen_highlight.gd because it does not extend GutTest
SCRIPT ERROR: Parse Error: Expected statement, found "_" instead.
          at: GDScript::reload (res://tests/unit/test_auto_reload.gd:481)
ERROR: Failed to load script "res://tests/unit/test_auto_reload.gd" with error "Parse error".
   at: load (modules/gdscript/gdscript.cpp:2936)
[33m[WARNING]:  [0mIgnoring script res://tests/unit/test_auto_reload.gd because it does not extend GutTest
SCRIPT ERROR: Parse Error: Value of type "RefCounted" cannot be assigned to a variable of type "Node".
          at: GDScript::reload (res://tests/unit/test_bff_pendant.gd:913)
SCRIPT ERROR: Parse Error: Value of type "RefCounted" cannot be assigned to a variable of type "Node".
          at: GDScript::reload (res://tests/unit/test_bff_pendant.gd:928)
SCRIPT ERROR: Parse Error: Value of type "RefCounted" cannot be assigned to a variable of type "Node".
          at: GDScript::reload (res://tests/unit/test_bff_pendant.gd:929)
SCRIPT ERROR: Parse Error: Value of type "RefCounted" cannot be assigned to a variable of type "Node".
          at: GDScript::reload (res://tests/unit/test_bff_pendant.gd:945)
SCRIPT ERROR: Parse Error: Value of type "RefCounted" cannot be assigned to a variable of type "Node".
          at: GDScript::reload (res://tests/unit/test_bff_pendant.gd:972)
SCRIPT ERROR: Parse Error: Value of type "RefCounted" cannot be assigned to a variable of type "Node".
          at: GDScript::reload (res://tests/unit/test_bff_pendant.gd:975)
ERROR: Failed to load script "res://tests/unit/test_bff_pendant.gd" with error "Parse error".
   at: load (modules/gdscript/gdscript.cpp:2936)
[33m[WARNING]:  [0mIgnoring script res://tests/unit/test_bff_pendant.gd because it does not extend GutTest
SCRIPT ERROR: Parse Error: The function signature doesn't match the parent. Parent signature is "get(StringName) -> Variant".
          at: GDScript::reload (res://tests/unit/test_bff_targeting_component.gd:20)
SCRIPT ERROR: Parse Error: The method "get()" overrides a method from native class "Object". This won't be called by the engine and may not work as expected. (Warning treated as error.)
          at: GDScript::reload (res://tests/unit/test_bff_targeting_component.gd:20)
ERROR: Failed to load script "res://tests/unit/test_bff_targeting_component.gd" with error "Parse error".
   at: load (modules/gdscript/gdscript.cpp:2936)
[33m[WARNING]:  [0mIgnoring script res://tests/unit/test_bff_targeting_component.gd because it does not extend GutTest
SCRIPT ERROR: Parse Error: Function "assert_gte()" not found in base self.
          at: GDScript::reload (res://tests/unit/test_black_metal_lightning.gd:77)
SCRIPT ERROR: Parse Error: Function "assert_lte()" not found in base self.
          at: GDScript::reload (res://tests/unit/test_black_metal_lightning.gd:78)
SCRIPT ERROR: Parse Error: Function "assert_gte()" not found in base self.
          at: GDScript::reload (res://tests/unit/test_black_metal_lightning.gd:82)
SCRIPT ERROR: Parse Error: Function "assert_lte()" not found in base self.
          at: GDScript::reload (res://tests/unit/test_black_metal_lightning.gd:83)
SCRIPT ERROR: Parse Error: Function "assert_lte()" not found in base self.
          at: GDScript::reload (res://tests/unit/test_black_metal_lightning.gd:173)
ERROR: Failed to load script "res://tests/unit/test_black_metal_lightning.gd" with error "Parse error".
   at: load (modules/gdscript/gdscript.cpp:2936)
[33m[WARNING]:  [0mIgnoring script res://tests/unit/test_black_metal_lightning.gd because it does not extend GutTest
SCRIPT ERROR: Parse Error: Function "assert_gte()" not found in base self.
          at: GDScript::reload (res://tests/unit/test_blood_effects.gd:716)
SCRIPT ERROR: Parse Error: Function "assert_lte()" not found in base self.
          at: GDScript::reload (res://tests/unit/test_blood_effects.gd:718)
SCRIPT ERROR: Parse Error: Function "assert_gte()" not found in base self.
          at: GDScript::reload (res://tests/unit/test_blood_effects.gd:723)
SCRIPT ERROR: Parse Error: Function "assert_lte()" not found in base self.
          at: GDScript::reload (res://tests/unit/test_blood_effects.gd:725)
SCRIPT ERROR: Parse Error: Function "assert_gte()" not found in base self.
          at: GDScript::reload (res://tests/unit/test_blood_effects.gd:735)
ERROR: Failed to load script "res://tests/unit/test_blood_effects.gd" with error "Parse error".
   at: load (modules/gdscript/gdscript.cpp:2936)
[33m[WARNING]:  [0mIgnoring script res://tests/unit/test_blood_effects.gd because it does not extend GutTest
SCRIPT ERROR: Parse Error: Cannot infer the type of "expected_alpha" variable because the value doesn't have a set type.
          at: GDScript::reload (res://tests/unit/test_bloody_feet_component.gd:114)
SCRIPT ERROR: Parse Error: Cannot infer the type of "calculated_alpha" variable because the value doesn't have a set type.
          at: GDScript::reload (res://tests/unit/test_bloody_feet_component.gd:116)
SCRIPT ERROR: Parse Error: Cannot infer the type of "initial" variable because the value doesn't have a set type.
          at: GDScript::reload (res://tests/unit/test_bloody_feet_component.gd:122)
SCRIPT ERROR: Parse Error: Cannot infer the type of "decay" variable because the value doesn't have a set type.
          at: GDScript::reload (res://tests/unit/test_bloody_feet_component.gd:123)
SCRIPT ERROR: Parse Error: Cannot infer the type of "alpha_1" variable because the value doesn't have a set type.
          at: GDScript::reload (res://tests/unit/test_bloody_feet_component.gd:126)
SCRIPT ERROR: Parse Error: Cannot infer the type of "alpha_2" variable because the value doesn't have a set type.
          at: GDScript::reload (res://tests/unit/test_bloody_feet_component.gd:128)
SCRIPT ERROR: Parse Error: Cannot infer the type of "alpha_3" variable because the value doesn't have a set type.
          at: GDScript::reload (res://tests/unit/test_bloody_feet_component.gd:130)
SCRIPT ERROR: Parse Error: Cannot infer the type of "steps" variable because the value doesn't have a set type.
          at: GDScript::reload (res://tests/unit/test_bloody_feet_component.gd:139)
SCRIPT ERROR: Parse Error: Cannot infer the type of "last_step_index" variable because the value doesn't have a set type.
          at: GDScript::reload (res://tests/unit/test_bloody_feet_component.gd:140)
SCRIPT ERROR: Parse Error: Cannot infer the type of "expected_alpha" variable because the value doesn't have a set type.
          at: GDScript::reload (res://tests/unit/test_bloody_feet_component.gd:141)
SCRIPT ERROR: Parse Error: Cannot infer the type of "bad_component" variable because the value doesn't have a set type.
          at: GDScript::reload (res://tests/unit/test_bloody_feet_component.gd:152)
ERROR: Failed to load script "res://tests/unit/test_bloody_feet_component.gd" with error "Parse error".
   at: load (modules/gdscript/gdscript.cpp:2936)
[33m[WARNING]:  [0mIgnoring script res://tests/unit/test_bloody_feet_component.gd because it does not extend GutTest
SCRIPT ERROR: Parse Error: Function "assert_lte()" not found in base self.
          at: GDScript::reload (res://tests/unit/test_breaching_charges_effect.gd:414)
SCRIPT ERROR: Parse Error: Function "assert_gte()" not found in base self.
          at: GDScript::reload (res://tests/unit/test_breaching_charges_effect.gd:475)
SCRIPT ERROR: Parse Error: Function "assert_lte()" not found in base self.
          at: GDScript::reload (res://tests/unit/test_breaching_charges_effect.gd:477)
SCRIPT ERROR: Parse Error: Function "assert_lte()" not found in base self.
          at: GDScript::reload (res://tests/unit/test_breaching_charges_effect.gd:830)
ERROR: Failed to load script "res://tests/unit/test_breaching_charges_effect.gd" with error "Parse error".
   at: load (modules/gdscript/gdscript.cpp:2936)
[33m[WARNING]:  [0mIgnoring script res://tests/unit/test_breaching_charges_effect.gd because it does not extend GutTest
SCRIPT ERROR: Parse Error: Function "assert_ge()" not found in base self.
          at: GDScript::reload (res://tests/unit/test_breaker_bullet.gd:243)
SCRIPT ERROR: Parse Error: Function "assert_le()" not found in base self.
          at: GDScript::reload (res://tests/unit/test_breaker_bullet.gd:268)
SCRIPT ERROR: Parse Error: The variable type is being inferred from a Variant value, so it will be typed as Variant. (Warning treated as error.)
          at: GDScript::reload (res://tests/unit/test_breaker_bullet.gd:264)
SCRIPT ERROR: Parse Error: The variable type is being inferred from a Variant value, so it will be typed as Variant. (Warning treated as error.)
          at: GDScript::reload (res://tests/unit/test_breaker_bullet.gd:279)
ERROR: Failed to load script "res://tests/unit/test_breaker_bullet.gd" with error "Parse error".
   at: load (modules/gdscript/gdscript.cpp:2936)
[33m[WARNING]:  [0mIgnoring script res://tests/unit/test_breaker_bullet.gd because it does not extend GutTest
SCRIPT ERROR: Parse Error: Function "assert_ge()" not found in base self.
          at: GDScript::reload (res://tests/unit/test_breaker_shrapnel.gd:241)
SCRIPT ERROR: Parse Error: Function "assert_le()" not found in base self.
          at: GDScript::reload (res://tests/unit/test_breaker_shrapnel.gd:380)
ERROR: Failed to load script "res://tests/unit/test_breaker_shrapnel.gd" with error "Parse error".
   at: load (modules/gdscript/gdscript.cpp:2936)
[33m[WARNING]:  [0mIgnoring script res://tests/unit/test_breaker_shrapnel.gd because it does not extend GutTest
SCRIPT ERROR: Parse Error: Function "assert_gte()" not found in base self.
          at: GDScript::reload (res://tests/unit/test_bullet_hole.gd:142)
SCRIPT ERROR: Parse Error: Function "assert_lte()" not found in base self.
          at: GDScript::reload (res://tests/unit/test_bullet_hole.gd:144)
ERROR: Failed to load script "res://tests/unit/test_bullet_hole.gd" with error "Parse error".
   at: load (modules/gdscript/gdscript.cpp:2936)
[33m[WARNING]:  [0mIgnoring script res://tests/unit/test_bullet_hole.gd because it does not extend GutTest
SCRIPT ERROR: Parse Error: The function signature doesn't match the parent. Parent signature is "has_method(StringName) -> bool".
          at: GDScript::reload (res://tests/unit/test_casing_explosion_reaction.gd:41)
SCRIPT ERROR: Parse Error: Cannot infer the type of "direction" variable because the value doesn't have a set type.
          at: GDScript::reload (res://tests/unit/test_casing_explosion_reaction.gd:128)
SCRIPT ERROR: Parse Error: Cannot infer the type of "impulse" variable because the value doesn't have a set type.
          at: GDScript::reload (res://tests/unit/test_casing_explosion_reaction.gd:143)
SCRIPT ERROR: Parse Error: The method "has_method()" overrides a method from native class "Object". This won't be called by the engine and may not work as expected. (Warning treated as error.)
          at: GDScript::reload (res://tests/unit/test_casing_explosion_reaction.gd:41)
ERROR: Failed to load script "res://tests/unit/test_casing_explosion_reaction.gd" with error "Parse error".
   at: load (modules/gdscript/gdscript.cpp:2936)
[33m[WARNING]:  [0mIgnoring script res://tests/unit/test_casing_explosion_reaction.gd because it does not extend GutTest
SCRIPT ERROR: Parse Error: Function "assert_ge()" not found in base self.
          at: GDScript::reload (res://tests/unit/test_castle_level.gd:178)
ERROR: Failed to load script "res://tests/unit/test_castle_level.gd" with error "Parse error".
   at: load (modules/gdscript/gdscript.cpp:2936)
[33m[WARNING]:  [0mIgnoring script res://tests/unit/test_castle_level.gd because it does not extend GutTest
SCRIPT ERROR: Parse Error: Function "assert_gte()" not found in base self.
          at: GDScript::reload (res://tests/unit/test_cinema_effects_manager.gd:1324)
SCRIPT ERROR: Parse Error: Function "assert_lte()" not found in base self.
          at: GDScript::reload (res://tests/unit/test_cinema_effects_manager.gd:1326)
SCRIPT ERROR: Parse Error: Function "assert_gte()" not found in base self.
          at: GDScript::reload (res://tests/unit/test_cinema_effects_manager.gd:1328)
SCRIPT ERROR: Parse Error: Function "assert_lte()" not found in base self.
          at: GDScript::reload (res://tests/unit/test_cinema_effects_manager.gd:1330)
ERROR: Failed to load script "res://tests/unit/test_cinema_effects_manager.gd" with error "Parse error".
   at: load (modules/gdscript/gdscript.cpp:2936)
[33m[WARNING]:  [0mIgnoring script res://tests/unit/test_cinema_effects_manager.gd because it does not extend GutTest
SCRIPT ERROR: Parse Error: The function signature doesn't match the parent. Parent signature is "has_method(StringName) -> bool".
          at: GDScript::reload (res://tests/unit/test_cover_raycast_monitor.gd:29)
SCRIPT ERROR: Parse Error: The method "has_method()" overrides a method from native class "Object". This won't be called by the engine and may not work as expected. (Warning treated as error.)
          at: GDScript::reload (res://tests/unit/test_cover_raycast_monitor.gd:29)
ERROR: Failed to load script "res://tests/unit/test_cover_raycast_monitor.gd" with error "Parse error".
   at: load (modules/gdscript/gdscript.cpp:2936)
[33m[WARNING]:  [0mIgnoring script res://tests/unit/test_cover_raycast_monitor.gd because it does not extend GutTest
SCRIPT ERROR: Parse Error: The function signature doesn't match the parent. Parent signature is "has_method(StringName) -> bool".
          at: GDScript::reload (res://tests/unit/test_defensive_grenade.gd:35)
SCRIPT ERROR: Parse Error: The method "has_method()" overrides a method from native class "Object". This won't be called by the engine and may not work as expected. (Warning treated as error.)
          at: GDScript::reload (res://tests/unit/test_defensive_grenade.gd:35)
ERROR: Failed to load script "res://tests/unit/test_defensive_grenade.gd" with error "Parse error".
   at: load (modules/gdscript/gdscript.cpp:2936)
[33m[WARNING]:  [0mIgnoring script res://tests/unit/test_defensive_grenade.gd because it does not extend GutTest
SCRIPT ERROR: Parse Error: Function "assert_ge()" not found in base self.
          at: GDScript::reload (res://tests/unit/test_difficulty_manager.gd:616)
SCRIPT ERROR: Parse Error: Function "assert_ge()" not found in base self.
          at: GDScript::reload (res://tests/unit/test_difficulty_manager.gd:689)
ERROR: Failed to load script "res://tests/unit/test_difficulty_manager.gd" with error "Parse error".
   at: load (modules/gdscript/gdscript.cpp:2936)
[33m[WARNING]:  [0mIgnoring script res://tests/unit/test_difficulty_manager.gd because it does not extend GutTest
SCRIPT ERROR: Parse Error: Function "assert_gte()" not found in base self.
          at: GDScript::reload (res://tests/unit/test_drone_operator.gd:376)
SCRIPT ERROR: Parse Error: Function "assert_gte()" not found in base self.
          at: GDScript::reload (res://tests/unit/test_drone_operator.gd:383)
SCRIPT ERROR: Parse Error: Function "assert_gte()" not found in base self.
          at: GDScript::reload (res://tests/unit/test_drone_operator.gd:391)
SCRIPT ERROR: Parse Error: Function "assert_gte()" not found in base self.
          at: GDScript::reload (res://tests/unit/test_drone_operator.gd:401)
ERROR: Failed to load script "res://tests/unit/test_drone_operator.gd" with error "Parse error".
   at: load (modules/gdscript/gdscript.cpp:2936)
[33m[WARNING]:  [0mIgnoring script res://tests/unit/test_drone_operator.gd because it does not extend GutTest
SCRIPT ERROR: Parse Error: Function "assert_gte()" not found in base self.
          at: GDScript::reload (res://tests/unit/test_effects.gd:395)
SCRIPT ERROR: Parse Error: Function "assert_lte()" not found in base self.
          at: GDScript::reload (res://tests/unit/test_effects.gd:396)
SCRIPT ERROR: Parse Error: Function "assert_gte()" not found in base self.
          at: GDScript::reload (res://tests/unit/test_effects.gd:397)
SCRIPT ERROR: Parse Error: Function "assert_lte()" not found in base self.
          at: GDScript::reload (res://tests/unit/test_effects.gd:398)
ERROR: Failed to load script "res://tests/unit/test_effects.gd" with error "Parse error".
   at: load (modules/gdscript/gdscript.cpp:2936)
[33m[WARNING]:  [0mIgnoring script res://tests/unit/test_effects.gd because it does not extend GutTest
SCRIPT ERROR: Parse Error: The variable type is being inferred from a Variant value, so it will be typed as Variant. (Warning treated as error.)
          at: GDScript::reload (res://tests/unit/test_enemy_flashlight_component.gd:168)
ERROR: Failed to load script "res://tests/unit/test_enemy_flashlight_component.gd" with error "Parse error".
   at: load (modules/gdscript/gdscript.cpp:2936)
[33m[WARNING]:  [0mIgnoring script res://tests/unit/test_enemy_flashlight_component.gd because it does not extend GutTest
SCRIPT ERROR: Parse Error: The function signature doesn't match the parent. Parent signature is "has_method(StringName) -> bool".
          at: GDScript::reload (res://tests/unit/test_enemy_path_monitor.gd:31)
SCRIPT ERROR: Parse Error: The method "has_method()" overrides a method from native class "Object". This won't be called by the engine and may not work as expected. (Warning treated as error.)
          at: GDScript::reload (res://tests/unit/test_enemy_path_monitor.gd:31)
ERROR: Failed to load script "res://tests/unit/test_enemy_path_monitor.gd" with error "Parse error".
   at: load (modules/gdscript/gdscript.cpp:2936)
[33m[WARNING]:  [0mIgnoring script res://tests/unit/test_enemy_path_monitor.gd because it does not extend GutTest
SCRIPT ERROR: Parse Error: Function "assert_ge()" not found in base self.
          at: GDScript::reload (res://tests/unit/test_enemy_sniper_component.gd:81)
ERROR: Failed to load script "res://tests/unit/test_enemy_sniper_component.gd" with error "Parse error".
   at: load (modules/gdscript/gdscript.cpp:2936)
[33m[WARNING]:  [0mIgnoring script res://tests/unit/test_enemy_sniper_component.gd because it does not extend GutTest
SCRIPT ERROR: Parse Error: Function "assert_gte()" not found in base self.
          at: GDScript::reload (res://tests/unit/test_enemy_spawner_1342.gd:150)
SCRIPT ERROR: Parse Error: Function "assert_gte()" not found in base self.
          at: GDScript::reload (res://tests/unit/test_enemy_spawner_1342.gd:200)
SCRIPT ERROR: Parse Error: Function "assert_gte()" not found in base self.
          at: GDScript::reload (res://tests/unit/test_enemy_spawner_1342.gd:206)
SCRIPT ERROR: Parse Error: Function "assert_gte()" not found in base self.
          at: GDScript::reload (res://tests/unit/test_enemy_spawner_1342.gd:212)
SCRIPT ERROR: Parse Error: Function "assert_gte()" not found in base self.
          at: GDScript::reload (res://tests/unit/test_enemy_spawner_1342.gd:218)
SCRIPT ERROR: Parse Error: Function "assert_gte()" not found in base self.
          at: GDScript::reload (res://tests/unit/test_enemy_spawner_1342.gd:224)
SCRIPT ERROR: Parse Error: Function "assert_gte()" not found in base self.
          at: GDScript::reload (res://tests/unit/test_enemy_spawner_1342.gd:230)
SCRIPT ERROR: Parse Error: Function "assert_gte()" not found in base self.
          at: GDScript::reload (res://tests/unit/test_enemy_spawner_1342.gd:238)
SCRIPT ERROR: Parse Error: Function "assert_gte()" not found in base self.
          at: GDScript::reload (res://tests/unit/test_enemy_spawner_1342.gd:246)
SCRIPT ERROR: Parse Error: Function "assert_gte()" not found in base self.
          at: GDScript::reload (res://tests/unit/test_enemy_spawner_1342.gd:254)
SCRIPT ERROR: Parse Error: Function "assert_gte()" not found in base self.
          at: GDScript::reload (res://tests/unit/test_enemy_spawner_1342.gd:262)
SCRIPT ERROR: Parse Error: Function "assert_gte()" not found in base self.
          at: GDScript::reload (res://tests/unit/test_enemy_spawner_1342.gd:426)
ERROR: Failed to load script "res://tests/unit/test_enemy_spawner_1342.gd" with error "Parse error".
   at: load (modules/gdscript/gdscript.cpp:2936)
[33m[WARNING]:  [0mIgnoring script res://tests/unit/test_enemy_spawner_1342.gd because it does not extend GutTest
SCRIPT ERROR: Parse Error: The function signature doesn't match the parent. Parent signature is "has_method(StringName) -> bool".
          at: GDScript::reload (res://tests/unit/test_enemy_states.gd:55)
SCRIPT ERROR: Parse Error: Invalid argument for "new()" function: argument 1 should be "Node2D" but is "MockEnemy".
          at: GDScript::reload (res://tests/unit/test_enemy_states.gd:76)
SCRIPT ERROR: Parse Error: Invalid argument for "new()" function: argument 1 should be "Node2D" but is "MockEnemy".
          at: GDScript::reload (res://tests/unit/test_enemy_states.gd:83)
SCRIPT ERROR: Parse Error: Invalid argument for "new()" function: argument 1 should be "Node2D" but is "MockEnemy".
          at: GDScript::reload (res://tests/unit/test_enemy_states.gd:90)
SCRIPT ERROR: Parse Error: Invalid argument for "new()" function: argument 1 should be "Node2D" but is "MockEnemy".
          at: GDScript::reload (res://tests/unit/test_enemy_states.gd:98)
SCRIPT ERROR: Parse Error: Invalid argument for "new()" function: argument 1 should be "Node2D" but is "MockEnemy".
          at: GDScript::reload (res://tests/unit/test_enemy_states.gd:106)
SCRIPT ERROR: Parse Error: Invalid argument for "new()" function: argument 1 should be "Node2D" but is "MockEnemy".
          at: GDScript::reload (res://tests/unit/test_enemy_states.gd:115)
SCRIPT ERROR: Parse Error: Invalid argument for "new()" function: argument 1 should be "Node2D" but is "MockEnemy".
          at: GDScript::reload (res://tests/unit/test_enemy_states.gd:122)
SCRIPT ERROR: Parse Error: Invalid argument for "new()" function: argument 1 should be "Node2D" but is "MockEnemy".
          at: GDScript::reload (res://tests/unit/test_enemy_states.gd:135)
SCRIPT ERROR: Parse Error: Invalid argument for "new()" function: argument 1 should be "Node2D" but is "MockEnemy".
          at: GDScript::reload (res://tests/unit/test_enemy_states.gd:142)
SCRIPT ERROR: Parse Error: Invalid argument for "new()" function: argument 1 should be "Node2D" but is "MockEnemy".
          at: GDScript::reload (res://tests/unit/test_enemy_states.gd:149)
SCRIPT ERROR: Parse Error: Invalid argument for "new()" function: argument 1 should be "Node2D" but is "MockEnemy".
          at: GDScript::reload (res://tests/unit/test_enemy_states.gd:161)
SCRIPT ERROR: Parse Error: Invalid argument for "new()" function: argument 1 should be "Node2D" but is "MockEnemy".
          at: GDScript::reload (res://tests/unit/test_enemy_states.gd:169)
SCRIPT ERROR: Parse Error: Invalid argument for "new()" function: argument 1 should be "Node2D" but is "MockEnemy".
          at: GDScript::reload (res://tests/unit/test_enemy_states.gd:182)
SCRIPT ERROR: Parse Error: Invalid argument for "new()" function: argument 1 should be "Node2D" but is "MockEnemy".
          at: GDScript::reload (res://tests/unit/test_enemy_states.gd:193)
SCRIPT ERROR: Parse Error: Invalid argument for "new()" function: argument 1 should be "Node2D" but is "MockEnemy".
          at: GDScript::reload (res://tests/unit/test_enemy_states.gd:204)
SCRIPT ERROR: Parse Error: Invalid argument for "new()" function: argument 1 should be "Node2D" but is "MockEnemy".
          at: GDScript::reload (res://tests/unit/test_enemy_states.gd:221)
SCRIPT ERROR: Parse Error: Invalid argument for "new()" function: argument 1 should be "Node2D" but is "MockEnemy".
          at: GDScript::reload (res://tests/unit/test_enemy_states.gd:232)
SCRIPT ERROR: Parse Error: Invalid argument for "new()" function: argument 1 should be "Node2D" but is "MockEnemy".
          at: GDScript::reload (res://tests/unit/test_enemy_states.gd:244)
SCRIPT ERROR: Parse Error: Invalid argument for "new()" function: argument 1 should be "Node2D" but is "MockEnemy".
          at: GDScript::reload (res://tests/unit/test_enemy_states.gd:257)
SCRIPT ERROR: Parse Error: Invalid argument for "new()" function: argument 1 should be "Node2D" but is "MockEnemy".
          at: GDScript::reload (res://tests/unit/test_enemy_states.gd:269)
SCRIPT ERROR: Parse Error: Invalid argument for "new()" function: argument 1 should be "Node2D" but is "MockEnemy".
          at: GDScript::reload (res://tests/unit/test_enemy_states.gd:283)
SCRIPT ERROR: Parse Error: Invalid argument for "new()" function: argument 1 should be "Node2D" but is "MockEnemy".
          at: GDScript::reload (res://tests/unit/test_enemy_states.gd:299)
SCRIPT ERROR: Parse Error: Invalid argument for "new()" function: argument 1 should be "Node2D" but is "MockEnemy".
          at: GDScript::reload (res://tests/unit/test_enemy_states.gd:316)
SCRIPT ERROR: Parse Error: Invalid argument for "new()" function: argument 1 should be "Node2D" but is "MockEnemy".
          at: GDScript::reload (res://tests/unit/test_enemy_states.gd:336)
SCRIPT ERROR: Parse Error: Invalid argument for "new()" function: argument 1 should be "Node2D" but is "MockEnemy".
          at: GDScript::reload (res://tests/unit/test_enemy_states.gd:347)
SCRIPT ERROR: Parse Error: Invalid argument for "new()" function: argument 1 should be "Node2D" but is "MockEnemy".
          at: GDScript::reload (res://tests/unit/test_enemy_states.gd:364)
SCRIPT ERROR: Parse Error: Invalid argument for "new()" function: argument 1 should be "Node2D" but is "MockEnemy".
          at: GDScript::reload (res://tests/unit/test_enemy_states.gd:400)
SCRIPT ERROR: Parse Error: Invalid argument for "new()" function: argument 1 should be "Node2D" but is "MockEnemy".
          at: GDScript::reload (res://tests/unit/test_enemy_states.gd:419)
SCRIPT ERROR: Parse Error: Invalid argument for "new()" function: argument 1 should be "Node2D" but is "MockEnemy".
          at: GDScript::reload (res://tests/unit/test_enemy_states.gd:437)
SCRIPT ERROR: Parse Error: Invalid argument for "new()" function: argument 1 should be "Node2D" but is "MockEnemy".
          at: GDScript::reload (res://tests/unit/test_enemy_states.gd:449)
SCRIPT ERROR: Parse Error: Invalid argument for "new()" function: argument 1 should be "Node2D" but is "MockEnemy".
          at: GDScript::reload (res://tests/unit/test_enemy_states.gd:465)
SCRIPT ERROR: Parse Error: Invalid argument for "new()" function: argument 1 should be "Node2D" but is "MockEnemy".
          at: GDScript::reload (res://tests/unit/test_enemy_states.gd:478)
SCRIPT ERROR: Parse Error: The method "has_method()" overrides a method from native class "Object". This won't be called by the engine and may not work as expected. (Warning treated as error.)
          at: GDScript::reload (res://tests/unit/test_enemy_states.gd:55)
ERROR: Failed to load script "res://tests/unit/test_enemy_states.gd" with error "Parse error".
   at: load (modules/gdscript/gdscript.cpp:2936)
[33m[WARNING]:  [0mIgnoring script res://tests/unit/test_enemy_states.gd because it does not extend GutTest
SCRIPT ERROR: Parse Error: Function "assert_gte()" not found in base self.
          at: GDScript::reload (res://tests/unit/test_experimental_sample_item_popup.gd:98)
ERROR: Failed to load script "res://tests/unit/test_experimental_sample_item_popup.gd" with error "Parse error".
   at: load (modules/gdscript/gdscript.cpp:2936)
[33m[WARNING]:  [0mIgnoring script res://tests/unit/test_experimental_sample_item_popup.gd because it does not extend GutTest
SCRIPT ERROR: Parse Error: Function "assert_gte()" not found in base self.
          at: GDScript::reload (res://tests/unit/test_explosion_scorch_mark.gd:295)
ERROR: Failed to load script "res://tests/unit/test_explosion_scorch_mark.gd" with error "Parse error".
   at: load (modules/gdscript/gdscript.cpp:2936)
[33m[WARNING]:  [0mIgnoring script res://tests/unit/test_explosion_scorch_mark.gd because it does not extend GutTest
SCRIPT ERROR: Parse Error: The variable type is being inferred from a Variant value, so it will be typed as Variant. (Warning treated as error.)
          at: GDScript::reload (res://tests/unit/test_flashlight_effect.gd:201)
ERROR: Failed to load script "res://tests/unit/test_flashlight_effect.gd" with error "Parse error".
   at: load (modules/gdscript/gdscript.cpp:2936)
[33m[WARNING]:  [0mIgnoring script res://tests/unit/test_flashlight_effect.gd because it does not extend GutTest
SCRIPT ERROR: Parse Error: The function signature doesn't match the parent. Parent signature is "get(StringName) -> Variant".
          at: GDScript::reload (res://tests/unit/test_force_field_tracer_trail.gd:37)
SCRIPT ERROR: Parse Error: The function signature doesn't match the parent. Parent signature is "set(StringName, Variant) -> void".
          at: GDScript::reload (res://tests/unit/test_force_field_tracer_trail.gd:46)
SCRIPT ERROR: Parse Error: The function signature doesn't match the parent. Parent signature is "get(StringName) -> Variant".
          at: GDScript::reload (res://tests/unit/test_force_field_tracer_trail.gd:73)
SCRIPT ERROR: Parse Error: The function signature doesn't match the parent. Parent signature is "set(StringName, Variant) -> void".
          at: GDScript::reload (res://tests/unit/test_force_field_tracer_trail.gd:82)
SCRIPT ERROR: Parse Error: The method "get()" overrides a method from native class "Object". This won't be called by the engine and may not work as expected. (Warning treated as error.)
          at: GDScript::reload (res://tests/unit/test_force_field_tracer_trail.gd:37)
SCRIPT ERROR: Parse Error: The method "set()" overrides a method from native class "Object". This won't be called by the engine and may not work as expected. (Warning treated as error.)
          at: GDScript::reload (res://tests/unit/test_force_field_tracer_trail.gd:46)
SCRIPT ERROR: Parse Error: The method "get()" overrides a method from native class "Object". This won't be called by the engine and may not work as expected. (Warning treated as error.)
          at: GDScript::reload (res://tests/unit/test_force_field_tracer_trail.gd:73)
SCRIPT ERROR: Parse Error: The method "set()" overrides a method from native class "Object". This won't be called by the engine and may not work as expected. (Warning treated as error.)
          at: GDScript::reload (res://tests/unit/test_force_field_tracer_trail.gd:82)
ERROR: Failed to load script "res://tests/unit/test_force_field_tracer_trail.gd" with error "Parse error".
   at: load (modules/gdscript/gdscript.cpp:2936)
[33m[WARNING]:  [0mIgnoring script res://tests/unit/test_force_field_tracer_trail.gd because it does not extend GutTest
SCRIPT ERROR: Parse Error: Function "assert_gte()" not found in base self.
          at: GDScript::reload (res://tests/unit/test_force_field_visual.gd:380)
SCRIPT ERROR: Parse Error: Function "assert_lte()" not found in base self.
          at: GDScript::reload (res://tests/unit/test_force_field_visual.gd:382)
ERROR: Failed to load script "res://tests/unit/test_force_field_visual.gd" with error "Parse error".
   at: load (modules/gdscript/gdscript.cpp:2936)
[33m[WARNING]:  [0mIgnoring script res://tests/unit/test_force_field_visual.gd because it does not extend GutTest
SCRIPT ERROR: Parse Error: The function signature doesn't match the parent. Parent signature is "has_method(StringName) -> bool".
          at: GDScript::reload (res://tests/unit/test_frag_grenade.gd:37)
SCRIPT ERROR: Parse Error: The method "has_method()" overrides a method from native class "Object". This won't be called by the engine and may not work as expected. (Warning treated as error.)
          at: GDScript::reload (res://tests/unit/test_frag_grenade.gd:37)
ERROR: Failed to load script "res://tests/unit/test_frag_grenade.gd" with error "Parse error".
   at: load (modules/gdscript/gdscript.cpp:2936)
[33m[WARNING]:  [0mIgnoring script res://tests/unit/test_frag_grenade.gd because it does not extend GutTest
SCRIPT ERROR: Parse Error: Function "assert_gte()" not found in base self.
          at: GDScript::reload (res://tests/unit/test_grenade_avoidance_component.gd:747)
SCRIPT ERROR: Parse Error: The method "force_raycast_update()" overrides a method from native class "RayCast2D". This won't be called by the engine and may not work as expected. (Warning treated as error.)
          at: GDScript::reload (res://tests/unit/test_grenade_avoidance_component.gd:63)
SCRIPT ERROR: Parse Error: The method "is_colliding()" overrides a method from native class "RayCast2D". This won't be called by the engine and may not work as expected. (Warning treated as error.)
          at: GDScript::reload (res://tests/unit/test_grenade_avoidance_component.gd:67)
SCRIPT ERROR: Parse Error: The method "get_collider()" overrides a method from native class "RayCast2D". This won't be called by the engine and may not work as expected. (Warning treated as error.)
          at: GDScript::reload (res://tests/unit/test_grenade_avoidance_component.gd:70)
ERROR: Failed to load script "res://tests/unit/test_grenade_avoidance_component.gd" with error "Parse error".
   at: load (modules/gdscript/gdscript.cpp:2936)
[33m[WARNING]:  [0mIgnoring script res://tests/unit/test_grenade_avoidance_component.gd because it does not extend GutTest
SCRIPT ERROR: Parse Error: Function "assert_gte()" not found in base self.
          at: GDScript::reload (res://tests/unit/test_grenade_base.gd:395)
SCRIPT ERROR: Parse Error: Function "assert_le()" not found in base self.
          at: GDScript::reload (res://tests/unit/test_grenade_base.gd:402)
SCRIPT ERROR: Parse Error: Function "assert_le()" not found in base self.
          at: GDScript::reload (res://tests/unit/test_grenade_base.gd:652)
SCRIPT ERROR: Parse Error: Function "assert_le()" not found in base self.
          at: GDScript::reload (res://tests/unit/test_grenade_base.gd:726)
ERROR: Failed to load script "res://tests/unit/test_grenade_base.gd" with error "Parse error".
   at: load (modules/gdscript/gdscript.cpp:2936)
[33m[WARNING]:  [0mIgnoring script res://tests/unit/test_grenade_base.gd because it does not extend GutTest
SCRIPT ERROR: Parse Error: Cannot infer the type of "light" variable because the value doesn't have a set type.
          at: GDScript::reload (res://tests/unit/test_impact_effects_manager.gd:433)
ERROR: Failed to load script "res://tests/unit/test_impact_effects_manager.gd" with error "Parse error".
   at: load (modules/gdscript/gdscript.cpp:2936)
[33m[WARNING]:  [0mIgnoring script res://tests/unit/test_impact_effects_manager.gd because it does not extend GutTest
SCRIPT ERROR: Parse Error: Function "assert_gte()" not found in base self.
          at: GDScript::reload (res://tests/unit/test_invisible_player_suppressive_fire.gd:349)
ERROR: Failed to load script "res://tests/unit/test_invisible_player_suppressive_fire.gd" with error "Parse error".
   at: load (modules/gdscript/gdscript.cpp:2936)
[33m[WARNING]:  [0mIgnoring script res://tests/unit/test_invisible_player_suppressive_fire.gd because it does not extend GutTest
ERROR: No loader found for resource: res://assets/sprites/effects/casing_pistol.png (expected type: Texture2D)
   at: _load (core/io/resource_loader.cpp:291)
ERROR: res://resources/calibers/caliber_12p7x55.tres:8 - Parse Error: [ext_resource] referenced non-existent resource at: res://assets/sprites/effects/casing_pistol.png
   at: _parse_ext_resource (scene/resources/resource_format_text.cpp:159)
ERROR: res://resources/calibers/caliber_12p7x55.tres:8 - Parse Error: [ext_resource] referenced non-existent resource at: res://assets/sprites/effects/casing_pistol.png
   at: load (scene/resources/resource_format_text.cpp:717)
ERROR: Failed loading resource: res://resources/calibers/caliber_12p7x55.tres. Make sure resources have been imported by opening the project in the editor at least once.
   at: _load (core/io/resource_loader.cpp:283)
ERROR: res://resources/weapons/RevolverData.tres:24 - Parse Error: [ext_resource] referenced non-existent resource at: res://resources/calibers/caliber_12p7x55.tres
   at: _parse_ext_resource (scene/resources/resource_format_text.cpp:159)
ERROR: res://resources/weapons/RevolverData.tres:24 - Parse Error: [ext_resource] referenced non-existent resource at: res://resources/calibers/caliber_12p7x55.tres
   at: load (scene/resources/resource_format_text.cpp:717)
ERROR: Failed loading resource: res://resources/weapons/RevolverData.tres. Make sure resources have been imported by opening the project in the editor at least once.
   at: _load (core/io/resource_loader.cpp:283)
SCRIPT ERROR: Parse Error: Preload file "res://scripts/weapons/csharp/Revolver.cs" does not exist.
          at: GDScript::reload (res://tests/unit/test_issue_716_comprehensive.gd:17)
SCRIPT ERROR: Parse Error: Could not preload resource file "res://resources/weapons/RevolverData.tres".
          at: GDScript::reload (res://tests/unit/test_issue_716_comprehensive.gd:20)
ERROR: Failed to load script "res://tests/unit/test_issue_716_comprehensive.gd" with error "Parse error".
   at: load (modules/gdscript/gdscript.cpp:2936)
[33m[WARNING]:  [0mIgnoring script res://tests/unit/test_issue_716_comprehensive.gd because it does not extend GutTest
ERROR: No loader found for resource: res://assets/sprites/effects/casing_pistol.png (expected type: Texture2D)
   at: _load (core/io/resource_loader.cpp:291)
ERROR: res://resources/calibers/caliber_12p7x55.tres:8 - Parse Error: [ext_resource] referenced non-existent resource at: res://assets/sprites/effects/casing_pistol.png
   at: _parse_ext_resource (scene/resources/resource_format_text.cpp:159)
ERROR: res://resources/calibers/caliber_12p7x55.tres:8 - Parse Error: [ext_resource] referenced non-existent resource at: res://assets/sprites/effects/casing_pistol.png
   at: load (scene/resources/resource_format_text.cpp:717)
ERROR: Failed loading resource: res://resources/calibers/caliber_12p7x55.tres. Make sure resources have been imported by opening the project in the editor at least once.
   at: _load (core/io/resource_loader.cpp:283)
ERROR: res://resources/weapons/RevolverData.tres:24 - Parse Error: [ext_resource] referenced non-existent resource at: res://resources/calibers/caliber_12p7x55.tres
   at: _parse_ext_resource (scene/resources/resource_format_text.cpp:159)
ERROR: res://resources/weapons/RevolverData.tres:24 - Parse Error: [ext_resource] referenced non-existent resource at: res://resources/calibers/caliber_12p7x55.tres
   at: load (scene/resources/resource_format_text.cpp:717)
ERROR: Failed loading resource: res://resources/weapons/RevolverData.tres. Make sure resources have been imported by opening the project in the editor at least once.
   at: _load (core/io/resource_loader.cpp:283)
ERROR: No loader found for resource: res://assets/sprites/effects/casing_pistol.png (expected type: Texture2D)
   at: _load (core/io/resource_loader.cpp:291)
ERROR: res://resources/calibers/caliber_12p7x55.tres:8 - Parse Error: [ext_resource] referenced non-existent resource at: res://assets/sprites/effects/casing_pistol.png
   at: _parse_ext_resource (scene/resources/resource_format_text.cpp:159)
ERROR: res://resources/calibers/caliber_12p7x55.tres:8 - Parse Error: [ext_resource] referenced non-existent resource at: res://assets/sprites/effects/casing_pistol.png
   at: load (scene/resources/resource_format_text.cpp:717)
ERROR: Failed loading resource: res://resources/calibers/caliber_12p7x55.tres. Make sure resources have been imported by opening the project in the editor at least once.
   at: _load (core/io/resource_loader.cpp:283)
ERROR: res://resources/weapons/RevolverData.tres:24 - Parse Error: [ext_resource] referenced non-existent resource at: res://resources/calibers/caliber_12p7x55.tres
   at: _parse_ext_resource (scene/resources/resource_format_text.cpp:159)
ERROR: res://resources/weapons/RevolverData.tres:24 - Parse Error: [ext_resource] referenced non-existent resource at: res://resources/calibers/caliber_12p7x55.tres
   at: load (scene/resources/resource_format_text.cpp:717)
ERROR: Failed loading resource: res://resources/weapons/RevolverData.tres. Make sure resources have been imported by opening the project in the editor at least once.
   at: _load (core/io/resource_loader.cpp:283)
SCRIPT ERROR: Parse Error: Could not preload resource file "res://resources/weapons/RevolverData.tres".
          at: GDScript::reload (res://tests/unit/test_issue_716_empty_drum_fix.gd:14)
SCRIPT ERROR: Parse Error: Could not preload resource file "res://resources/weapons/RevolverData.tres".
          at: GDScript::reload (res://tests/unit/test_issue_716_empty_drum_fix.gd:65)
ERROR: Failed to load script "res://tests/unit/test_issue_716_empty_drum_fix.gd" with error "Parse error".
   at: load (modules/gdscript/gdscript.cpp:2936)
[33m[WARNING]:  [0mIgnoring script res://tests/unit/test_issue_716_empty_drum_fix.gd because it does not extend GutTest
ERROR: No loader found for resource: res://assets/sprites/effects/casing_pistol.png (expected type: Texture2D)
   at: _load (core/io/resource_loader.cpp:291)
ERROR: res://resources/calibers/caliber_12p7x55.tres:8 - Parse Error: [ext_resource] referenced non-existent resource at: res://assets/sprites/effects/casing_pistol.png
   at: _parse_ext_resource (scene/resources/resource_format_text.cpp:159)
ERROR: res://resources/calibers/caliber_12p7x55.tres:8 - Parse Error: [ext_resource] referenced non-existent resource at: res://assets/sprites/effects/casing_pistol.png
   at: load (scene/resources/resource_format_text.cpp:717)
ERROR: Failed loading resource: res://resources/calibers/caliber_12p7x55.tres. Make sure resources have been imported by opening the project in the editor at least once.
   at: _load (core/io/resource_loader.cpp:283)
ERROR: res://resources/weapons/RevolverData.tres:24 - Parse Error: [ext_resource] referenced non-existent resource at: res://resources/calibers/caliber_12p7x55.tres
   at: _parse_ext_resource (scene/resources/resource_format_text.cpp:159)
ERROR: res://resources/weapons/RevolverData.tres:24 - Parse Error: [ext_resource] referenced non-existent resource at: res://resources/calibers/caliber_12p7x55.tres
   at: load (scene/resources/resource_format_text.cpp:717)
ERROR: Failed loading resource: res://resources/weapons/RevolverData.tres. Make sure resources have been imported by opening the project in the editor at least once.
   at: _load (core/io/resource_loader.cpp:283)
ERROR: No loader found for resource: res://assets/sprites/effects/casing_pistol.png (expected type: Texture2D)
   at: _load (core/io/resource_loader.cpp:291)
ERROR: res://resources/calibers/caliber_12p7x55.tres:8 - Parse Error: [ext_resource] referenced non-existent resource at: res://assets/sprites/effects/casing_pistol.png
   at: _parse_ext_resource (scene/resources/resource_format_text.cpp:159)
ERROR: res://resources/calibers/caliber_12p7x55.tres:8 - Parse Error: [ext_resource] referenced non-existent resource at: res://assets/sprites/effects/casing_pistol.png
   at: load (scene/resources/resource_format_text.cpp:717)
ERROR: Failed loading resource: res://resources/calibers/caliber_12p7x55.tres. Make sure resources have been imported by opening the project in the editor at least once.
   at: _load (core/io/resource_loader.cpp:283)
ERROR: res://resources/weapons/RevolverData.tres:24 - Parse Error: [ext_resource] referenced non-existent resource at: res://resources/calibers/caliber_12p7x55.tres
   at: _parse_ext_resource (scene/resources/resource_format_text.cpp:159)
ERROR: res://resources/weapons/RevolverData.tres:24 - Parse Error: [ext_resource] referenced non-existent resource at: res://resources/calibers/caliber_12p7x55.tres
   at: load (scene/resources/resource_format_text.cpp:717)
ERROR: Failed loading resource: res://resources/weapons/RevolverData.tres. Make sure resources have been imported by opening the project in the editor at least once.
   at: _load (core/io/resource_loader.cpp:283)
SCRIPT ERROR: Parse Error: Preload file "res://scripts/weapons/csharp/Revolver.cs" does not exist.
          at: GDScript::reload (res://tests/unit/test_issue_716_integration.gd:15)
SCRIPT ERROR: Parse Error: Could not preload resource file "res://resources/weapons/RevolverData.tres".
          at: GDScript::reload (res://tests/unit/test_issue_716_integration.gd:18)
SCRIPT ERROR: Parse Error: Preload file "res://scripts/weapons/csharp/Revolver.cs" does not exist.
          at: GDScript::reload (res://tests/unit/test_issue_716_integration.gd:36)
SCRIPT ERROR: Parse Error: Could not preload resource file "res://resources/weapons/RevolverData.tres".
          at: GDScript::reload (res://tests/unit/test_issue_716_integration.gd:39)
SCRIPT ERROR: Parse Error: Identifier "cock_result" not declared in the current scope.
          at: GDScript::reload (res://tests/unit/test_issue_716_integration.gd:51)
SCRIPT ERROR: Parse Error: Identifier "cock_result" not declared in the current scope.
          at: GDScript::reload (res://tests/unit/test_issue_716_integration.gd:52)
ERROR: Failed to load script "res://tests/unit/test_issue_716_integration.gd" with error "Parse error".
   at: load (modules/gdscript/gdscript.cpp:2936)
[33m[WARNING]:  [0mIgnoring script res://tests/unit/test_issue_716_integration.gd because it does not extend GutTest
SCRIPT ERROR: Parse Error: Preload file "res://scripts/weapons/csharp/Revolver.cs" does not exist.
          at: GDScript::reload (res://tests/unit/test_issue_716_verification.gd:23)
ERROR: Failed to load script "res://tests/unit/test_issue_716_verification.gd" with error "Parse error".
   at: load (modules/gdscript/gdscript.cpp:2936)
[33m[WARNING]:  [0mIgnoring script res://tests/unit/test_issue_716_verification.gd because it does not extend GutTest
SCRIPT ERROR: Parse Error: Function "assert_string_not_contains()" not found in base self.
          at: GDScript::reload (res://tests/unit/test_labyrinth_level.gd:465)
SCRIPT ERROR: Parse Error: Function "assert_string_not_contains()" not found in base self.
          at: GDScript::reload (res://tests/unit/test_labyrinth_level.gd:467)
ERROR: Failed to load script "res://tests/unit/test_labyrinth_level.gd" with error "Parse error".
   at: load (modules/gdscript/gdscript.cpp:2936)
[33m[WARNING]:  [0mIgnoring script res://tests/unit/test_labyrinth_level.gd because it does not extend GutTest
SCRIPT ERROR: Parse Error: Function "assert_gte()" not found in base self.
          at: GDScript::reload (res://tests/unit/test_last_chance_effects_manager.gd:1157)
SCRIPT ERROR: Parse Error: Function "assert_lte()" not found in base self.
          at: GDScript::reload (res://tests/unit/test_last_chance_effects_manager.gd:1158)
SCRIPT ERROR: Parse Error: Function "assert_gte()" not found in base self.
          at: GDScript::reload (res://tests/unit/test_last_chance_effects_manager.gd:1159)
SCRIPT ERROR: Parse Error: Function "assert_lte()" not found in base self.
          at: GDScript::reload (res://tests/unit/test_last_chance_effects_manager.gd:1160)
SCRIPT ERROR: Parse Error: Function "assert_gte()" not found in base self.
          at: GDScript::reload (res://tests/unit/test_last_chance_effects_manager.gd:1161)
SCRIPT ERROR: Parse Error: Function "assert_lte()" not found in base self.
          at: GDScript::reload (res://tests/unit/test_last_chance_effects_manager.gd:1162)
SCRIPT ERROR: Parse Error: Function "assert_gte()" not found in base self.
          at: GDScript::reload (res://tests/unit/test_last_chance_effects_manager.gd:1214)
SCRIPT ERROR: Parse Error: Function "assert_lte()" not found in base self.
          at: GDScript::reload (res://tests/unit/test_last_chance_effects_manager.gd:1215)
SCRIPT ERROR: Parse Error: Function "assert_gte()" not found in base self.
          at: GDScript::reload (res://tests/unit/test_last_chance_effects_manager.gd:1216)
SCRIPT ERROR: Parse Error: Function "assert_lte()" not found in base self.
          at: GDScript::reload (res://tests/unit/test_last_chance_effects_manager.gd:1217)
SCRIPT ERROR: Parse Error: Function "assert_gte()" not found in base self.
          at: GDScript::reload (res://tests/unit/test_last_chance_effects_manager.gd:1218)
SCRIPT ERROR: Parse Error: Function "assert_lte()" not found in base self.
          at: GDScript::reload (res://tests/unit/test_last_chance_effects_manager.gd:1219)
ERROR: Failed to load script "res://tests/unit/test_last_chance_effects_manager.gd" with error "Parse error".
   at: load (modules/gdscript/gdscript.cpp:2936)
[33m[WARNING]:  [0mIgnoring script res://tests/unit/test_last_chance_effects_manager.gd because it does not extend GutTest
SCRIPT ERROR: Parse Error: The method "get()" overrides a method from native class "Object". This won't be called by the engine and may not work as expected. (Warning treated as error.)
          at: GDScript::reload (res://tests/unit/test_levels_menu_roguelike_exit.gd:30)
ERROR: Failed to load script "res://tests/unit/test_levels_menu_roguelike_exit.gd" with error "Parse error".
   at: load (modules/gdscript/gdscript.cpp:2936)
[33m[WARNING]:  [0mIgnoring script res://tests/unit/test_levels_menu_roguelike_exit.gd because it does not extend GutTest
SCRIPT ERROR: Parse Error: The member "Range" shadows a native class.
          at: GDScript::reload (res://tests/unit/test_makarov_pm.gd:26)
ERROR: Failed to load script "res://tests/unit/test_makarov_pm.gd" with error "Parse error".
   at: load (modules/gdscript/gdscript.cpp:2936)
[33m[WARNING]:  [0mIgnoring script res://tests/unit/test_makarov_pm.gd because it does not extend GutTest
SCRIPT ERROR: Parse Error: The function signature doesn't match the parent. Parent signature is "has_method(StringName) -> bool".
          at: GDScript::reload (res://tests/unit/test_mini_uzi_init.gd:50)
SCRIPT ERROR: Parse Error: The function signature doesn't match the parent. Parent signature is "get(StringName) -> Variant".
          at: GDScript::reload (res://tests/unit/test_mini_uzi_init.gd:53)
SCRIPT ERROR: Parse Error: The method "has_method()" overrides a method from native class "Object". This won't be called by the engine and may not work as expected. (Warning treated as error.)
          at: GDScript::reload (res://tests/unit/test_mini_uzi_init.gd:50)
SCRIPT ERROR: Parse Error: The method "get()" overrides a method from native class "Object". This won't be called by the engine and may not work as expected. (Warning treated as error.)
          at: GDScript::reload (res://tests/unit/test_mini_uzi_init.gd:53)
ERROR: Failed to load script "res://tests/unit/test_mini_uzi_init.gd" with error "Parse error".
   at: load (modules/gdscript/gdscript.cpp:2936)
[33m[WARNING]:  [0mIgnoring script res://tests/unit/test_mini_uzi_init.gd because it does not extend GutTest
SCRIPT ERROR: Parse Error: The function signature doesn't match the parent. Parent signature is "has_method(StringName) -> bool".
          at: GDScript::reload (res://tests/unit/test_pacifist_state.gd:32)
SCRIPT ERROR: Parse Error: The method "has_method()" overrides a method from native class "Object". This won't be called by the engine and may not work as expected. (Warning treated as error.)
          at: GDScript::reload (res://tests/unit/test_pacifist_state.gd:32)
ERROR: Failed to load script "res://tests/unit/test_pacifist_state.gd" with error "Parse error".
   at: load (modules/gdscript/gdscript.cpp:2936)
[33m[WARNING]:  [0mIgnoring script res://tests/unit/test_pacifist_state.gd because it does not extend GutTest
SCRIPT ERROR: Parse Error: Cannot infer the type of "dir" variable because the value doesn't have a set type.
          at: GDScript::reload (res://scripts/projectiles/rpg_rocket.gd:425)
SCRIPT ERROR: Compile Error:
          at: GDScript::reload (res://scripts/projectiles/bullet.gd:-1)
SCRIPT ERROR: Compile Error:
          at: GDScript::reload (res://tests/unit/test_penetration.gd:-1)
ERROR: Failed to load script "res://tests/unit/test_penetration.gd" with error "Compilation failed".
   at: load (modules/gdscript/gdscript.cpp:2936)
SCRIPT ERROR: Parse Error: Function "assert_gte()" not found in base self.
          at: GDScript::reload (res://tests/unit/test_penultimate_hit_effects_manager.gd:1034)
SCRIPT ERROR: Parse Error: Function "assert_lte()" not found in base self.
          at: GDScript::reload (res://tests/unit/test_penultimate_hit_effects_manager.gd:1035)
SCRIPT ERROR: Parse Error: Function "assert_gte()" not found in base self.
          at: GDScript::reload (res://tests/unit/test_penultimate_hit_effects_manager.gd:1036)
SCRIPT ERROR: Parse Error: Function "assert_lte()" not found in base self.
          at: GDScript::reload (res://tests/unit/test_penultimate_hit_effects_manager.gd:1037)
SCRIPT ERROR: Parse Error: Function "assert_gte()" not found in base self.
          at: GDScript::reload (res://tests/unit/test_penultimate_hit_effects_manager.gd:1038)
SCRIPT ERROR: Parse Error: Function "assert_lte()" not found in base self.
          at: GDScript::reload (res://tests/unit/test_penultimate_hit_effects_manager.gd:1039)
SCRIPT ERROR: Parse Error: Function "assert_gte()" not found in base self.
          at: GDScript::reload (res://tests/unit/test_penultimate_hit_effects_manager.gd:1367)
SCRIPT ERROR: Parse Error: Function "assert_lte()" not found in base self.
          at: GDScript::reload (res://tests/unit/test_penultimate_hit_effects_manager.gd:1368)
SCRIPT ERROR: Parse Error: Function "assert_gte()" not found in base self.
          at: GDScript::reload (res://tests/unit/test_penultimate_hit_effects_manager.gd:1369)
SCRIPT ERROR: Parse Error: Function "assert_lte()" not found in base self.
          at: GDScript::reload (res://tests/unit/test_penultimate_hit_effects_manager.gd:1370)
SCRIPT ERROR: Parse Error: Function "assert_gte()" not found in base self.
          at: GDScript::reload (res://tests/unit/test_penultimate_hit_effects_manager.gd:1371)
SCRIPT ERROR: Parse Error: Function "assert_lte()" not found in base self.
          at: GDScript::reload (res://tests/unit/test_penultimate_hit_effects_manager.gd:1372)
ERROR: Failed to load script "res://tests/unit/test_penultimate_hit_effects_manager.gd" with error "Parse error".
   at: load (modules/gdscript/gdscript.cpp:2936)
[33m[WARNING]:  [0mIgnoring script res://tests/unit/test_penultimate_hit_effects_manager.gd because it does not extend GutTest
SCRIPT ERROR: Parse Error: The function signature doesn't match the parent. Parent signature is "has_method(StringName) -> bool".
          at: GDScript::reload (res://tests/unit/test_power_fantasy_effects_manager.gd:40)
SCRIPT ERROR: Parse Error: The method "has_method()" overrides a method from native class "Object". This won't be called by the engine and may not work as expected. (Warning treated as error.)
          at: GDScript::reload (res://tests/unit/test_power_fantasy_effects_manager.gd:40)
ERROR: Failed to load script "res://tests/unit/test_power_fantasy_effects_manager.gd" with error "Parse error".
   at: load (modules/gdscript/gdscript.cpp:2936)
[33m[WARNING]:  [0mIgnoring script res://tests/unit/test_power_fantasy_effects_manager.gd because it does not extend GutTest
SCRIPT ERROR: Parse Error: Function "assert_gte()" not found in base self.
          at: GDScript::reload (res://tests/unit/test_radio_wave_effect.gd:226)
SCRIPT ERROR: Parse Error: Function "assert_lte()" not found in base self.
          at: GDScript::reload (res://tests/unit/test_radio_wave_effect.gd:228)
ERROR: Failed to load script "res://tests/unit/test_radio_wave_effect.gd" with error "Parse error".
   at: load (modules/gdscript/gdscript.cpp:2936)
[33m[WARNING]:  [0mIgnoring script res://tests/unit/test_radio_wave_effect.gd because it does not extend GutTest
SCRIPT ERROR: Parse Error: Function "assert_neq()" not found in base self.
          at: GDScript::reload (res://tests/unit/test_revolver_initialization.gd:149)
SCRIPT ERROR: Parse Error: Function "assert_neq()" not found in base self.
          at: GDScript::reload (res://tests/unit/test_revolver_initialization.gd:173)
ERROR: Failed to load script "res://tests/unit/test_revolver_initialization.gd" with error "Parse error".
   at: load (modules/gdscript/gdscript.cpp:2936)
[33m[WARNING]:  [0mIgnoring script res://tests/unit/test_revolver_initialization.gd because it does not extend GutTest
ERROR: No loader found for resource: res://assets/sprites/effects/casing_pistol.png (expected type: Texture2D)
   at: _load (core/io/resource_loader.cpp:291)
ERROR: res://resources/calibers/caliber_9x19.tres:8 - Parse Error: [ext_resource] referenced non-existent resource at: res://assets/sprites/effects/casing_pistol.png
   at: _parse_ext_resource (scene/resources/resource_format_text.cpp:159)
ERROR: res://resources/calibers/caliber_9x19.tres:8 - Parse Error: [ext_resource] referenced non-existent resource at: res://assets/sprites/effects/casing_pistol.png
   at: load (scene/resources/resource_format_text.cpp:717)
ERROR: Failed loading resource: res://resources/calibers/caliber_9x19.tres. Make sure resources have been imported by opening the project in the editor at least once.
   at: _load (core/io/resource_loader.cpp:283)
ERROR: res://scenes/projectiles/Bullet9mm.tscn:23 - Parse Error: [ext_resource] referenced non-existent resource at: res://resources/calibers/caliber_9x19.tres
   at: _parse_ext_resource (scene/resources/resource_format_text.cpp:159)
ERROR: No loader found for resource: res://assets/sprites/effects/casing_rifle.png (expected type: Texture2D)
   at: _load (core/io/resource_loader.cpp:291)
ERROR: res://scenes/effects/Casing.tscn:21 - Parse Error: [ext_resource] referenced non-existent resource at: res://assets/sprites/effects/casing_rifle.png
   at: _parse_ext_resource (scene/resources/resource_format_text.cpp:159)
ERROR: No loader found for resource: res://assets/sprites/effects/casing_pistol.png (expected type: Texture2D)
   at: _load (core/io/resource_loader.cpp:291)
ERROR: res://resources/calibers/caliber_9x18.tres:8 - Parse Error: [ext_resource] referenced non-existent resource at: res://assets/sprites/effects/casing_pistol.png
   at: _parse_ext_resource (scene/resources/resource_format_text.cpp:159)
ERROR: res://resources/calibers/caliber_9x18.tres:8 - Parse Error: [ext_resource] referenced non-existent resource at: res://assets/sprites/effects/casing_pistol.png
   at: load (scene/resources/resource_format_text.cpp:717)
ERROR: Failed loading resource: res://resources/calibers/caliber_9x18.tres. Make sure resources have been imported by opening the project in the editor at least once.
   at: _load (core/io/resource_loader.cpp:283)
ERROR: res://resources/weapons/MakarovPMData.tres:24 - Parse Error: [ext_resource] referenced non-existent resource at: res://resources/calibers/caliber_9x18.tres
   at: _parse_ext_resource (scene/resources/resource_format_text.cpp:159)
ERROR: res://resources/weapons/MakarovPMData.tres:24 - Parse Error: [ext_resource] referenced non-existent resource at: res://resources/calibers/caliber_9x18.tres
   at: load (scene/resources/resource_format_text.cpp:717)
ERROR: Failed loading resource: res://resources/weapons/MakarovPMData.tres. Make sure resources have been imported by opening the project in the editor at least once.
   at: _load (core/io/resource_loader.cpp:283)
ERROR: No loader found for resource: res://assets/sprites/weapons/makarov_pm_topdown.png (expected type: Texture2D)
   at: _load (core/io/resource_loader.cpp:291)
ERROR: res://scenes/weapons/csharp/MakarovPM.tscn:11 - Parse Error: [ext_resource] referenced non-existent resource at: res://resources/weapons/MakarovPMData.tres
   at: _parse_ext_resource (scene/resources/resource_format_text.cpp:159)
ERROR: res://scenes/weapons/csharp/MakarovPM.tscn:18 - Parse Error: [ext_resource] referenced non-existent resource at: res://assets/sprites/weapons/makarov_pm_topdown.png
   at: _parse_ext_resource (scene/resources/resource_format_text.cpp:159)
ERROR: No loader found for resource: res://assets/sprites/characters/player/player_body.png (expected type: Texture2D)
   at: _load (core/io/resource_loader.cpp:291)
ERROR: No loader found for resource: res://assets/sprites/characters/player/player_head.png (expected type: Texture2D)
   at: _load (core/io/resource_loader.cpp:291)
ERROR: No loader found for resource: res://assets/sprites/characters/player/player_left_arm.png (expected type: Texture2D)
   at: _load (core/io/resource_loader.cpp:291)
ERROR: No loader found for resource: res://assets/sprites/characters/player/player_right_arm.png (expected type: Texture2D)
   at: _load (core/io/resource_loader.cpp:291)
ERROR: No loader found for resource: res://assets/sprites/characters/player/player_armband.png (expected type: Texture2D)
   at: _load (core/io/resource_loader.cpp:291)
ERROR: res://scenes/characters/csharp/Player.tscn:40 - Parse Error: [ext_resource] referenced non-existent resource at: res://assets/sprites/characters/player/player_body.png
   at: _parse_ext_resource (scene/resources/resource_format_text.cpp:159)
ERROR: res://scenes/characters/csharp/Player.tscn:45 - Parse Error: [ext_resource] referenced non-existent resource at: res://assets/sprites/characters/player/player_left_arm.png
   at: _parse_ext_resource (scene/resources/resource_format_text.cpp:159)
ERROR: res://scenes/characters/csharp/Player.tscn:50 - Parse Error: [ext_resource] referenced non-existent resource at: res://assets/sprites/characters/player/player_right_arm.png
   at: _parse_ext_resource (scene/resources/resource_format_text.cpp:159)
ERROR: res://scenes/characters/csharp/Player.tscn:56 - Parse Error: [ext_resource] referenced non-existent resource at: res://assets/sprites/characters/player/player_armband.png
   at: _parse_ext_resource (scene/resources/resource_format_text.cpp:159)
ERROR: res://scenes/characters/csharp/Player.tscn:61 - Parse Error: [ext_resource] referenced non-existent resource at: res://assets/sprites/characters/player/player_head.png
   at: _parse_ext_resource (scene/resources/resource_format_text.cpp:159)
WARNING: res://resources/themes/neon_label_settings.tres:3 - ext_resource, invalid UID: uid://c3qneonfont01 - using text path instead: res://assets/fonts/neon/Comfortaa-Bold.ttf
     at: load (scene/resources/resource_format_text.cpp:453)
ERROR: No loader found for resource: res://assets/fonts/neon/Comfortaa-Bold.ttf (expected type: FontFile)
   at: _load (core/io/resource_loader.cpp:291)
ERROR: res://resources/themes/neon_label_settings.tres:6 - Parse Error: [ext_resource] referenced non-existent resource at: res://assets/fonts/neon/Comfortaa-Bold.ttf
   at: _parse_ext_resource (scene/resources/resource_format_text.cpp:159)
ERROR: res://resources/themes/neon_label_settings.tres:6 - Parse Error: [ext_resource] referenced non-existent resource at: res://assets/fonts/neon/Comfortaa-Bold.ttf
   at: load (scene/resources/resource_format_text.cpp:717)
ERROR: Failed loading resource: res://resources/themes/neon_label_settings.tres. Make sure resources have been imported by opening the project in the editor at least once.
   at: _load (core/io/resource_loader.cpp:283)
WARNING: res://resources/themes/neon_button_theme.tres:3 - ext_resource, invalid UID: uid://c3qneonfont01 - using text path instead: res://assets/fonts/neon/Comfortaa-Bold.ttf
     at: load (scene/resources/resource_format_text.cpp:453)
ERROR: No loader found for resource: res://assets/fonts/neon/Comfortaa-Bold.ttf (expected type: FontFile)
   at: _load (core/io/resource_loader.cpp:291)
ERROR: res://resources/themes/neon_button_theme.tres:18 - Parse Error: [ext_resource] referenced non-existent resource at: res://assets/fonts/neon/Comfortaa-Bold.ttf
   at: _parse_ext_resource (scene/resources/resource_format_text.cpp:159)
ERROR: res://resources/themes/neon_button_theme.tres:18 - Parse Error: [ext_resource] referenced non-existent resource at: res://assets/fonts/neon/Comfortaa-Bold.ttf
   at: load (scene/resources/resource_format_text.cpp:717)
ERROR: Failed loading resource: res://resources/themes/neon_button_theme.tres. Make sure resources have been imported by opening the project in the editor at least once.
   at: _load (core/io/resource_loader.cpp:283)
ERROR: res://scenes/ui/ControlsMenu.tscn:19 - Parse Error: [ext_resource] referenced non-existent resource at: res://resources/themes/neon_button_theme.tres
   at: _parse_ext_resource (scene/resources/resource_format_text.cpp:159)
ERROR: res://scenes/ui/ControlsMenu.tscn:49 - Parse Error: [ext_resource] referenced non-existent resource at: res://resources/themes/neon_label_settings.tres
   at: _parse_ext_resource (scene/resources/resource_format_text.cpp:159)
WARNING: res://resources/themes/neon_label_settings.tres:3 - ext_resource, invalid UID: uid://c3qneonfont01 - using text path instead: res://assets/fonts/neon/Comfortaa-Bold.ttf
     at: load (scene/resources/resource_format_text.cpp:453)
ERROR: No loader found for resource: res://assets/fonts/neon/Comfortaa-Bold.ttf (expected type: FontFile)
   at: _load (core/io/resource_loader.cpp:291)
ERROR: res://resources/themes/neon_label_settings.tres:6 - Parse Error: [ext_resource] referenced non-existent resource at: res://assets/fonts/neon/Comfortaa-Bold.ttf
   at: _parse_ext_resource (scene/resources/resource_format_text.cpp:159)
ERROR: res://resources/themes/neon_label_settings.tres:6 - Parse Error: [ext_resource] referenced non-existent resource at: res://assets/fonts/neon/Comfortaa-Bold.ttf
   at: load (scene/resources/resource_format_text.cpp:717)
ERROR: Failed loading resource: res://resources/themes/neon_label_settings.tres. Make sure resources have been imported by opening the project in the editor at least once.
   at: _load (core/io/resource_loader.cpp:283)
WARNING: res://resources/themes/neon_button_theme.tres:3 - ext_resource, invalid UID: uid://c3qneonfont01 - using text path instead: res://assets/fonts/neon/Comfortaa-Bold.ttf
     at: load (scene/resources/resource_format_text.cpp:453)
ERROR: No loader found for resource: res://assets/fonts/neon/Comfortaa-Bold.ttf (expected type: FontFile)
   at: _load (core/io/resource_loader.cpp:291)
ERROR: res://resources/themes/neon_button_theme.tres:18 - Parse Error: [ext_resource] referenced non-existent resource at: res://assets/fonts/neon/Comfortaa-Bold.ttf
   at: _parse_ext_resource (scene/resources/resource_format_text.cpp:159)
ERROR: res://resources/themes/neon_button_theme.tres:18 - Parse Error: [ext_resource] referenced non-existent resource at: res://assets/fonts/neon/Comfortaa-Bold.ttf
   at: load (scene/resources/resource_format_text.cpp:717)
ERROR: Failed loading resource: res://resources/themes/neon_button_theme.tres. Make sure resources have been imported by opening the project in the editor at least once.
   at: _load (core/io/resource_loader.cpp:283)
ERROR: res://scenes/ui/DifficultyMenu.tscn:19 - Parse Error: [ext_resource] referenced non-existent resource at: res://resources/themes/neon_button_theme.tres
   at: _parse_ext_resource (scene/resources/resource_format_text.cpp:159)
ERROR: res://scenes/ui/DifficultyMenu.tscn:49 - Parse Error: [ext_resource] referenced non-existent resource at: res://resources/themes/neon_label_settings.tres
   at: _parse_ext_resource (scene/resources/resource_format_text.cpp:159)
WARNING: res://resources/themes/neon_label_settings.tres:3 - ext_resource, invalid UID: uid://c3qneonfont01 - using text path instead: res://assets/fonts/neon/Comfortaa-Bold.ttf
     at: load (scene/resources/resource_format_text.cpp:453)
ERROR: No loader found for resource: res://assets/fonts/neon/Comfortaa-Bold.ttf (expected type: FontFile)
   at: _load (core/io/resource_loader.cpp:291)
ERROR: res://resources/themes/neon_label_settings.tres:6 - Parse Error: [ext_resource] referenced non-existent resource at: res://assets/fonts/neon/Comfortaa-Bold.ttf
   at: _parse_ext_resource (scene/resources/resource_format_text.cpp:159)
ERROR: res://resources/themes/neon_label_settings.tres:6 - Parse Error: [ext_resource] referenced non-existent resource at: res://assets/fonts/neon/Comfortaa-Bold.ttf
   at: load (scene/resources/resource_format_text.cpp:717)
ERROR: Failed loading resource: res://resources/themes/neon_label_settings.tres. Make sure resources have been imported by opening the project in the editor at least once.
   at: _load (core/io/resource_loader.cpp:283)
WARNING: res://resources/themes/neon_button_theme.tres:3 - ext_resource, invalid UID: uid://c3qneonfont01 - using text path instead: res://assets/fonts/neon/Comfortaa-Bold.ttf
     at: load (scene/resources/resource_format_text.cpp:453)
ERROR: No loader found for resource: res://assets/fonts/neon/Comfortaa-Bold.ttf (expected type: FontFile)
   at: _load (core/io/resource_loader.cpp:291)
ERROR: res://resources/themes/neon_button_theme.tres:18 - Parse Error: [ext_resource] referenced non-existent resource at: res://assets/fonts/neon/Comfortaa-Bold.ttf
   at: _parse_ext_resource (scene/resources/resource_format_text.cpp:159)
ERROR: res://resources/themes/neon_button_theme.tres:18 - Parse Error: [ext_resource] referenced non-existent resource at: res://assets/fonts/neon/Comfortaa-Bold.ttf
   at: load (scene/resources/resource_format_text.cpp:717)
ERROR: Failed loading resource: res://resources/themes/neon_button_theme.tres. Make sure resources have been imported by opening the project in the editor at least once.
   at: _load (core/io/resource_loader.cpp:283)
ERROR: res://scenes/ui/SoundMenu.tscn:19 - Parse Error: [ext_resource] referenced non-existent resource at: res://resources/themes/neon_button_theme.tres
   at: _parse_ext_resource (scene/resources/resource_format_text.cpp:159)
ERROR: res://scenes/ui/SoundMenu.tscn:49 - Parse Error: [ext_resource] referenced non-existent resource at: res://resources/themes/neon_label_settings.tres
   at: _parse_ext_resource (scene/resources/resource_format_text.cpp:159)
WARNING: res://resources/themes/neon_label_settings.tres:3 - ext_resource, invalid UID: uid://c3qneonfont01 - using text path instead: res://assets/fonts/neon/Comfortaa-Bold.ttf
     at: load (scene/resources/resource_format_text.cpp:453)
ERROR: No loader found for resource: res://assets/fonts/neon/Comfortaa-Bold.ttf (expected type: FontFile)
   at: _load (core/io/resource_loader.cpp:291)
ERROR: res://resources/themes/neon_label_settings.tres:6 - Parse Error: [ext_resource] referenced non-existent resource at: res://assets/fonts/neon/Comfortaa-Bold.ttf
   at: _parse_ext_resource (scene/resources/resource_format_text.cpp:159)
ERROR: res://resources/themes/neon_label_settings.tres:6 - Parse Error: [ext_resource] referenced non-existent resource at: res://assets/fonts/neon/Comfortaa-Bold.ttf
   at: load (scene/resources/resource_format_text.cpp:717)
ERROR: Failed loading resource: res://resources/themes/neon_label_settings.tres. Make sure resources have been imported by opening the project in the editor at least once.
   at: _load (core/io/resource_loader.cpp:283)
WARNING: res://resources/themes/neon_button_theme.tres:3 - ext_resource, invalid UID: uid://c3qneonfont01 - using text path instead: res://assets/fonts/neon/Comfortaa-Bold.ttf
     at: load (scene/resources/resource_format_text.cpp:453)
ERROR: No loader found for resource: res://assets/fonts/neon/Comfortaa-Bold.ttf (expected type: FontFile)
   at: _load (core/io/resource_loader.cpp:291)
ERROR: res://resources/themes/neon_button_theme.tres:18 - Parse Error: [ext_resource] referenced non-existent resource at: res://assets/fonts/neon/Comfortaa-Bold.ttf
   at: _parse_ext_resource (scene/resources/resource_format_text.cpp:159)
ERROR: res://resources/themes/neon_button_theme.tres:18 - Parse Error: [ext_resource] referenced non-existent resource at: res://assets/fonts/neon/Comfortaa-Bold.ttf
   at: load (scene/resources/resource_format_text.cpp:717)
ERROR: Failed loading resource: res://resources/themes/neon_button_theme.tres. Make sure resources have been imported by opening the project in the editor at least once.
   at: _load (core/io/resource_loader.cpp:283)
ERROR: res://scenes/ui/GameplayMenu.tscn:19 - Parse Error: [ext_resource] referenced non-existent resource at: res://resources/themes/neon_button_theme.tres
   at: _parse_ext_resource (scene/resources/resource_format_text.cpp:159)
ERROR: res://scenes/ui/GameplayMenu.tscn:49 - Parse Error: [ext_resource] referenced non-existent resource at: res://resources/themes/neon_label_settings.tres
   at: _parse_ext_resource (scene/resources/resource_format_text.cpp:159)
WARNING: res://resources/themes/neon_label_settings.tres:3 - ext_resource, invalid UID: uid://c3qneonfont01 - using text path instead: res://assets/fonts/neon/Comfortaa-Bold.ttf
     at: load (scene/resources/resource_format_text.cpp:453)
ERROR: No loader found for resource: res://assets/fonts/neon/Comfortaa-Bold.ttf (expected type: FontFile)
   at: _load (core/io/resource_loader.cpp:291)
ERROR: res://resources/themes/neon_label_settings.tres:6 - Parse Error: [ext_resource] referenced non-existent resource at: res://assets/fonts/neon/Comfortaa-Bold.ttf
   at: _parse_ext_resource (scene/resources/resource_format_text.cpp:159)
ERROR: res://resources/themes/neon_label_settings.tres:6 - Parse Error: [ext_resource] referenced non-existent resource at: res://assets/fonts/neon/Comfortaa-Bold.ttf
   at: load (scene/resources/resource_format_text.cpp:717)
ERROR: Failed loading resource: res://resources/themes/neon_label_settings.tres. Make sure resources have been imported by opening the project in the editor at least once.
   at: _load (core/io/resource_loader.cpp:283)
WARNING: res://resources/themes/neon_button_theme.tres:3 - ext_resource, invalid UID: uid://c3qneonfont01 - using text path instead: res://assets/fonts/neon/Comfortaa-Bold.ttf
     at: load (scene/resources/resource_format_text.cpp:453)
ERROR: No loader found for resource: res://assets/fonts/neon/Comfortaa-Bold.ttf (expected type: FontFile)
   at: _load (core/io/resource_loader.cpp:291)
ERROR: res://resources/themes/neon_button_theme.tres:18 - Parse Error: [ext_resource] referenced non-existent resource at: res://assets/fonts/neon/Comfortaa-Bold.ttf
   at: _parse_ext_resource (scene/resources/resource_format_text.cpp:159)
ERROR: res://resources/themes/neon_button_theme.tres:18 - Parse Error: [ext_resource] referenced non-existent resource at: res://assets/fonts/neon/Comfortaa-Bold.ttf
   at: load (scene/resources/resource_format_text.cpp:717)
ERROR: Failed loading resource: res://resources/themes/neon_button_theme.tres. Make sure resources have been imported by opening the project in the editor at least once.
   at: _load (core/io/resource_loader.cpp:283)
ERROR: res://scenes/ui/PerformanceMenu.tscn:27 - Parse Error: [ext_resource] referenced non-existent resource at: res://resources/themes/neon_button_theme.tres
   at: _parse_ext_resource (scene/resources/resource_format_text.cpp:159)
ERROR: res://scenes/ui/PerformanceMenu.tscn:64 - Parse Error: [ext_resource] referenced non-existent resource at: res://resources/themes/neon_label_settings.tres
   at: _parse_ext_resource (scene/resources/resource_format_text.cpp:159)
WARNING: res://resources/themes/neon_label_settings.tres:3 - ext_resource, invalid UID: uid://c3qneonfont01 - using text path instead: res://assets/fonts/neon/Comfortaa-Bold.ttf
     at: load (scene/resources/resource_format_text.cpp:453)
ERROR: No loader found for resource: res://assets/fonts/neon/Comfortaa-Bold.ttf (expected type: FontFile)
   at: _load (core/io/resource_loader.cpp:291)
ERROR: res://resources/themes/neon_label_settings.tres:6 - Parse Error: [ext_resource] referenced non-existent resource at: res://assets/fonts/neon/Comfortaa-Bold.ttf
   at: _parse_ext_resource (scene/resources/resource_format_text.cpp:159)
ERROR: res://resources/themes/neon_label_settings.tres:6 - Parse Error: [ext_resource] referenced non-existent resource at: res://assets/fonts/neon/Comfortaa-Bold.ttf
   at: load (scene/resources/resource_format_text.cpp:717)
ERROR: Failed loading resource: res://resources/themes/neon_label_settings.tres. Make sure resources have been imported by opening the project in the editor at least once.
   at: _load (core/io/resource_loader.cpp:283)
WARNING: res://resources/themes/neon_button_theme.tres:3 - ext_resource, invalid UID: uid://c3qneonfont01 - using text path instead: res://assets/fonts/neon/Comfortaa-Bold.ttf
     at: load (scene/resources/resource_format_text.cpp:453)
ERROR: No loader found for resource: res://assets/fonts/neon/Comfortaa-Bold.ttf (expected type: FontFile)
   at: _load (core/io/resource_loader.cpp:291)
ERROR: res://resources/themes/neon_button_theme.tres:18 - Parse Error: [ext_resource] referenced non-existent resource at: res://assets/fonts/neon/Comfortaa-Bold.ttf
   at: _parse_ext_resource (scene/resources/resource_format_text.cpp:159)
ERROR: res://resources/themes/neon_button_theme.tres:18 - Parse Error: [ext_resource] referenced non-existent resource at: res://assets/fonts/neon/Comfortaa-Bold.ttf
   at: load (scene/resources/resource_format_text.cpp:717)
ERROR: Failed loading resource: res://resources/themes/neon_button_theme.tres. Make sure resources have been imported by opening the project in the editor at least once.
   at: _load (core/io/resource_loader.cpp:283)
ERROR: res://scenes/ui/ExperimentalMenu.tscn:27 - Parse Error: [ext_resource] referenced non-existent resource at: res://resources/themes/neon_button_theme.tres
   at: _parse_ext_resource (scene/resources/resource_format_text.cpp:159)
ERROR: res://scenes/ui/ExperimentalMenu.tscn:64 - Parse Error: [ext_resource] referenced non-existent resource at: res://resources/themes/neon_label_settings.tres
   at: _parse_ext_resource (scene/resources/resource_format_text.cpp:159)
ERROR: res://scenes/ui/ExperimentalMenu.tscn:79 - Parse Error: [ext_resource] referenced non-existent resource at: res://resources/themes/neon_label_settings.tres
   at: _parse_ext_resource (scene/resources/resource_format_text.cpp:159)
ERROR: res://scenes/ui/ExperimentalMenu.tscn:280 - Parse Error: [ext_resource] referenced non-existent resource at: res://resources/themes/neon_label_settings.tres
   at: _parse_ext_resource (scene/resources/resource_format_text.cpp:159)
ERROR: res://scenes/ui/ExperimentalMenu.tscn:474 - Parse Error: [ext_resource] referenced non-existent resource at: res://resources/themes/neon_label_settings.tres
   at: _parse_ext_resource (scene/resources/resource_format_text.cpp:159)
ERROR: res://scenes/ui/ExperimentalMenu.tscn:564 - Parse Error: [ext_resource] referenced non-existent resource at: res://resources/themes/neon_label_settings.tres
   at: _parse_ext_resource (scene/resources/resource_format_text.cpp:159)
ERROR: res://scenes/ui/ExperimentalMenu.tscn:617 - Parse Error: [ext_resource] referenced non-existent resource at: res://resources/themes/neon_label_settings.tres
   at: _parse_ext_resource (scene/resources/resource_format_text.cpp:159)
ERROR: res://scenes/ui/ExperimentalMenu.tscn:641 - Parse Error: [ext_resource] referenced non-existent resource at: res://resources/themes/neon_label_settings.tres
   at: _parse_ext_resource (scene/resources/resource_format_text.cpp:159)
ERROR: res://scenes/ui/ExperimentalMenu.tscn:719 - Parse Error: [ext_resource] referenced non-existent resource at: res://resources/themes/neon_label_settings.tres
   at: _parse_ext_resource (scene/resources/resource_format_text.cpp:159)
WARNING: res://resources/themes/neon_label_settings.tres:3 - ext_resource, invalid UID: uid://c3qneonfont01 - using text path instead: res://assets/fonts/neon/Comfortaa-Bold.ttf
     at: load (scene/resources/resource_format_text.cpp:453)
ERROR: No loader found for resource: res://assets/fonts/neon/Comfortaa-Bold.ttf (expected type: FontFile)
   at: _load (core/io/resource_loader.cpp:291)
ERROR: res://resources/themes/neon_label_settings.tres:6 - Parse Error: [ext_resource] referenced non-existent resource at: res://assets/fonts/neon/Comfortaa-Bold.ttf
   at: _parse_ext_resource (scene/resources/resource_format_text.cpp:159)
ERROR: res://resources/themes/neon_label_settings.tres:6 - Parse Error: [ext_resource] referenced non-existent resource at: res://assets/fonts/neon/Comfortaa-Bold.ttf
   at: load (scene/resources/resource_format_text.cpp:717)
ERROR: Failed loading resource: res://resources/themes/neon_label_settings.tres. Make sure resources have been imported by opening the project in the editor at least once.
   at: _load (core/io/resource_loader.cpp:283)
WARNING: res://resources/themes/neon_button_theme.tres:3 - ext_resource, invalid UID: uid://c3qneonfont01 - using text path instead: res://assets/fonts/neon/Comfortaa-Bold.ttf
     at: load (scene/resources/resource_format_text.cpp:453)
ERROR: No loader found for resource: res://assets/fonts/neon/Comfortaa-Bold.ttf (expected type: FontFile)
   at: _load (core/io/resource_loader.cpp:291)
ERROR: res://resources/themes/neon_button_theme.tres:18 - Parse Error: [ext_resource] referenced non-existent resource at: res://assets/fonts/neon/Comfortaa-Bold.ttf
   at: _parse_ext_resource (scene/resources/resource_format_text.cpp:159)
ERROR: res://resources/themes/neon_button_theme.tres:18 - Parse Error: [ext_resource] referenced non-existent resource at: res://assets/fonts/neon/Comfortaa-Bold.ttf
   at: load (scene/resources/resource_format_text.cpp:717)
ERROR: Failed loading resource: res://resources/themes/neon_button_theme.tres. Make sure resources have been imported by opening the project in the editor at least once.
   at: _load (core/io/resource_loader.cpp:283)
ERROR: res://scenes/ui/LanguageMenu.tscn:19 - Parse Error: [ext_resource] referenced non-existent resource at: res://resources/themes/neon_button_theme.tres
   at: _parse_ext_resource (scene/resources/resource_format_text.cpp:159)
ERROR: res://scenes/ui/LanguageMenu.tscn:49 - Parse Error: [ext_resource] referenced non-existent resource at: res://resources/themes/neon_label_settings.tres
   at: _parse_ext_resource (scene/resources/resource_format_text.cpp:159)
WARNING: res://resources/themes/neon_label_settings.tres:3 - ext_resource, invalid UID: uid://c3qneonfont01 - using text path instead: res://assets/fonts/neon/Comfortaa-Bold.ttf
     at: load (scene/resources/resource_format_text.cpp:453)
ERROR: No loader found for resource: res://assets/fonts/neon/Comfortaa-Bold.ttf (expected type: FontFile)
   at: _load (core/io/resource_loader.cpp:291)
ERROR: res://resources/themes/neon_label_settings.tres:6 - Parse Error: [ext_resource] referenced non-existent resource at: res://assets/fonts/neon/Comfortaa-Bold.ttf
   at: _parse_ext_resource (scene/resources/resource_format_text.cpp:159)
ERROR: res://resources/themes/neon_label_settings.tres:6 - Parse Error: [ext_resource] referenced non-existent resource at: res://assets/fonts/neon/Comfortaa-Bold.ttf
   at: load (scene/resources/resource_format_text.cpp:717)
ERROR: Failed loading resource: res://resources/themes/neon_label_settings.tres. Make sure resources have been imported by opening the project in the editor at least once.
   at: _load (core/io/resource_loader.cpp:283)
WARNING: res://resources/themes/neon_button_theme.tres:3 - ext_resource, invalid UID: uid://c3qneonfont01 - using text path instead: res://assets/fonts/neon/Comfortaa-Bold.ttf
     at: load (scene/resources/resource_format_text.cpp:453)
ERROR: No loader found for resource: res://assets/fonts/neon/Comfortaa-Bold.ttf (expected type: FontFile)
   at: _load (core/io/resource_loader.cpp:291)
ERROR: res://resources/themes/neon_button_theme.tres:18 - Parse Error: [ext_resource] referenced non-existent resource at: res://assets/fonts/neon/Comfortaa-Bold.ttf
   at: _parse_ext_resource (scene/resources/resource_format_text.cpp:159)
ERROR: res://resources/themes/neon_button_theme.tres:18 - Parse Error: [ext_resource] referenced non-existent resource at: res://assets/fonts/neon/Comfortaa-Bold.ttf
   at: load (scene/resources/resource_format_text.cpp:717)
ERROR: Failed loading resource: res://resources/themes/neon_button_theme.tres. Make sure resources have been imported by opening the project in the editor at least once.
   at: _load (core/io/resource_loader.cpp:283)
ERROR: res://scenes/ui/SettingsMenu.tscn:19 - Parse Error: [ext_resource] referenced non-existent resource at: res://resources/themes/neon_button_theme.tres
   at: _parse_ext_resource (scene/resources/resource_format_text.cpp:159)
ERROR: res://scenes/ui/SettingsMenu.tscn:49 - Parse Error: [ext_resource] referenced non-existent resource at: res://resources/themes/neon_label_settings.tres
   at: _parse_ext_resource (scene/resources/resource_format_text.cpp:159)
WARNING: res://resources/themes/neon_label_settings.tres:3 - ext_resource, invalid UID: uid://c3qneonfont01 - using text path instead: res://assets/fonts/neon/Comfortaa-Bold.ttf
     at: load (scene/resources/resource_format_text.cpp:453)
ERROR: No loader found for resource: res://assets/fonts/neon/Comfortaa-Bold.ttf (expected type: FontFile)
   at: _load (core/io/resource_loader.cpp:291)
ERROR: res://resources/themes/neon_label_settings.tres:6 - Parse Error: [ext_resource] referenced non-existent resource at: res://assets/fonts/neon/Comfortaa-Bold.ttf
   at: _parse_ext_resource (scene/resources/resource_format_text.cpp:159)
ERROR: res://resources/themes/neon_label_settings.tres:6 - Parse Error: [ext_resource] referenced non-existent resource at: res://assets/fonts/neon/Comfortaa-Bold.ttf
   at: load (scene/resources/resource_format_text.cpp:717)
ERROR: Failed loading resource: res://resources/themes/neon_label_settings.tres. Make sure resources have been imported by opening the project in the editor at least once.
   at: _load (core/io/resource_loader.cpp:283)
WARNING: res://resources/themes/neon_button_theme.tres:3 - ext_resource, invalid UID: uid://c3qneonfont01 - using text path instead: res://assets/fonts/neon/Comfortaa-Bold.ttf
     at: load (scene/resources/resource_format_text.cpp:453)
ERROR: No loader found for resource: res://assets/fonts/neon/Comfortaa-Bold.ttf (expected type: FontFile)
   at: _load (core/io/resource_loader.cpp:291)
ERROR: res://resources/themes/neon_button_theme.tres:18 - Parse Error: [ext_resource] referenced non-existent resource at: res://assets/fonts/neon/Comfortaa-Bold.ttf
   at: _parse_ext_resource (scene/resources/resource_format_text.cpp:159)
ERROR: res://resources/themes/neon_button_theme.tres:18 - Parse Error: [ext_resource] referenced non-existent resource at: res://assets/fonts/neon/Comfortaa-Bold.ttf
   at: load (scene/resources/resource_format_text.cpp:717)
ERROR: Failed loading resource: res://resources/themes/neon_button_theme.tres. Make sure resources have been imported by opening the project in the editor at least once.
   at: _load (core/io/resource_loader.cpp:283)
ERROR: No loader found for resource: res://assets/sprites/ui/menu_icons/icon_resume.svg (expected type: Texture2D)
   at: _load (core/io/resource_loader.cpp:291)
ERROR: No loader found for resource: res://assets/sprites/ui/menu_icons/icon_armory.svg (expected type: Texture2D)
   at: _load (core/io/resource_loader.cpp:291)
ERROR: No loader found for resource: res://assets/sprites/ui/menu_icons/icon_levels.svg (expected type: Texture2D)
   at: _load (core/io/resource_loader.cpp:291)
ERROR: No loader found for resource: res://assets/sprites/ui/menu_icons/icon_training.svg (expected type: Texture2D)
   at: _load (core/io/resource_loader.cpp:291)
ERROR: No loader found for resource: res://assets/sprites/ui/menu_icons/icon_roguelike.svg (expected type: Texture2D)
   at: _load (core/io/resource_loader.cpp:291)
ERROR: No loader found for resource: res://assets/sprites/ui/menu_icons/icon_arena.svg (expected type: Texture2D)
   at: _load (core/io/resource_loader.cpp:291)
ERROR: No loader found for resource: res://assets/sprites/ui/menu_icons/icon_settings.svg (expected type: Texture2D)
   at: _load (core/io/resource_loader.cpp:291)
ERROR: No loader found for resource: res://assets/sprites/ui/menu_icons/icon_quit.svg (expected type: Texture2D)
   at: _load (core/io/resource_loader.cpp:291)
ERROR: res://scenes/ui/PauseMenu.tscn:35 - Parse Error: [ext_resource] referenced non-existent resource at: res://resources/themes/neon_button_theme.tres
   at: _parse_ext_resource (scene/resources/resource_format_text.cpp:159)
ERROR: res://scenes/ui/PauseMenu.tscn:55 - Parse Error: [ext_resource] referenced non-existent resource at: res://resources/themes/neon_label_settings.tres
   at: _parse_ext_resource (scene/resources/resource_format_text.cpp:159)
ERROR: res://scenes/ui/PauseMenu.tscn:61 - Parse Error: [ext_resource] referenced non-existent resource at: res://assets/sprites/ui/menu_icons/icon_resume.svg
   at: _parse_ext_resource (scene/resources/resource_format_text.cpp:159)
ERROR: res://scenes/ui/PauseMenu.tscn:67 - Parse Error: [ext_resource] referenced non-existent resource at: res://assets/sprites/ui/menu_icons/icon_armory.svg
   at: _parse_ext_resource (scene/resources/resource_format_text.cpp:159)
ERROR: res://scenes/ui/PauseMenu.tscn:73 - Parse Error: [ext_resource] referenced non-existent resource at: res://assets/sprites/ui/menu_icons/icon_levels.svg
   at: _parse_ext_resource (scene/resources/resource_format_text.cpp:159)
ERROR: res://scenes/ui/PauseMenu.tscn:79 - Parse Error: [ext_resource] referenced non-existent resource at: res://assets/sprites/ui/menu_icons/icon_training.svg
   at: _parse_ext_resource (scene/resources/resource_format_text.cpp:159)
ERROR: res://scenes/ui/PauseMenu.tscn:85 - Parse Error: [ext_resource] referenced non-existent resource at: res://assets/sprites/ui/menu_icons/icon_roguelike.svg
   at: _parse_ext_resource (scene/resources/resource_format_text.cpp:159)
ERROR: res://scenes/ui/PauseMenu.tscn:91 - Parse Error: [ext_resource] referenced non-existent resource at: res://assets/sprites/ui/menu_icons/icon_arena.svg
   at: _parse_ext_resource (scene/resources/resource_format_text.cpp:159)
ERROR: res://scenes/ui/PauseMenu.tscn:97 - Parse Error: [ext_resource] referenced non-existent resource at: res://assets/sprites/ui/menu_icons/icon_settings.svg
   at: _parse_ext_resource (scene/resources/resource_format_text.cpp:159)
ERROR: res://scenes/ui/PauseMenu.tscn:103 - Parse Error: [ext_resource] referenced non-existent resource at: res://assets/sprites/ui/menu_icons/icon_quit.svg
   at: _parse_ext_resource (scene/resources/resource_format_text.cpp:159)
ERROR: No loader found for resource: res://assets/sprites/projectiles/rpg_rocket.png (expected type: Texture2D)
   at: _load (core/io/resource_loader.cpp:291)
ERROR: res://scenes/projectiles/RpgRocket.tscn:60 - Parse Error: [ext_resource] referenced non-existent resource at: res://assets/sprites/projectiles/rpg_rocket.png
   at: _parse_ext_resource (scene/resources/resource_format_text.cpp:159)
SCRIPT ERROR: Parse Error: Cannot infer the type of "spawn_pos" variable because the value doesn't have a set type.
          at: GDScript::reload (res://scripts/components/machine_gunner_component.gd:37)
SCRIPT ERROR: Parse Error: Cannot infer the type of "player_pos" variable because the value doesn't have a set type.
          at: GDScript::reload (res://scripts/components/machine_gunner_component.gd:87)
SCRIPT ERROR: Parse Error: Cannot infer the type of "raycast" variable because the value doesn't have a set type.
          at: GDScript::reload (res://scripts/components/machine_gunner_component.gd:90)
SCRIPT ERROR: Parse Error: Cannot infer the type of "cover_pos" variable because the value doesn't have a set type.
          at: GDScript::reload (res://scripts/components/machine_gunner_component.gd:94)
SCRIPT ERROR: Parse Error: Cannot infer the type of "is_hidden" variable because the value doesn't have a set type.
          at: GDScript::reload (res://scripts/components/machine_gunner_component.gd:97)
SCRIPT ERROR: Parse Error: Cannot infer the type of "dist_to_player" variable because the value doesn't have a set type.
          at: GDScript::reload (res://scripts/components/machine_gunner_component.gd:99)
SCRIPT ERROR: Parse Error: Cannot infer the type of "total_score" variable because the value doesn't have a set type.
          at: GDScript::reload (res://scripts/components/machine_gunner_component.gd:100)
WARNING: res://scenes/projectiles/ChemicalGasGrenade.tscn:4 - ext_resource, invalid UID: uid://cagggas7qx4h3k5 - using text path instead: res://assets/sprites/weapons/aggression_gas_grenade.png
     at: load (scene/resources/resource_format_text.cpp:453)
ERROR: No loader found for resource: res://assets/sprites/weapons/aggression_gas_grenade.png (expected type: Texture2D)
   at: _load (core/io/resource_loader.cpp:291)
ERROR: res://scenes/projectiles/ChemicalGasGrenade.tscn:33 - Parse Error: [ext_resource] referenced non-existent resource at: res://assets/sprites/weapons/aggression_gas_grenade.png
   at: _parse_ext_resource (scene/resources/resource_format_text.cpp:159)
SCRIPT ERROR: Compile Error:
          at: GDScript::reload (res://scripts/objects/enemy.gd:-1)
ERROR: Failed to load script "res://scripts/objects/enemy.gd" with error "Compilation failed".
   at: load (modules/gdscript/gdscript.cpp:2936)
ERROR: No loader found for resource: res://assets/sprites/weapons/m16_rifle_topdown.png (expected type: Texture2D)
   at: _load (core/io/resource_loader.cpp:291)
ERROR: No loader found for resource: res://assets/sprites/characters/enemy/enemy_body.png (expected type: Texture2D)
   at: _load (core/io/resource_loader.cpp:291)
ERROR: No loader found for resource: res://assets/sprites/characters/enemy/enemy_head.png (expected type: Texture2D)
   at: _load (core/io/resource_loader.cpp:291)
ERROR: No loader found for resource: res://assets/sprites/characters/enemy/enemy_left_arm.png (expected type: Texture2D)
   at: _load (core/io/resource_loader.cpp:291)
ERROR: No loader found for resource: res://assets/sprites/characters/enemy/enemy_right_arm.png (expected type: Texture2D)
   at: _load (core/io/resource_loader.cpp:291)
ERROR: No loader found for resource: res://assets/sprites/weapons/force_field_icon.png (expected type: Texture2D)
   at: _load (core/io/resource_loader.cpp:291)
ERROR: res://scenes/objects/Enemy.tscn:33 - Parse Error: [ext_resource] referenced non-existent resource at: res://assets/sprites/characters/enemy/enemy_body.png
   at: _parse_ext_resource (scene/resources/resource_format_text.cpp:159)
ERROR: res://scenes/objects/Enemy.tscn:38 - Parse Error: [ext_resource] referenced non-existent resource at: res://assets/sprites/characters/enemy/enemy_left_arm.png
   at: _parse_ext_resource (scene/resources/resource_format_text.cpp:159)
ERROR: res://scenes/objects/Enemy.tscn:43 - Parse Error: [ext_resource] referenced non-existent resource at: res://assets/sprites/characters/enemy/enemy_right_arm.png
   at: _parse_ext_resource (scene/resources/resource_format_text.cpp:159)
ERROR: res://scenes/objects/Enemy.tscn:48 - Parse Error: [ext_resource] referenced non-existent resource at: res://assets/sprites/characters/enemy/enemy_head.png
   at: _parse_ext_resource (scene/resources/resource_format_text.cpp:159)
ERROR: res://scenes/objects/Enemy.tscn:55 - Parse Error: [ext_resource] referenced non-existent resource at: res://assets/sprites/weapons/m16_rifle_topdown.png
   at: _parse_ext_resource (scene/resources/resource_format_text.cpp:159)
ERROR: res://scenes/objects/Enemy.tscn:63 - Parse Error: [ext_resource] referenced non-existent resource at: res://assets/sprites/weapons/force_field_icon.png
   at: _parse_ext_resource (scene/resources/resource_format_text.cpp:159)
SCRIPT ERROR: Parse Error: Cannot infer the type of "is_valid" variable because the value doesn't have a set type.
          at: GDScript::reload (res://tests/unit/test_ricochet.gd:150)
SCRIPT ERROR: Parse Error: Cannot infer the type of "is_valid" variable because the value doesn't have a set type.
          at: GDScript::reload (res://tests/unit/test_ricochet.gd:166)
SCRIPT ERROR: Parse Error: Cannot infer the type of "is_valid" variable because the value doesn't have a set type.
          at: GDScript::reload (res://tests/unit/test_ricochet.gd:205)
SCRIPT ERROR: Parse Error: Cannot infer the type of "is_valid_545" variable because the value doesn't have a set type.
          at: GDScript::reload (res://tests/unit/test_ricochet.gd:222)
SCRIPT ERROR: Parse Error: Cannot infer the type of "is_valid_762" variable because the value doesn't have a set type.
          at: GDScript::reload (res://tests/unit/test_ricochet.gd:223)
ERROR: Failed to load script "res://tests/unit/test_ricochet.gd" with error "Parse error".
   at: load (modules/gdscript/gdscript.cpp:2936)
[33m[WARNING]:  [0mIgnoring script res://tests/unit/test_ricochet.gd because it does not extend GutTest
SCRIPT ERROR: Parse Error: Function "assert_gte()" not found in base self.
          at: GDScript::reload (res://tests/unit/test_roguelike_branching_map.gd:165)
ERROR: Failed to load script "res://tests/unit/test_roguelike_branching_map.gd" with error "Parse error".
   at: load (modules/gdscript/gdscript.cpp:2936)
[33m[WARNING]:  [0mIgnoring script res://tests/unit/test_roguelike_branching_map.gd because it does not extend GutTest
SCRIPT ERROR: Parse Error: Function "assert_gte()" not found in base self.
          at: GDScript::reload (res://tests/unit/test_roguelike_isaac_improvements.gd:256)
SCRIPT ERROR: Parse Error: Function "assert_gte()" not found in base self.
          at: GDScript::reload (res://tests/unit/test_roguelike_isaac_improvements.gd:334)
SCRIPT ERROR: Parse Error: Function "assert_gte()" not found in base self.
          at: GDScript::reload (res://tests/unit/test_roguelike_isaac_improvements.gd:354)
ERROR: Failed to load script "res://tests/unit/test_roguelike_isaac_improvements.gd" with error "Parse error".
   at: load (modules/gdscript/gdscript.cpp:2936)
[33m[WARNING]:  [0mIgnoring script res://tests/unit/test_roguelike_isaac_improvements.gd because it does not extend GutTest
SCRIPT ERROR: Parse Error: Function "assert_le()" not found in base self.
          at: GDScript::reload (res://tests/unit/test_roguelike_special_enemies.gd:202)
ERROR: Failed to load script "res://tests/unit/test_roguelike_special_enemies.gd" with error "Parse error".
   at: load (modules/gdscript/gdscript.cpp:2936)
[33m[WARNING]:  [0mIgnoring script res://tests/unit/test_roguelike_special_enemies.gd because it does not extend GutTest
SCRIPT ERROR: Parse Error: Function "auto_free()" not found in base self.
          at: GDScript::reload (res://tests/unit/test_rpg_obstacle_destruction.gd:421)
SCRIPT ERROR: Parse Error: Function "auto_free()" not found in base self.
          at: GDScript::reload (res://tests/unit/test_rpg_obstacle_destruction.gd:450)
ERROR: Failed to load script "res://tests/unit/test_rpg_obstacle_destruction.gd" with error "Parse error".
   at: load (modules/gdscript/gdscript.cpp:2936)
[33m[WARNING]:  [0mIgnoring script res://tests/unit/test_rpg_obstacle_destruction.gd because it does not extend GutTest
SCRIPT ERROR: Parse Error: Function "assert_le()" not found in base self.
          at: GDScript::reload (res://tests/unit/test_rpg_rocket.gd:227)
ERROR: Failed to load script "res://tests/unit/test_rpg_rocket.gd" with error "Parse error".
   at: load (modules/gdscript/gdscript.cpp:2936)
[33m[WARNING]:  [0mIgnoring script res://tests/unit/test_rpg_rocket.gd because it does not extend GutTest
SCRIPT ERROR: Parse Error: The function signature doesn't match the parent. Parent signature is "has_method(StringName) -> bool".
          at: GDScript::reload (res://tests/unit/test_search_path_monitor.gd:29)
SCRIPT ERROR: Parse Error: The method "has_method()" overrides a method from native class "Object". This won't be called by the engine and may not work as expected. (Warning treated as error.)
          at: GDScript::reload (res://tests/unit/test_search_path_monitor.gd:29)
ERROR: Failed to load script "res://tests/unit/test_search_path_monitor.gd" with error "Parse error".
   at: load (modules/gdscript/gdscript.cpp:2936)
[33m[WARNING]:  [0mIgnoring script res://tests/unit/test_search_path_monitor.gd because it does not extend GutTest
SCRIPT ERROR: Parse Error: The function signature doesn't match the parent. Parent signature is "has_method(StringName) -> bool".
          at: GDScript::reload (res://tests/unit/test_shield_hit_area.gd:60)
SCRIPT ERROR: Parse Error: The function signature doesn't match the parent. Parent signature is "has_method(StringName) -> bool".
          at: GDScript::reload (res://tests/unit/test_shield_hit_area.gd:70)
SCRIPT ERROR: Parse Error: The method "has_method()" overrides a method from native class "Object". This won't be called by the engine and may not work as expected. (Warning treated as error.)
          at: GDScript::reload (res://tests/unit/test_shield_hit_area.gd:60)
SCRIPT ERROR: Parse Error: The method "has_method()" overrides a method from native class "Object". This won't be called by the engine and may not work as expected. (Warning treated as error.)
          at: GDScript::reload (res://tests/unit/test_shield_hit_area.gd:70)
ERROR: Failed to load script "res://tests/unit/test_shield_hit_area.gd" with error "Parse error".
   at: load (modules/gdscript/gdscript.cpp:2936)
[33m[WARNING]:  [0mIgnoring script res://tests/unit/test_shield_hit_area.gd because it does not extend GutTest
SCRIPT ERROR: Parse Error: Function "assert_le()" not found in base self.
          at: GDScript::reload (res://tests/unit/test_shrapnel.gd:369)
ERROR: Failed to load script "res://tests/unit/test_shrapnel.gd" with error "Parse error".
   at: load (modules/gdscript/gdscript.cpp:2936)
[33m[WARNING]:  [0mIgnoring script res://tests/unit/test_shrapnel.gd because it does not extend GutTest
SCRIPT ERROR: Parse Error: Member "velocity" redefined (original in native class 'CharacterBody2D')
          at: GDScript::reload (res://tests/unit/test_sniper_aim_inertia.gd:74)
SCRIPT ERROR: Parse Error: Function "assert_ge()" not found in base self.
          at: GDScript::reload (res://tests/unit/test_sniper_aim_inertia.gd:36)
SCRIPT ERROR: Parse Error: Function "assert_le()" not found in base self.
          at: GDScript::reload (res://tests/unit/test_sniper_aim_inertia.gd:38)
ERROR: Failed to load script "res://tests/unit/test_sniper_aim_inertia.gd" with error "Parse error".
   at: load (modules/gdscript/gdscript.cpp:2936)
[33m[WARNING]:  [0mIgnoring script res://tests/unit/test_sniper_aim_inertia.gd because it does not extend GutTest
SCRIPT ERROR: Parse Error: Invalid argument for "process_pursuing()" function: argument 3 should be "Node" but is "MockNode2D".
          at: GDScript::reload (res://tests/unit/test_sniper_enemy_fix.gd:204)
SCRIPT ERROR: Parse Error: Invalid argument for "process_pursuing()" function: argument 3 should be "Node" but is "MockNode2D".
          at: GDScript::reload (res://tests/unit/test_sniper_enemy_fix.gd:215)
SCRIPT ERROR: Parse Error: Invalid argument for "process_pursuing()" function: argument 3 should be "Node" but is "MockNode2D".
          at: GDScript::reload (res://tests/unit/test_sniper_enemy_fix.gd:235)
SCRIPT ERROR: Parse Error: Value of type "MockEnemy" cannot be assigned to a variable of type "Node2D".
          at: GDScript::reload (res://tests/unit/test_sniper_enemy_fix.gd:191)
ERROR: Failed to load script "res://tests/unit/test_sniper_enemy_fix.gd" with error "Parse error".
   at: load (modules/gdscript/gdscript.cpp:2936)
[33m[WARNING]:  [0mIgnoring script res://tests/unit/test_sniper_enemy_fix.gd because it does not extend GutTest
SCRIPT ERROR: Parse Error: Cannot infer the type of "expected" variable because the value doesn't have a set type.
          at: GDScript::reload (res://tests/unit/test_sniper_laser_sight.gd:136)
ERROR: Failed to load script "res://tests/unit/test_sniper_laser_sight.gd" with error "Parse error".
   at: load (modules/gdscript/gdscript.cpp:2936)
[33m[WARNING]:  [0mIgnoring script res://tests/unit/test_sniper_laser_sight.gd because it does not extend GutTest
SCRIPT ERROR: Parse Error: The member "Range" shadows a native class.
          at: GDScript::reload (res://tests/unit/test_sniper_rifle_loudness.gd:23)
ERROR: Failed to load script "res://tests/unit/test_sniper_rifle_loudness.gd" with error "Parse error".
   at: load (modules/gdscript/gdscript.cpp:2936)
[33m[WARNING]:  [0mIgnoring script res://tests/unit/test_sniper_rifle_loudness.gd because it does not extend GutTest
SCRIPT ERROR: Parse Error: The function signature doesn't match the parent. Parent signature is "has_method(StringName) -> bool".
          at: GDScript::reload (res://tests/unit/test_status_effects_manager.gd:39)
SCRIPT ERROR: Parse Error: The function signature doesn't match the parent. Parent signature is "has_method(StringName) -> bool".
          at: GDScript::reload (res://tests/unit/test_status_effects_manager.gd:564)
SCRIPT ERROR: Parse Error: The method "get_instance_id()" overrides a method from native class "Object". This won't be called by the engine and may not work as expected. (Warning treated as error.)
          at: GDScript::reload (res://tests/unit/test_status_effects_manager.gd:24)
SCRIPT ERROR: Parse Error: The method "has_method()" overrides a method from native class "Object". This won't be called by the engine and may not work as expected. (Warning treated as error.)
          at: GDScript::reload (res://tests/unit/test_status_effects_manager.gd:39)
SCRIPT ERROR: Parse Error: The method "get_instance_id()" overrides a method from native class "Object". This won't be called by the engine and may not work as expected. (Warning treated as error.)
          at: GDScript::reload (res://tests/unit/test_status_effects_manager.gd:549)
SCRIPT ERROR: Parse Error: The method "has_method()" overrides a method from native class "Object". This won't be called by the engine and may not work as expected. (Warning treated as error.)
          at: GDScript::reload (res://tests/unit/test_status_effects_manager.gd:564)
ERROR: Failed to load script "res://tests/unit/test_status_effects_manager.gd" with error "Parse error".
   at: load (modules/gdscript/gdscript.cpp:2936)
[33m[WARNING]:  [0mIgnoring script res://tests/unit/test_status_effects_manager.gd because it does not extend GutTest
SCRIPT ERROR: Parse Error: The function signature doesn't match the parent. Parent signature is "has_method(StringName) -> bool".
          at: GDScript::reload (res://tests/unit/test_tactical_group.gd:32)
SCRIPT ERROR: Parse Error: Function "assert_gte()" not found in base self.
          at: GDScript::reload (res://tests/unit/test_tactical_group.gd:78)
SCRIPT ERROR: Parse Error: Invalid argument for "new()" function: argument 1 should be "Node2D" but is "MockEnemy2D".
          at: GDScript::reload (res://tests/unit/test_tactical_group.gd:169)
SCRIPT ERROR: Parse Error: The method "has_method()" overrides a method from native class "Object". This won't be called by the engine and may not work as expected. (Warning treated as error.)
          at: GDScript::reload (res://tests/unit/test_tactical_group.gd:32)
SCRIPT ERROR: Parse Error: The method "get_instance_id()" overrides a method from native class "Object". This won't be called by the engine and may not work as expected. (Warning treated as error.)
          at: GDScript::reload (res://tests/unit/test_tactical_group.gd:35)
ERROR: Failed to load script "res://tests/unit/test_tactical_group.gd" with error "Parse error".
   at: load (modules/gdscript/gdscript.cpp:2936)
[33m[WARNING]:  [0mIgnoring script res://tests/unit/test_tactical_group.gd because it does not extend GutTest
SCRIPT ERROR: Parse Error: The method "get_instance_id()" overrides a method from native class "Object". This won't be called by the engine and may not work as expected. (Warning treated as error.)
          at: GDScript::reload (res://tests/unit/test_tactical_group_component.gd:21)
ERROR: Failed to load script "res://tests/unit/test_tactical_group_component.gd" with error "Parse error".
   at: load (modules/gdscript/gdscript.cpp:2936)
[33m[WARNING]:  [0mIgnoring script res://tests/unit/test_tactical_group_component.gd because it does not extend GutTest
SCRIPT ERROR: Parse Error: The method "get_instance_id()" overrides a method from native class "Object". This won't be called by the engine and may not work as expected. (Warning treated as error.)
          at: GDScript::reload (res://tests/unit/test_threat_sphere.gd:122)
ERROR: Failed to load script "res://tests/unit/test_threat_sphere.gd" with error "Parse error".
   at: load (modules/gdscript/gdscript.cpp:2936)
[33m[WARNING]:  [0mIgnoring script res://tests/unit/test_threat_sphere.gd because it does not extend GutTest
SCRIPT ERROR: Parse Error: Cannot return value of type "MockProgressManager" because the function return type is "Node".
          at: GDScript::reload (res://tests/unit/test_unlock_manager.gd:345)
SCRIPT ERROR: Parse Error: Cannot return value of type "MockGameManager" because the function return type is "Node".
          at: GDScript::reload (res://tests/unit/test_unlock_manager.gd:347)
SCRIPT ERROR: Parse Error: Cannot return value of type "MockActiveItemManager" because the function return type is "Node".
          at: GDScript::reload (res://tests/unit/test_unlock_manager.gd:349)
SCRIPT ERROR: Parse Error: Cannot return value of type "MockGrenadeManager" because the function return type is "Node".
          at: GDScript::reload (res://tests/unit/test_unlock_manager.gd:351)
SCRIPT ERROR: Parse Error: The method "get_node_or_null()" overrides a method from native class "Node". This won't be called by the engine and may not work as expected. (Warning treated as error.)
          at: GDScript::reload (res://tests/unit/test_unlock_manager.gd:342)
ERROR: Failed to load script "res://tests/unit/test_unlock_manager.gd" with error "Parse error".
   at: load (modules/gdscript/gdscript.cpp:2936)
[33m[WARNING]:  [0mIgnoring script res://tests/unit/test_unlock_manager.gd because it does not extend GutTest
SCRIPT ERROR: Parse Error: The function signature doesn't match the parent. Parent signature is "has_method(StringName) -> bool".
          at: GDScript::reload (res://tests/unit/test_vog_grenade.gd:20)
SCRIPT ERROR: Parse Error: The function signature doesn't match the parent. Parent signature is "has_method(StringName) -> bool".
          at: GDScript::reload (res://tests/unit/test_vog_grenade.gd:40)
SCRIPT ERROR: Parse Error: The method "has_method()" overrides a method from native class "Object". This won't be called by the engine and may not work as expected. (Warning treated as error.)
          at: GDScript::reload (res://tests/unit/test_vog_grenade.gd:20)
SCRIPT ERROR: Parse Error: The method "has_method()" overrides a method from native class "Object". This won't be called by the engine and may not work as expected. (Warning treated as error.)
          at: GDScript::reload (res://tests/unit/test_vog_grenade.gd:40)
ERROR: Failed to load script "res://tests/unit/test_vog_grenade.gd" with error "Parse error".
   at: load (modules/gdscript/gdscript.cpp:2936)
[33m[WARNING]:  [0mIgnoring script res://tests/unit/test_vog_grenade.gd because it does not extend GutTest
SCRIPT ERROR: Parse Error: Function "assert_gte()" not found in base self.
          at: GDScript::reload (res://tests/unit/test_water_body.gd:170)
SCRIPT ERROR: Parse Error: Function "assert_lte()" not found in base self.
          at: GDScript::reload (res://tests/unit/test_water_body.gd:171)
SCRIPT ERROR: Parse Error: Function "assert_gte()" not found in base self.
          at: GDScript::reload (res://tests/unit/test_water_body.gd:172)
SCRIPT ERROR: Parse Error: Function "assert_lte()" not found in base self.
          at: GDScript::reload (res://tests/unit/test_water_body.gd:173)
ERROR: Failed to load script "res://tests/unit/test_water_body.gd" with error "Parse error".
   at: load (modules/gdscript/gdscript.cpp:2936)
[33m[WARNING]:  [0mIgnoring script res://tests/unit/test_water_body.gd because it does not extend GutTest
SCRIPT ERROR: Parse Error: Cannot infer the type of "config" variable because the value doesn't have a set type.
          at: GDScript::reload (res://tests/unit/test_weapon_config_component.gd:410)
SCRIPT ERROR: Parse Error: Cannot infer the type of "config" variable because the value doesn't have a set type.
          at: GDScript::reload (res://tests/unit/test_weapon_config_component.gd:417)
SCRIPT ERROR: Parse Error: Cannot infer the type of "config" variable because the value doesn't have a set type.
          at: GDScript::reload (res://tests/unit/test_weapon_config_component.gd:424)
SCRIPT ERROR: Parse Error: Cannot infer the type of "config" variable because the value doesn't have a set type.
          at: GDScript::reload (res://tests/unit/test_weapon_config_component.gd:431)
SCRIPT ERROR: Parse Error: Cannot infer the type of "config" variable because the value doesn't have a set type.
          at: GDScript::reload (res://tests/unit/test_weapon_config_component.gd:438)
SCRIPT ERROR: Parse Error: Cannot infer the type of "config" variable because the value doesn't have a set type.
          at: GDScript::reload (res://tests/unit/test_weapon_config_component.gd:445)
SCRIPT ERROR: Parse Error: Cannot infer the type of "config" variable because the value doesn't have a set type.
          at: GDScript::reload (res://tests/unit/test_weapon_config_component.gd:454)
SCRIPT ERROR: Parse Error: Cannot infer the type of "config" variable because the value doesn't have a set type.
          at: GDScript::reload (res://tests/unit/test_weapon_config_component.gd:463)
SCRIPT ERROR: Parse Error: Cannot infer the type of "config" variable because the value doesn't have a set type.
          at: GDScript::reload (res://tests/unit/test_weapon_config_component.gd:476)
SCRIPT ERROR: Parse Error: Cannot infer the type of "config" variable because the value doesn't have a set type.
          at: GDScript::reload (res://tests/unit/test_weapon_config_component.gd:484)
SCRIPT ERROR: Parse Error: Cannot infer the type of "config" variable because the value doesn't have a set type.
          at: GDScript::reload (res://tests/unit/test_weapon_config_component.gd:494)
SCRIPT ERROR: Parse Error: Cannot infer the type of "config" variable because the value doesn't have a set type.
          at: GDScript::reload (res://tests/unit/test_weapon_config_component.gd:504)
SCRIPT ERROR: Parse Error: Cannot infer the type of "config" variable because the value doesn't have a set type.
          at: GDScript::reload (res://tests/unit/test_weapon_config_component.gd:513)
SCRIPT ERROR: Parse Error: Cannot infer the type of "config" variable because the value doesn't have a set type.
          at: GDScript::reload (res://tests/unit/test_weapon_config_component.gd:520)
SCRIPT ERROR: Parse Error: Cannot infer the type of "config" variable because the value doesn't have a set type.
          at: GDScript::reload (res://tests/unit/test_weapon_config_component.gd:527)
SCRIPT ERROR: Parse Error: Cannot infer the type of "config" variable because the value doesn't have a set type.
          at: GDScript::reload (res://tests/unit/test_weapon_config_component.gd:534)
SCRIPT ERROR: Parse Error: Cannot infer the type of "config" variable because the value doesn't have a set type.
          at: GDScript::reload (res://tests/unit/test_weapon_config_component.gd:541)
ERROR: Failed to load script "res://tests/unit/test_weapon_config_component.gd" with error "Parse error".
   at: load (modules/gdscript/gdscript.cpp:2936)
[33m[WARNING]:  [0mIgnoring script res://tests/unit/test_weapon_config_component.gd because it does not extend GutTest
[4m

res://tests/unit/test_active_item_manager.gd
[0m[4m

res://tests/unit/test_active_item_progress_bar.gd
[0m[4m

res://tests/unit/test_aggression_cloud.gd
[0m[4m

res://tests/unit/test_aggression_gas_grenade.gd
[0m[4m

res://tests/unit/test_ai_regression_1559.gd
[0m[4m

res://tests/unit/test_ammo_component.gd
[0m[4m

res://tests/unit/test_arena_level.gd
[0m[4m

res://tests/unit/test_armored_skin.gd
[0m[4m

res://tests/unit/test_armored_skin_unlock.gd
[0m[4m

res://tests/unit/test_armory_kill_progress.gd
[0m[4m

res://tests/unit/test_armory_shine_progress.gd
[0m[4m

res://tests/unit/test_armory_unlock.gd
[0m[4m

res://tests/unit/test_armory_unlock_progress.gd
[0m[4m

res://tests/unit/test_assault_rifle_loudness.gd
[0m[4m

res://tests/unit/test_audio_manager.gd
[0m[4m

res://tests/unit/test_beach_level.gd
[0m[4m

res://tests/unit/test_black_metal_effects_manager.gd
[0m[4m

res://tests/unit/test_black_metal_lightning_effects.gd
[0m[4m

res://tests/unit/test_blood_decal.gd
[0m[4m

res://tests/unit/test_blood_footprint.gd
[0m[4m

res://tests/unit/test_building_level.gd
[0m[4m

res://tests/unit/test_caliber_data.gd
[0m[4m

res://tests/unit/test_casing.gd
[0m[4m

res://tests/unit/test_chemical_cloud.gd
[0m[4m

res://tests/unit/test_chemical_cloud_illusions.gd
[0m[4m

res://tests/unit/test_chemical_gas_grenade.gd
[0m[4m

res://tests/unit/test_city_level.gd
[0m[4m

res://tests/unit/test_combat_disposition.gd
[0m[4m

res://tests/unit/test_combat_disposition_unlock.gd
[0m[4m

res://tests/unit/test_combat_path_component.gd
[0m[4m

res://tests/unit/test_controls_menu.gd
[0m[4m

res://tests/unit/test_cover_component.gd
[0m[4m

res://tests/unit/test_dash_effect.gd
[0m[4m

res://tests/unit/test_death_animation_component.gd.TestAnimationIndex
[0m[4m

res://tests/unit/test_death_animation_component.gd.TestAnimationPhases
[0m[4m

res://tests/unit/test_death_animation_component.gd.TestReset
[0m[4m

res://tests/unit/test_death_animation_component.gd.TestDoubleStartPrevention
[0m[4m

res://tests/unit/test_death_animation_component.gd.TestConfiguration
[0m[4m

res://tests/unit/test_decadence_level.gd
[0m[4m

res://tests/unit/test_delete_saves.gd
[0m[4m

res://tests/unit/test_difficulty_menu.gd
[0m[4m

res://tests/unit/test_docks_level.gd
[0m[4m

res://tests/unit/test_drilling_bullets_activation_icon.gd
[0m[4m

res://tests/unit/test_drone.gd
[0m[4m

res://tests/unit/test_drone_component.gd
[0m[4m

res://tests/unit/test_drone_grenade.gd
[0m[4m

res://tests/unit/test_effect_cleanup.gd
[0m[4m

res://tests/unit/test_effects_fade_out.gd
[0m[4m

res://tests/unit/test_enemies_table_menu.gd
[0m[4m

res://tests/unit/test_enemy.gd
[0m* test_pursuit_fallback_prefers_flanking_when_visible_target_is_still_unhittable
[32m    [Passed]:  [0mVisible but unhittable target should start pursuit approach
[32m    [Passed]:  [0mPursuit fallback should attempt flanking before combat
[32m    [Passed]:  [0mSuccessful flanking fallback should avoid direct combat transition
[32m    [Passed]:  [0m[4] expected to equal [4]:  Enemy should enter FLANKING state
* test_pursuit_prefers_flanking_for_close_hidden_building_target_before_more_cover
[32m    [Passed]:  [0mClose Building-map target behind cover should trigger FLANKING before selecting another pursuit waypoint
* test_pursuit_prefers_flanking_for_screen_distance_unhittable_building_target
[32m    [Passed]:  [0mOn-screen Building-map target behind cover should trigger FLANKING even beyond close-combat shooting range
* test_existing_pursuit_cover_does_not_starve_visible_unhittable_flanking
[32m    [Passed]:  [0mVisible/unhittable Building target should try FLANKING before continuing current pursuit cover
[32m    [Passed]:  [0mExisting pursuit cover should not starve the flanking transition
[32m    [Passed]:  [0m[4] expected to equal [4]:  Enemy should enter FLANKING state
* test_flanking_does_not_collapse_to_combat_before_commitment
[32m    [Passed]:  [0mA one-frame FLANKING start should not immediately collapse to COMBAT before the enemy commits movement
* test_flanking_can_exit_to_combat_after_minimum_commit_time
[32m    [Passed]:  [0mFLANKING may transition to COMBAT once it has been visible long enough to be a committed maneuver
* test_flanking_can_exit_to_combat_after_meaningful_movement
[32m    [Passed]:  [0mFLANKING may transition to COMBAT early after meaningful movement toward the flank
[1m7/7 passed.
[0m[4m

res://tests/unit/test_enemy_actions.gd
[0m[4m

res://tests/unit/test_enemy_armored_skin.gd
[0m[4m

res://tests/unit/test_enemy_armored_skin_component.gd
[0m[4m

res://tests/unit/test_enemy_combat_toggle_1305.gd
[0m[4m

res://tests/unit/test_enemy_explosion_hearing.gd
[0m* test_enemy_in_flanking_reacts_to_loud_explosion
[19:52:10] [INFO] [SoundPropagation] SoundPropagation autoload initialized
[19:52:10] [INFO] [SoundPropagation] Registered listener: @Node2D@131 (total: 1)
[19:52:10] [INFO] [SoundPropagation] Sound emitted: type=EXPLOSION, pos=(0, 0), source=NEUTRAL (null), range=2200, listeners=1
[19:52:10] [INFO] [SoundPropagation] Sound result: notified=1, out_of_range=0, self=0
[32m    [Passed]:  [0m[4] expected to equal [4]:  Enemy in flanking should not react to explosion with intensity < 0.3
* test_enemy_in_flanking_reacts_to_very_close_explosion
[19:52:10] [INFO] [SoundPropagation] SoundPropagation autoload initialized
[19:52:10] [INFO] [SoundPropagation] Registered listener: @Node2D@133 (total: 1)
[19:52:10] [INFO] [SoundPropagation] Sound emitted: type=EXPLOSION, pos=(0, 0), source=NEUTRAL (null), range=2200, listeners=1
[19:52:10] [INFO] [SoundPropagation] Sound result: notified=1, out_of_range=0, self=0
[32m    [Passed]:  [0m[1] expected to equal [1]:  Enemy in flanking should react to very close explosion (intensity >= 0.3)
[33m[WARNING]:  [0mTest script still has children when all tests finisehd.
  @Node@130:<Node#446039074264>(sound_propagation.gd)
  @Node2D@131:<Node2D#446055851481>(test_enemy_explosion_hearing.gd/MockEnemyWithSoundHandling)
  @Node@132:<Node#446156514780>(sound_propagation.gd)
  @Node2D@133:<Node2D#446173291997>(test_enemy_explosion_hearing.gd/MockEnemyWithSoundHandling)
You can use autofree, autoqfree, add_child_autofree, or add_child_autoqfree to automatically free objects.
[1m2/2 passed.
[0m[4m

res://tests/unit/test_enemy_force_field_component.gd
[0m[4m

res://tests/unit/test_enemy_grenade_component.gd
[0m[4m

res://tests/unit/test_enemy_invisibility_component.gd
[0m[4m

res://tests/unit/test_enemy_memory.gd
[0m[4m

res://tests/unit/test_enemy_revolver_component.gd
[0m[4m

res://tests/unit/test_enemy_self_suppression_1228.gd
[0m[4m

res://tests/unit/test_enemy_shield_component.gd
[0m[4m

res://tests/unit/test_enemy_shield_icon.gd
[0m[4m

res://tests/unit/test_enemy_state.gd
[0m[4m

res://tests/unit/test_enemy_teleport_component.gd
[0m[4m

res://tests/unit/test_exit_zone.gd
[0m[4m

res://tests/unit/test_experimental_menu.gd
[0m[4m

res://tests/unit/test_experimental_sample.gd
[0m[4m

res://tests/unit/test_experimental_settings.gd
[0m[4m

res://tests/unit/test_explosion_flash.gd
[0m[4m

res://tests/unit/test_extended_magazine.gd
[0m[4m

res://tests/unit/test_factory_level.gd
[0m[4m

res://tests/unit/test_file_logger.gd
[0m[4m

res://tests/unit/test_fine_motor_skills.gd
[0m[4m

res://tests/unit/test_fine_motor_skills_unlock.gd
[0m[4m

res://tests/unit/test_flashbang_effect.gd
[0m[4m

res://tests/unit/test_flashbang_grenade.gd
[0m[4m

res://tests/unit/test_flashbang_player_effect.gd
[0m[4m

res://tests/unit/test_flashbang_status_component.gd
[0m[4m

res://tests/unit/test_flashlight_actions.gd
[0m[4m

res://tests/unit/test_flashlight_detection.gd
[0m[4m

res://tests/unit/test_flashlight_detection_component.gd
[0m[4m

res://tests/unit/test_force_field_effect.gd
[0m[4m

res://tests/unit/test_fps_monitor.gd
[0m[4m

res://tests/unit/test_game_manager.gd
[0m[4m

res://tests/unit/test_gameplay_menu.gd
[0m[4m

res://tests/unit/test_gameplay_settings.gd
[0m[4m

res://tests/unit/test_gas_mask_grenade_component.gd
[0m[4m

res://tests/unit/test_goap_action.gd
[0m[4m

res://tests/unit/test_goap_planner.gd
[0m[4m

res://tests/unit/test_grenade_bag.gd
[0m[4m

res://tests/unit/test_grenade_manager.gd
[0m[4m

res://tests/unit/test_grenade_target.gd
[0m[4m

res://tests/unit/test_grenade_throw_speed.gd
[0m[4m

res://tests/unit/test_grenadier_combat_shooting_1805.gd
[0m* test_grenadier_in_flanking_can_throw_grenade_fixed
[32m    [Passed]:  [0mFix: Grenadier in FLANKING state can still throw grenades
[1m1/1 passed.
[0m[4m

res://tests/unit/test_grenadier_grenade_component.gd
[0m[4m

res://tests/unit/test_health_component.gd
[0m[4m

res://tests/unit/test_homing_bullets.gd
[0m[4m

res://tests/unit/test_homing_scanner_sound.gd
[0m[4m

res://tests/unit/test_idle_state.gd
[0m[4m

res://tests/unit/test_illusion_effect.gd
[0m[4m

res://tests/unit/test_illusion_hit_area.gd
[0m[4m

res://tests/unit/test_input_settings.gd
[0m[4m

res://tests/unit/test_invisibility_hud.gd
[0m[4m

res://tests/unit/test_invisibility_suit_effect.gd
[0m[4m

res://tests/unit/test_invisibility_suit_sound.gd
[0m[4m

res://tests/unit/test_invisible_enemy.gd
[0m[4m

res://tests/unit/test_issue_1325_active_item_pickup.gd
[0m[4m

res://tests/unit/test_issue_723_teleport_invisibility_lose_player.gd
[0m[4m

res://tests/unit/test_issue_747_fix.gd
[0m[4m

res://tests/unit/test_jammer_hud.gd
[0m[4m

res://tests/unit/test_labyrinth2_level.gd
[0m[4m

res://tests/unit/test_labyrinth2_warm_lights.gd
[0m[4m

res://tests/unit/test_language_menu.gd
[0m[4m

res://tests/unit/test_laser_sight.gd
[0m[4m

res://tests/unit/test_laser_sight_unlock.gd
[0m[4m

res://tests/unit/test_level_helpers.gd
[0m[4m

res://tests/unit/test_level_scripts.gd
[0m[4m

res://tests/unit/test_levels_menu.gd
[0m[4m

res://tests/unit/test_localization_settings.gd
[0m[4m

res://tests/unit/test_loudspeaker_cone_effect.gd
[0m[4m

res://tests/unit/test_loudspeaker_progress.gd
[0m[4m

res://tests/unit/test_machete_combat_pathfinding.gd
[0m[4m

res://tests/unit/test_machete_component.gd
[0m[4m

res://tests/unit/test_machine_gunner.gd
[0m[4m

res://tests/unit/test_magazine_inventory.gd
[0m[4m

res://tests/unit/test_main.gd
[0m[4m

res://tests/unit/test_main_and_levels.gd
[0m[4m

res://tests/unit/test_muzzle_flash.gd
[0m[4m

res://tests/unit/test_muzzle_flash_detection_910.gd
[0m[4m

res://tests/unit/test_muzzle_flash_detection_component.gd
[0m[4m

res://tests/unit/test_nav_mesh_monitor.gd
[0m[4m

res://tests/unit/test_optimization_menu.gd
[0m[4m

res://tests/unit/test_orange_blinking_light.gd
[0m[4m

res://tests/unit/test_pacifist_component.gd
[0m[4m

res://tests/unit/test_pause_menu.gd
[0m[4m

res://tests/unit/test_penetration.gd
[0m[4m

res://tests/unit/test_penetration_hole.gd
[0m[4m

res://tests/unit/test_performance_menu.gd
[0m[4m

res://tests/unit/test_performance_settings.gd
[0m* test_filter_flanking_disabled_redirects_to_idle
[32m    [Passed]:  [0m[0] expected to equal [0]:  Disabled FLANKING (4) should redirect to IDLE (0)
[1m1/1 passed.
[0m[4m

res://tests/unit/test_persist_manager.gd
[0m[4m

res://tests/unit/test_player.gd
[0m[4m

res://tests/unit/test_player_grenade_complex_throw.gd
[0m[4m

res://tests/unit/test_player_loudspeaker_component.gd
[0m[4m

res://tests/unit/test_player_prediction.gd
[0m[4m

res://tests/unit/test_progress_manager.gd
[0m[4m

res://tests/unit/test_projectile_pool_manager.gd
[0m[4m

res://tests/unit/test_pursuing_state.gd
[0m[4m

res://tests/unit/test_pursuit_component.gd
[0m[4m

res://tests/unit/test_radio_jammer_enemy.gd
[0m[4m

res://tests/unit/test_railway_station_level.gd
[0m[4m

res://tests/unit/test_rain_effect.gd
[0m[4m

res://tests/unit/test_realistic_visibility.gd
[0m[4m

res://tests/unit/test_realistic_visibility_component.gd
[0m[4m

res://tests/unit/test_recoil_compensator.gd
[0m[4m

res://tests/unit/test_replay_system.gd
[0m[4m

res://tests/unit/test_revolver_cylinder_hud_layer.gd
[0m[4m

res://tests/unit/test_revolver_cylinder_ui.gd
[0m[4m

res://tests/unit/test_revolver_cylinder_ui_transparency.gd
[0m[4m

res://tests/unit/test_revolver_hammer_cock.gd
[0m[4m

res://tests/unit/test_revolver_level.gd
[0m[4m

res://tests/unit/test_revolver_level_cold_lights.gd
[0m[4m

res://tests/unit/test_revolver_power_fantasy_laser.gd
[0m[4m

res://tests/unit/test_revolver_reload.gd
[0m[4m

res://tests/unit/test_roguelike_level.gd
[0m[4m

res://tests/unit/test_rpg_rocket_bullet_hit.gd
[0m[4m

res://tests/unit/test_rpg_rocket_homing.gd
[0m[4m

res://tests/unit/test_rpg_wall_penetration.gd
[0m[4m

res://tests/unit/test_scene_loader.gd
[0m[4m

res://tests/unit/test_score_manager.gd
[0m[4m

res://tests/unit/test_screen_shake_manager.gd
[0m[4m

res://tests/unit/test_semi_auto_shoot_buffer.gd
[0m[4m

res://tests/unit/test_settings_menu.gd
[0m[4m

res://tests/unit/test_sewer_level.gd
[0m[4m

res://tests/unit/test_sniper_enemy_hitscan.gd
[0m[4m

res://tests/unit/test_sniper_scope_layer.gd
[0m[4m

res://tests/unit/test_snow_effect.gd
[0m[4m

res://tests/unit/test_sound_menu.gd
[0m[4m

res://tests/unit/test_sound_propagation.gd
[0m[4m

res://tests/unit/test_sound_settings.gd
[0m[4m

res://tests/unit/test_sound_visualizer.gd
[0m[4m

res://tests/unit/test_status_effect_animation_component.gd
[0m[4m

res://tests/unit/test_suppressive_fire_component.gd
[0m[4m

res://tests/unit/test_tactical_movement.gd
[0m[4m

res://tests/unit/test_tactical_movement_component.gd
[0m[4m

res://tests/unit/test_teleport_bracers.gd
[0m[4m

res://tests/unit/test_test_tier_level.gd
[0m[4m

res://tests/unit/test_trajectory_glasses.gd
[0m[4m

res://tests/unit/test_trajectory_glasses_effect.gd
[0m[4m

res://tests/unit/test_trajectory_glasses_hud.gd
[0m[4m

res://tests/unit/test_tutorial_level.gd
[0m[4m

res://tests/unit/test_tutorial_navigation.gd
[0m[4m

res://tests/unit/test_ui_controls_menu.gd
[0m[4m

res://tests/unit/test_ui_menus.gd
[0m[4m

res://tests/unit/test_unlock_table_menu.gd
[0m[4m

res://tests/unit/test_vision_component.gd
[0m[4m

res://tests/unit/test_visual_effects.gd
[0m[4m

res://tests/unit/test_wall_breach_helper.gd
[0m[4m

res://tests/unit/test_waypoint_monitor.gd
[0m[4m

res://tests/unit/test_weapon_hints_component.gd
[0m[4m

res://tests/unit/test_weapon_hints_settings.gd
[0m[4m

res://tests/unit/test_window_lights.gd
[0m[4m

res://tests/integration/test_bullet.gd
[0m[4m

res://tests/integration/test_enemy_death_bullet_passthrough.gd
[0m[4m

res://tests/integration/test_hit_area.gd
[0m[4m

res://tests/integration/test_hit_effects_manager.gd
[0m[4m

res://tests/integration/test_target.gd
[0m



[33m==============================================
[0m[33m= Run Summary
[0m[33m==============================================
[0m
---- Totals ----
Warnings          75

Scripts           208
Tests             11
  Passing         11
Asserts           16
Time              0.084s


[33m[Orphans]:  [0m4 new orphans in total.
Note:  This count does not include GUT objects that will be freed upon exit.
       It also does not include any orphans created by global scripts
       loaded before tests were ran.
Total orphans = 213

Ran Tests matching "flanking"
[32m---- All tests passed! ----
[0m
ERROR: Parameter "data.tree" is null.
   at: get_tree (scene/main/node.h:446)
SCRIPT ERROR: Invalid access to property or key 'current_scene' on a base object of type 'null instance'.
          at: _on_tree_changed (res://scripts/autoload/persist_manager.gd:290)
ERROR: Parameter "data.tree" is null.
   at: get_tree (scene/main/node.h:446)
SCRIPT ERROR: Invalid access to property or key 'current_scene' on a base object of type 'null instance'.
          at: _on_tree_changed (res://scripts/autoload/persist_manager.gd:290)
ERROR: Parameter "data.tree" is null.
   at: get_tree (scene/main/node.h:446)
SCRIPT ERROR: Invalid access to property or key 'current_scene' on a base object of type 'null instance'.
          at: _on_tree_changed (res://scripts/autoload/persist_manager.gd:290)
ERROR: Parameter "data.tree" is null.
   at: get_tree (scene/main/node.h:446)
SCRIPT ERROR: Invalid access to property or key 'current_scene' on a base object of type 'null instance'.
          at: _on_tree_changed (res://scripts/autoload/persist_manager.gd:290)
ERROR: Parameter "data.tree" is null.
   at: get_tree (scene/main/node.h:446)
SCRIPT ERROR: Invalid access to property or key 'current_scene' on a base object of type 'null instance'.
          at: _on_tree_changed (res://scripts/autoload/persist_manager.gd:290)
ERROR: Parameter "data.tree" is null.
   at: get_tree (scene/main/node.h:446)
SCRIPT ERROR: Invalid access to property or key 'current_scene' on a base object of type 'null instance'.
          at: _on_tree_changed (res://scripts/autoload/persist_manager.gd:290)
ERROR: Parameter "data.tree" is null.
   at: get_tree (scene/main/node.h:446)
SCRIPT ERROR: Invalid access to property or key 'current_scene' on a base object of type 'null instance'.
          at: _on_tree_changed (res://scripts/autoload/persist_manager.gd:290)
ERROR: Parameter "data.tree" is null.
   at: get_tree (scene/main/node.h:446)
SCRIPT ERROR: Invalid access to property or key 'current_scene' on a base object of type 'null instance'.
          at: _on_tree_changed (res://scripts/autoload/persist_manager.gd:290)
ERROR: Parameter "data.tree" is null.
   at: get_tree (scene/main/node.h:446)
SCRIPT ERROR: Invalid access to property or key 'current_scene' on a base object of type 'null instance'.
          at: _on_tree_changed (res://scripts/autoload/persist_manager.gd:290)
ERROR: Parameter "data.tree" is null.
   at: get_tree (scene/main/node.h:446)
SCRIPT ERROR: Invalid access to property or key 'current_scene' on a base object of type 'null instance'.
          at: _on_tree_changed (res://scripts/autoload/flashbang_player_effects_manager.gd:232)
ERROR: Parameter "data.tree" is null.
   at: get_tree (scene/main/node.h:446)
SCRIPT ERROR: Invalid access to property or key 'current_scene' on a base object of type 'null instance'.
          at: _on_tree_changed (res://scripts/autoload/persist_manager.gd:290)
ERROR: Parameter "data.tree" is null.
   at: get_tree (scene/main/node.h:446)
SCRIPT ERROR: Invalid access to property or key 'current_scene' on a base object of type 'null instance'.
          at: _on_tree_changed (res://scripts/autoload/flashbang_player_effects_manager.gd:232)
ERROR: Parameter "data.tree" is null.
   at: get_tree (scene/main/node.h:446)
SCRIPT ERROR: Invalid access to property or key 'current_scene' on a base object of type 'null instance'.
          at: _on_tree_changed (res://scripts/autoload/persist_manager.gd:290)
ERROR: Parameter "data.tree" is null.
   at: get_tree (scene/main/node.h:446)
SCRIPT ERROR: Invalid access to property or key 'current_scene' on a base object of type 'null instance'.
          at: _on_tree_changed (res://scripts/autoload/flashbang_player_effects_manager.gd:232)
ERROR: Parameter "data.tree" is null.
   at: get_tree (scene/main/node.h:446)
SCRIPT ERROR: Invalid access to property or key 'current_scene' on a base object of type 'null instance'.
          at: _on_tree_changed (res://scripts/autoload/persist_manager.gd:290)
ERROR: Parameter "data.tree" is null.
   at: get_tree (scene/main/node.h:446)
SCRIPT ERROR: Invalid access to property or key 'current_scene' on a base object of type 'null instance'.
          at: _on_tree_changed (res://scripts/autoload/flashbang_player_effects_manager.gd:232)
ERROR: Parameter "data.tree" is null.
   at: get_tree (scene/main/node.h:446)
SCRIPT ERROR: Invalid access to property or key 'current_scene' on a base object of type 'null instance'.
          at: _on_tree_changed (res://scripts/autoload/persist_manager.gd:290)
ERROR: Parameter "data.tree" is null.
   at: get_tree (scene/main/node.h:446)
SCRIPT ERROR: Invalid access to property or key 'current_scene' on a base object of type 'null instance'.
          at: _on_tree_changed (res://scripts/autoload/flashbang_player_effects_manager.gd:232)
ERROR: Parameter "data.tree" is null.
   at: get_tree (scene/main/node.h:446)
SCRIPT ERROR: Invalid access to property or key 'current_scene' on a base object of type 'null instance'.
          at: _on_tree_changed (res://scripts/autoload/persist_manager.gd:290)
ERROR: Parameter "data.tree" is null.
   at: get_tree (scene/main/node.h:446)
SCRIPT ERROR: Invalid access to property or key 'current_scene' on a base object of type 'null instance'.
          at: _on_tree_changed (res://scripts/autoload/flashbang_player_effects_manager.gd:232)
ERROR: Parameter "data.tree" is null.
   at: get_tree (scene/main/node.h:446)
SCRIPT ERROR: Invalid access to property or key 'current_scene' on a base object of type 'null instance'.
          at: _on_tree_changed (res://scripts/autoload/persist_manager.gd:290)
ERROR: Parameter "data.tree" is null.
   at: get_tree (scene/main/node.h:446)
SCRIPT ERROR: Invalid access to property or key 'current_scene' on a base object of type 'null instance'.
          at: _on_tree_changed (res://scripts/autoload/flashbang_player_effects_manager.gd:232)
ERROR: Parameter "data.tree" is null.
   at: get_tree (scene/main/node.h:446)
SCRIPT ERROR: Invalid access to property or key 'current_scene' on a base object of type 'null instance'.
          at: _on_tree_changed (res://scripts/autoload/persist_manager.gd:290)
ERROR: Parameter "data.tree" is null.
   at: get_tree (scene/main/node.h:446)
SCRIPT ERROR: Invalid access to property or key 'current_scene' on a base object of type 'null instance'.
          at: _on_tree_changed (res://scripts/autoload/flashbang_player_effects_manager.gd:232)
ERROR: Parameter "data.tree" is null.
   at: get_tree (scene/main/node.h:446)
SCRIPT ERROR: Invalid access to property or key 'current_scene' on a base object of type 'null instance'.
          at: _on_tree_changed (res://scripts/autoload/persist_manager.gd:290)
ERROR: Parameter "data.tree" is null.
   at: get_tree (scene/main/node.h:446)
SCRIPT ERROR: Invalid access to property or key 'current_scene' on a base object of type 'null instance'.
          at: _on_tree_changed (res://scripts/autoload/flashbang_player_effects_manager.gd:232)
ERROR: Parameter "data.tree" is null.
   at: get_tree (scene/main/node.h:446)
SCRIPT ERROR: Invalid access to property or key 'current_scene' on a base object of type 'null instance'.
          at: _on_tree_changed (res://scripts/autoload/persist_manager.gd:290)
ERROR: Parameter "data.tree" is null.
   at: get_tree (scene/main/node.h:446)
SCRIPT ERROR: Invalid access to property or key 'current_scene' on a base object of type 'null instance'.
          at: _on_tree_changed (res://scripts/autoload/flashbang_player_effects_manager.gd:232)
ERROR: Parameter "data.tree" is null.
   at: get_tree (scene/main/node.h:446)
SCRIPT ERROR: Invalid access to property or key 'current_scene' on a base object of type 'null instance'.
          at: _on_tree_changed (res://scripts/autoload/persist_manager.gd:290)
ERROR: Parameter "data.tree" is null.
   at: get_tree (scene/main/node.h:446)
SCRIPT ERROR: Invalid access to property or key 'current_scene' on a base object of type 'null instance'.
          at: _on_tree_changed (res://scripts/autoload/black_metal_effects_manager.gd:151)
ERROR: Parameter "data.tree" is null.
   at: get_tree (scene/main/node.h:446)
SCRIPT ERROR: Invalid access to property or key 'current_scene' on a base object of type 'null instance'.
          at: _on_tree_changed (res://scripts/autoload/flashbang_player_effects_manager.gd:232)
ERROR: Parameter "data.tree" is null.
   at: get_tree (scene/main/node.h:446)
SCRIPT ERROR: Invalid access to property or key 'current_scene' on a base object of type 'null instance'.
          at: _on_tree_changed (res://scripts/autoload/persist_manager.gd:290)
ERROR: Parameter "data.tree" is null.
   at: get_tree (scene/main/node.h:446)
SCRIPT ERROR: Invalid access to property or key 'current_scene' on a base object of type 'null instance'.
          at: _on_tree_changed (res://scripts/autoload/black_metal_effects_manager.gd:151)
ERROR: Parameter "data.tree" is null.
   at: get_tree (scene/main/node.h:446)
SCRIPT ERROR: Invalid access to property or key 'current_scene' on a base object of type 'null instance'.
          at: _on_tree_changed (res://scripts/autoload/flashbang_player_effects_manager.gd:232)
ERROR: Parameter "data.tree" is null.
   at: get_tree (scene/main/node.h:446)
SCRIPT ERROR: Invalid access to property or key 'current_scene' on a base object of type 'null instance'.
          at: _on_tree_changed (res://scripts/autoload/persist_manager.gd:290)
ERROR: Parameter "data.tree" is null.
   at: get_tree (scene/main/node.h:446)
SCRIPT ERROR: Invalid access to property or key 'current_scene' on a base object of type 'null instance'.
          at: _on_tree_changed (res://scripts/autoload/black_metal_effects_manager.gd:151)
ERROR: Parameter "data.tree" is null.
   at: get_tree (scene/main/node.h:446)
SCRIPT ERROR: Invalid access to property or key 'current_scene' on a base object of type 'null instance'.
          at: _on_tree_changed (res://scripts/autoload/flashbang_player_effects_manager.gd:232)
ERROR: Parameter "data.tree" is null.
   at: get_tree (scene/main/node.h:446)
SCRIPT ERROR: Invalid access to property or key 'current_scene' on a base object of type 'null instance'.
          at: _on_tree_changed (res://scripts/autoload/persist_manager.gd:290)
ERROR: Parameter "data.tree" is null.
   at: get_tree (scene/main/node.h:446)
SCRIPT ERROR: Invalid access to property or key 'current_scene' on a base object of type 'null instance'.
          at: _on_tree_changed (res://scripts/autoload/power_fantasy_effects_manager.gd:230)
ERROR: Parameter "data.tree" is null.
   at: get_tree (scene/main/node.h:446)
SCRIPT ERROR: Invalid access to property or key 'current_scene' on a base object of type 'null instance'.
          at: _on_tree_changed (res://scripts/autoload/black_metal_effects_manager.gd:151)
ERROR: Parameter "data.tree" is null.
   at: get_tree (scene/main/node.h:446)
SCRIPT ERROR: Invalid access to property or key 'current_scene' on a base object of type 'null instance'.
          at: _on_tree_changed (res://scripts/autoload/flashbang_player_effects_manager.gd:232)
ERROR: Parameter "data.tree" is null.
   at: get_tree (scene/main/node.h:446)
SCRIPT ERROR: Invalid access to property or key 'current_scene' on a base object of type 'null instance'.
          at: _on_tree_changed (res://scripts/autoload/persist_manager.gd:290)
ERROR: Parameter "data.tree" is null.
   at: get_tree (scene/main/node.h:446)
SCRIPT ERROR: Invalid access to property or key 'current_scene' on a base object of type 'null instance'.
          at: _on_tree_changed (res://scripts/autoload/power_fantasy_effects_manager.gd:230)
ERROR: Parameter "data.tree" is null.
   at: get_tree (scene/main/node.h:446)
SCRIPT ERROR: Invalid access to property or key 'current_scene' on a base object of type 'null instance'.
          at: _on_tree_changed (res://scripts/autoload/black_metal_effects_manager.gd:151)
ERROR: Parameter "data.tree" is null.
   at: get_tree (scene/main/node.h:446)
SCRIPT ERROR: Invalid access to property or key 'current_scene' on a base object of type 'null instance'.
          at: _on_tree_changed (res://scripts/autoload/flashbang_player_effects_manager.gd:232)
ERROR: Parameter "data.tree" is null.
   at: get_tree (scene/main/node.h:446)
SCRIPT ERROR: Invalid access to property or key 'current_scene' on a base object of type 'null instance'.
          at: _on_tree_changed (res://scripts/autoload/persist_manager.gd:290)
ERROR: Parameter "data.tree" is null.
   at: get_tree (scene/main/node.h:446)
SCRIPT ERROR: Invalid access to property or key 'current_scene' on a base object of type 'null instance'.
          at: _on_tree_changed (res://scripts/autoload/power_fantasy_effects_manager.gd:230)
ERROR: Parameter "data.tree" is null.
   at: get_tree (scene/main/node.h:446)
SCRIPT ERROR: Invalid access to property or key 'current_scene' on a base object of type 'null instance'.
          at: _on_tree_changed (res://scripts/autoload/black_metal_effects_manager.gd:151)
ERROR: Parameter "data.tree" is null.
   at: get_tree (scene/main/node.h:446)
SCRIPT ERROR: Invalid access to property or key 'current_scene' on a base object of type 'null instance'.
          at: _on_tree_changed (res://scripts/autoload/flashbang_player_effects_manager.gd:232)
ERROR: Parameter "data.tree" is null.
   at: get_tree (scene/main/node.h:446)
SCRIPT ERROR: Invalid access to property or key 'current_scene' on a base object of type 'null instance'.
          at: _on_tree_changed (res://scripts/autoload/persist_manager.gd:290)
ERROR: Parameter "data.tree" is null.
   at: get_tree (scene/main/node.h:446)
SCRIPT ERROR: Invalid access to property or key 'current_scene' on a base object of type 'null instance'.
          at: _on_tree_changed (res://scripts/autoload/power_fantasy_effects_manager.gd:230)
ERROR: Parameter "data.tree" is null.
   at: get_tree (scene/main/node.h:446)
SCRIPT ERROR: Invalid access to property or key 'current_scene' on a base object of type 'null instance'.
          at: _on_tree_changed (res://scripts/autoload/black_metal_effects_manager.gd:151)
ERROR: Parameter "data.tree" is null.
   at: get_tree (scene/main/node.h:446)
SCRIPT ERROR: Invalid access to property or key 'current_scene' on a base object of type 'null instance'.
          at: _on_tree_changed (res://scripts/autoload/flashbang_player_effects_manager.gd:232)
ERROR: Parameter "data.tree" is null.
   at: get_tree (scene/main/node.h:446)
SCRIPT ERROR: Invalid access to property or key 'current_scene' on a base object of type 'null instance'.
          at: _on_tree_changed (res://scripts/autoload/persist_manager.gd:290)
ERROR: Parameter "data.tree" is null.
   at: get_tree (scene/main/node.h:446)
SCRIPT ERROR: Invalid access to property or key 'current_scene' on a base object of type 'null instance'.
          at: _on_tree_changed (res://scripts/autoload/cinema_effects_manager.gd:661)
ERROR: Parameter "data.tree" is null.
   at: get_tree (scene/main/node.h:446)
SCRIPT ERROR: Invalid access to property or key 'current_scene' on a base object of type 'null instance'.
          at: _on_tree_changed (res://scripts/autoload/power_fantasy_effects_manager.gd:230)
ERROR: Parameter "data.tree" is null.
   at: get_tree (scene/main/node.h:446)
SCRIPT ERROR: Invalid access to property or key 'current_scene' on a base object of type 'null instance'.
          at: _on_tree_changed (res://scripts/autoload/black_metal_effects_manager.gd:151)
ERROR: Parameter "data.tree" is null.
   at: get_tree (scene/main/node.h:446)
SCRIPT ERROR: Invalid access to property or key 'current_scene' on a base object of type 'null instance'.
          at: _on_tree_changed (res://scripts/autoload/flashbang_player_effects_manager.gd:232)
ERROR: Parameter "data.tree" is null.
   at: get_tree (scene/main/node.h:446)
SCRIPT ERROR: Invalid access to property or key 'current_scene' on a base object of type 'null instance'.
          at: _on_tree_changed (res://scripts/autoload/persist_manager.gd:290)
ERROR: Parameter "data.tree" is null.
   at: get_tree (scene/main/node.h:446)
SCRIPT ERROR: Invalid access to property or key 'current_scene' on a base object of type 'null instance'.
          at: _on_tree_changed (res://scripts/autoload/cinema_effects_manager.gd:661)
ERROR: Parameter "data.tree" is null.
   at: get_tree (scene/main/node.h:446)
SCRIPT ERROR: Invalid access to property or key 'current_scene' on a base object of type 'null instance'.
          at: _on_tree_changed (res://scripts/autoload/power_fantasy_effects_manager.gd:230)
ERROR: Parameter "data.tree" is null.
   at: get_tree (scene/main/node.h:446)
SCRIPT ERROR: Invalid access to property or key 'current_scene' on a base object of type 'null instance'.
          at: _on_tree_changed (res://scripts/autoload/black_metal_effects_manager.gd:151)
ERROR: Parameter "data.tree" is null.
   at: get_tree (scene/main/node.h:446)
SCRIPT ERROR: Invalid access to property or key 'current_scene' on a base object of type 'null instance'.
          at: _on_tree_changed (res://scripts/autoload/flashbang_player_effects_manager.gd:232)
ERROR: Parameter "data.tree" is null.
   at: get_tree (scene/main/node.h:446)
SCRIPT ERROR: Invalid access to property or key 'current_scene' on a base object of type 'null instance'.
          at: _on_tree_changed (res://scripts/autoload/persist_manager.gd:290)
ERROR: Parameter "data.tree" is null.
   at: get_tree (scene/main/node.h:446)
SCRIPT ERROR: Invalid access to property or key 'current_scene' on a base object of type 'null instance'.
          at: _on_tree_changed (res://scripts/autoload/cinema_effects_manager.gd:661)
ERROR: Parameter "data.tree" is null.
   at: get_tree (scene/main/node.h:446)
SCRIPT ERROR: Invalid access to property or key 'current_scene' on a base object of type 'null instance'.
          at: _on_tree_changed (res://scripts/autoload/power_fantasy_effects_manager.gd:230)
ERROR: Parameter "data.tree" is null.
   at: get_tree (scene/main/node.h:446)
SCRIPT ERROR: Invalid access to property or key 'current_scene' on a base object of type 'null instance'.
          at: _on_tree_changed (res://scripts/autoload/black_metal_effects_manager.gd:151)
ERROR: Parameter "data.tree" is null.
   at: get_tree (scene/main/node.h:446)
SCRIPT ERROR: Invalid access to property or key 'current_scene' on a base object of type 'null instance'.
          at: _on_tree_changed (res://scripts/autoload/flashbang_player_effects_manager.gd:232)
ERROR: Parameter "data.tree" is null.
   at: get_tree (scene/main/node.h:446)
SCRIPT ERROR: Invalid access to property or key 'current_scene' on a base object of type 'null instance'.
          at: _on_tree_changed (res://scripts/autoload/persist_manager.gd:290)
ERROR: Parameter "data.tree" is null.
   at: get_tree (scene/main/node.h:446)
SCRIPT ERROR: Invalid access to property or key 'current_scene' on a base object of type 'null instance'.
          at: _on_tree_changed (res://scripts/autoload/cinema_effects_manager.gd:661)
ERROR: Parameter "data.tree" is null.
   at: get_tree (scene/main/node.h:446)
SCRIPT ERROR: Invalid access to property or key 'current_scene' on a base object of type 'null instance'.
          at: _on_tree_changed (res://scripts/autoload/power_fantasy_effects_manager.gd:230)
ERROR: Parameter "data.tree" is null.
   at: get_tree (scene/main/node.h:446)
SCRIPT ERROR: Invalid access to property or key 'current_scene' on a base object of type 'null instance'.
          at: _on_tree_changed (res://scripts/autoload/black_metal_effects_manager.gd:151)
ERROR: Parameter "data.tree" is null.
   at: get_tree (scene/main/node.h:446)
SCRIPT ERROR: Invalid access to property or key 'current_scene' on a base object of type 'null instance'.
          at: _on_tree_changed (res://scripts/autoload/flashbang_player_effects_manager.gd:232)
ERROR: Parameter "data.tree" is null.
   at: get_tree (scene/main/node.h:446)
SCRIPT ERROR: Invalid access to property or key 'current_scene' on a base object of type 'null instance'.
          at: _on_tree_changed (res://scripts/autoload/persist_manager.gd:290)
ERROR: Parameter "data.tree" is null.
   at: get_tree (scene/main/node.h:446)
SCRIPT ERROR: Invalid access to property or key 'current_scene' on a base object of type 'null instance'.
          at: _on_tree_changed (res://scripts/autoload/cinema_effects_manager.gd:661)
ERROR: Parameter "data.tree" is null.
   at: get_tree (scene/main/node.h:446)
SCRIPT ERROR: Invalid access to property or key 'current_scene' on a base object of type 'null instance'.
          at: _on_tree_changed (res://scripts/autoload/power_fantasy_effects_manager.gd:230)
ERROR: Parameter "data.tree" is null.
   at: get_tree (scene/main/node.h:446)
SCRIPT ERROR: Invalid access to property or key 'current_scene' on a base object of type 'null instance'.
          at: _on_tree_changed (res://scripts/autoload/black_metal_effects_manager.gd:151)
ERROR: Parameter "data.tree" is null.
   at: get_tree (scene/main/node.h:446)
SCRIPT ERROR: Invalid access to property or key 'current_scene' on a base object of type 'null instance'.
          at: _on_tree_changed (res://scripts/autoload/flashbang_player_effects_manager.gd:232)
ERROR: Parameter "data.tree" is null.
   at: get_tree (scene/main/node.h:446)
SCRIPT ERROR: Invalid access to property or key 'current_scene' on a base object of type 'null instance'.
          at: _on_tree_changed (res://scripts/autoload/persist_manager.gd:290)
ERROR: Parameter "data.tree" is null.
   at: get_tree (scene/main/node.h:446)
SCRIPT ERROR: Invalid access to property or key 'current_scene' on a base object of type 'null instance'.
          at: _on_tree_changed (res://scripts/autoload/cinema_effects_manager.gd:661)
ERROR: Parameter "data.tree" is null.
   at: get_tree (scene/main/node.h:446)
SCRIPT ERROR: Invalid access to property or key 'current_scene' on a base object of type 'null instance'.
          at: _on_tree_changed (res://scripts/autoload/power_fantasy_effects_manager.gd:230)
ERROR: Parameter "data.tree" is null.
   at: get_tree (scene/main/node.h:446)
SCRIPT ERROR: Invalid access to property or key 'current_scene' on a base object of type 'null instance'.
          at: _on_tree_changed (res://scripts/autoload/black_metal_effects_manager.gd:151)
ERROR: Parameter "data.tree" is null.
   at: get_tree (scene/main/node.h:446)
SCRIPT ERROR: Invalid access to property or key 'current_scene' on a base object of type 'null instance'.
          at: _on_tree_changed (res://scripts/autoload/flashbang_player_effects_manager.gd:232)
ERROR: Parameter "data.tree" is null.
   at: get_tree (scene/main/node.h:446)
SCRIPT ERROR: Invalid access to property or key 'current_scene' on a base object of type 'null instance'.
          at: _on_tree_changed (res://scripts/autoload/persist_manager.gd:290)
ERROR: Parameter "data.tree" is null.
   at: get_tree (scene/main/node.h:446)
SCRIPT ERROR: Invalid access to property or key 'current_scene' on a base object of type 'null instance'.
          at: _on_tree_changed (res://scripts/autoload/cinema_effects_manager.gd:661)
ERROR: Parameter "data.tree" is null.
   at: get_tree (scene/main/node.h:446)
SCRIPT ERROR: Invalid access to property or key 'current_scene' on a base object of type 'null instance'.
          at: _on_tree_changed (res://scripts/autoload/power_fantasy_effects_manager.gd:230)
ERROR: Parameter "data.tree" is null.
   at: get_tree (scene/main/node.h:446)
SCRIPT ERROR: Invalid access to property or key 'current_scene' on a base object of type 'null instance'.
          at: _on_tree_changed (res://scripts/autoload/black_metal_effects_manager.gd:151)
ERROR: Parameter "data.tree" is null.
   at: get_tree (scene/main/node.h:446)
SCRIPT ERROR: Invalid access to property or key 'current_scene' on a base object of type 'null instance'.
          at: _on_tree_changed (res://scripts/autoload/flashbang_player_effects_manager.gd:232)
ERROR: Parameter "data.tree" is null.
   at: get_tree (scene/main/node.h:446)
SCRIPT ERROR: Invalid access to property or key 'current_scene' on a base object of type 'null instance'.
          at: _on_tree_changed (res://scripts/autoload/persist_manager.gd:290)
ERROR: Parameter "data.tree" is null.
   at: get_tree (scene/main/node.h:446)
SCRIPT ERROR: Invalid access to property or key 'current_scene' on a base object of type 'null instance'.
          at: _on_tree_changed (res://scripts/autoload/cinema_effects_manager.gd:661)
ERROR: Parameter "data.tree" is null.
   at: get_tree (scene/main/node.h:446)
SCRIPT ERROR: Invalid access to property or key 'current_scene' on a base object of type 'null instance'.
          at: _on_tree_changed (res://scripts/autoload/power_fantasy_effects_manager.gd:230)
ERROR: Parameter "data.tree" is null.
   at: get_tree (scene/main/node.h:446)
SCRIPT ERROR: Invalid access to property or key 'current_scene' on a base object of type 'null instance'.
          at: _on_tree_changed (res://scripts/autoload/black_metal_effects_manager.gd:151)
ERROR: Parameter "data.tree" is null.
   at: get_tree (scene/main/node.h:446)
SCRIPT ERROR: Invalid access to property or key 'current_scene' on a base object of type 'null instance'.
          at: _on_tree_changed (res://scripts/autoload/flashbang_player_effects_manager.gd:232)
ERROR: Parameter "data.tree" is null.
   at: get_tree (scene/main/node.h:446)
SCRIPT ERROR: Invalid access to property or key 'current_scene' on a base object of type 'null instance'.
          at: _on_tree_changed (res://scripts/autoload/persist_manager.gd:290)
ERROR: Parameter "data.tree" is null.
   at: get_tree (scene/main/node.h:446)
SCRIPT ERROR: Invalid access to property or key 'current_scene' on a base object of type 'null instance'.
          at: _on_tree_changed (res://scripts/autoload/cinema_effects_manager.gd:661)
ERROR: Parameter "data.tree" is null.
   at: get_tree (scene/main/node.h:446)
SCRIPT ERROR: Invalid access to property or key 'current_scene' on a base object of type 'null instance'.
          at: _on_tree_changed (res://scripts/autoload/power_fantasy_effects_manager.gd:230)
ERROR: Parameter "data.tree" is null.
   at: get_tree (scene/main/node.h:446)
SCRIPT ERROR: Invalid access to property or key 'current_scene' on a base object of type 'null instance'.
          at: _on_tree_changed (res://scripts/autoload/black_metal_effects_manager.gd:151)
ERROR: Parameter "data.tree" is null.
   at: get_tree (scene/main/node.h:446)
SCRIPT ERROR: Invalid access to property or key 'current_scene' on a base object of type 'null instance'.
          at: _on_tree_changed (res://scripts/autoload/flashbang_player_effects_manager.gd:232)
ERROR: Parameter "data.tree" is null.
   at: get_tree (scene/main/node.h:446)
SCRIPT ERROR: Invalid access to property or key 'current_scene' on a base object of type 'null instance'.
          at: _on_tree_changed (res://scripts/autoload/persist_manager.gd:290)
ERROR: Parameter "data.tree" is null.
   at: get_tree (scene/main/node.h:446)
SCRIPT ERROR: Invalid access to property or key 'current_scene' on a base object of type 'null instance'.
          at: _on_tree_changed (res://scripts/autoload/cinema_effects_manager.gd:661)
ERROR: Parameter "data.tree" is null.
   at: get_tree (scene/main/node.h:446)
SCRIPT ERROR: Invalid access to property or key 'current_scene' on a base object of type 'null instance'.
          at: _on_tree_changed (res://scripts/autoload/power_fantasy_effects_manager.gd:230)
ERROR: Parameter "data.tree" is null.
   at: get_tree (scene/main/node.h:446)
SCRIPT ERROR: Invalid access to property or key 'current_scene' on a base object of type 'null instance'.
          at: _on_tree_changed (res://scripts/autoload/black_metal_effects_manager.gd:151)
ERROR: Parameter "data.tree" is null.
   at: get_tree (scene/main/node.h:446)
SCRIPT ERROR: Invalid access to property or key 'current_scene' on a base object of type 'null instance'.
          at: _on_tree_changed (res://scripts/autoload/flashbang_player_effects_manager.gd:232)
ERROR: Parameter "data.tree" is null.
   at: get_tree (scene/main/node.h:446)
SCRIPT ERROR: Invalid access to property or key 'current_scene' on a base object of type 'null instance'.
          at: _on_tree_changed (res://scripts/autoload/persist_manager.gd:290)
ERROR: Parameter "data.tree" is null.
   at: get_tree (scene/main/node.h:446)
SCRIPT ERROR: Invalid access to property or key 'current_scene' on a base object of type 'null instance'.
          at: _on_tree_changed (res://scripts/autoload/cinema_effects_manager.gd:661)
ERROR: Parameter "data.tree" is null.
   at: get_tree (scene/main/node.h:446)
SCRIPT ERROR: Invalid access to property or key 'current_scene' on a base object of type 'null instance'.
          at: _on_tree_changed (res://scripts/autoload/power_fantasy_effects_manager.gd:230)
ERROR: Parameter "data.tree" is null.
   at: get_tree (scene/main/node.h:446)
SCRIPT ERROR: Invalid access to property or key 'current_scene' on a base object of type 'null instance'.
          at: _on_tree_changed (res://scripts/autoload/black_metal_effects_manager.gd:151)
ERROR: Parameter "data.tree" is null.
   at: get_tree (scene/main/node.h:446)
SCRIPT ERROR: Invalid access to property or key 'current_scene' on a base object of type 'null instance'.
          at: _on_tree_changed (res://scripts/autoload/flashbang_player_effects_manager.gd:232)
ERROR: Parameter "data.tree" is null.
   at: get_tree (scene/main/node.h:446)
SCRIPT ERROR: Invalid access to property or key 'current_scene' on a base object of type 'null instance'.
          at: _on_tree_changed (res://scripts/autoload/persist_manager.gd:290)
ERROR: Parameter "data.tree" is null.
   at: get_tree (scene/main/node.h:446)
SCRIPT ERROR: Invalid access to property or key 'current_scene' on a base object of type 'null instance'.
          at: _on_tree_changed (res://scripts/autoload/cinema_effects_manager.gd:661)
ERROR: Parameter "data.tree" is null.
   at: get_tree (scene/main/node.h:446)
SCRIPT ERROR: Invalid access to property or key 'current_scene' on a base object of type 'null instance'.
          at: _on_tree_changed (res://scripts/autoload/power_fantasy_effects_manager.gd:230)
ERROR: Parameter "data.tree" is null.
   at: get_tree (scene/main/node.h:446)
SCRIPT ERROR: Invalid access to property or key 'current_scene' on a base object of type 'null instance'.
          at: _on_tree_changed (res://scripts/autoload/black_metal_effects_manager.gd:151)
ERROR: Parameter "data.tree" is null.
   at: get_tree (scene/main/node.h:446)
SCRIPT ERROR: Invalid access to property or key 'current_scene' on a base object of type 'null instance'.
          at: _on_tree_changed (res://scripts/autoload/flashbang_player_effects_manager.gd:232)
ERROR: Parameter "data.tree" is null.
   at: get_tree (scene/main/node.h:446)
SCRIPT ERROR: Invalid access to property or key 'current_scene' on a base object of type 'null instance'.
          at: _on_tree_changed (res://scripts/autoload/persist_manager.gd:290)
ERROR: Parameter "data.tree" is null.
   at: get_tree (scene/main/node.h:446)
SCRIPT ERROR: Invalid access to property or key 'current_scene' on a base object of type 'null instance'.
          at: _on_tree_changed (res://scripts/autoload/cinema_effects_manager.gd:661)
ERROR: Parameter "data.tree" is null.
   at: get_tree (scene/main/node.h:446)
SCRIPT ERROR: Invalid access to property or key 'current_scene' on a base object of type 'null instance'.
          at: _on_tree_changed (res://scripts/autoload/power_fantasy_effects_manager.gd:230)
ERROR: Parameter "data.tree" is null.
   at: get_tree (scene/main/node.h:446)
SCRIPT ERROR: Invalid access to property or key 'current_scene' on a base object of type 'null instance'.
          at: _on_tree_changed (res://scripts/autoload/black_metal_effects_manager.gd:151)
ERROR: Parameter "data.tree" is null.
   at: get_tree (scene/main/node.h:446)
SCRIPT ERROR: Invalid access to property or key 'current_scene' on a base object of type 'null instance'.
          at: _on_tree_changed (res://scripts/autoload/flashbang_player_effects_manager.gd:232)
ERROR: Parameter "data.tree" is null.
   at: get_tree (scene/main/node.h:446)
SCRIPT ERROR: Invalid access to property or key 'current_scene' on a base object of type 'null instance'.
          at: _on_tree_changed (res://scripts/autoload/persist_manager.gd:290)
ERROR: Parameter "data.tree" is null.
   at: get_tree (scene/main/node.h:446)
SCRIPT ERROR: Invalid access to property or key 'current_scene' on a base object of type 'null instance'.
          at: _on_tree_changed (res://scripts/autoload/cinema_effects_manager.gd:661)
ERROR: Parameter "data.tree" is null.
   at: get_tree (scene/main/node.h:446)
SCRIPT ERROR: Invalid access to property or key 'current_scene' on a base object of type 'null instance'.
          at: _on_tree_changed (res://scripts/autoload/power_fantasy_effects_manager.gd:230)
ERROR: Parameter "data.tree" is null.
   at: get_tree (scene/main/node.h:446)
SCRIPT ERROR: Invalid access to property or key 'current_scene' on a base object of type 'null instance'.
          at: _on_tree_changed (res://scripts/autoload/black_metal_effects_manager.gd:151)
ERROR: Parameter "data.tree" is null.
   at: get_tree (scene/main/node.h:446)
SCRIPT ERROR: Invalid access to property or key 'current_scene' on a base object of type 'null instance'.
          at: _on_tree_changed (res://scripts/autoload/flashbang_player_effects_manager.gd:232)
ERROR: Parameter "data.tree" is null.
   at: get_tree (scene/main/node.h:446)
SCRIPT ERROR: Invalid access to property or key 'current_scene' on a base object of type 'null instance'.
          at: _on_tree_changed (res://scripts/autoload/persist_manager.gd:290)
ERROR: Parameter "data.tree" is null.
   at: get_tree (scene/main/node.h:446)
SCRIPT ERROR: Invalid access to property or key 'current_scene' on a base object of type 'null instance'.
          at: _on_tree_changed (res://scripts/autoload/cinema_effects_manager.gd:661)
ERROR: Parameter "data.tree" is null.
   at: get_tree (scene/main/node.h:446)
SCRIPT ERROR: Invalid access to property or key 'current_scene' on a base object of type 'null instance'.
          at: _on_tree_changed (res://scripts/autoload/power_fantasy_effects_manager.gd:230)
ERROR: Parameter "data.tree" is null.
   at: get_tree (scene/main/node.h:446)
SCRIPT ERROR: Invalid access to property or key 'current_scene' on a base object of type 'null instance'.
          at: _on_tree_changed (res://scripts/autoload/black_metal_effects_manager.gd:151)
ERROR: Parameter "data.tree" is null.
   at: get_tree (scene/main/node.h:446)
SCRIPT ERROR: Invalid access to property or key 'current_scene' on a base object of type 'null instance'.
          at: _on_tree_changed (res://scripts/autoload/flashbang_player_effects_manager.gd:232)
ERROR: Parameter "data.tree" is null.
   at: get_tree (scene/main/node.h:446)
SCRIPT ERROR: Invalid access to property or key 'current_scene' on a base object of type 'null instance'.
          at: _on_tree_changed (res://scripts/autoload/persist_manager.gd:290)
ERROR: Parameter "data.tree" is null.
   at: get_tree (scene/main/node.h:446)
SCRIPT ERROR: Invalid access to property or key 'current_scene' on a base object of type 'null instance'.
          at: _on_tree_changed (res://scripts/autoload/cinema_effects_manager.gd:661)
ERROR: Parameter "data.tree" is null.
   at: get_tree (scene/main/node.h:446)
SCRIPT ERROR: Invalid access to property or key 'current_scene' on a base object of type 'null instance'.
          at: _on_tree_changed (res://scripts/autoload/power_fantasy_effects_manager.gd:230)
ERROR: Parameter "data.tree" is null.
   at: get_tree (scene/main/node.h:446)
SCRIPT ERROR: Invalid access to property or key 'current_scene' on a base object of type 'null instance'.
          at: _on_tree_changed (res://scripts/autoload/black_metal_effects_manager.gd:151)
ERROR: Parameter "data.tree" is null.
   at: get_tree (scene/main/node.h:446)
SCRIPT ERROR: Invalid access to property or key 'current_scene' on a base object of type 'null instance'.
          at: _on_tree_changed (res://scripts/autoload/flashbang_player_effects_manager.gd:232)
ERROR: Parameter "data.tree" is null.
   at: get_tree (scene/main/node.h:446)
SCRIPT ERROR: Invalid access to property or key 'current_scene' on a base object of type 'null instance'.
          at: _on_tree_changed (res://scripts/autoload/persist_manager.gd:290)
ERROR: Parameter "data.tree" is null.
   at: get_tree (scene/main/node.h:446)
SCRIPT ERROR: Invalid access to property or key 'current_scene' on a base object of type 'null instance'.
          at: _on_tree_changed (res://scripts/autoload/cinema_effects_manager.gd:661)
ERROR: Parameter "data.tree" is null.
   at: get_tree (scene/main/node.h:446)
SCRIPT ERROR: Invalid access to property or key 'current_scene' on a base object of type 'null instance'.
          at: _on_tree_changed (res://scripts/autoload/power_fantasy_effects_manager.gd:230)
ERROR: Parameter "data.tree" is null.
   at: get_tree (scene/main/node.h:446)
SCRIPT ERROR: Invalid access to property or key 'current_scene' on a base object of type 'null instance'.
          at: _on_tree_changed (res://scripts/autoload/black_metal_effects_manager.gd:151)
ERROR: Parameter "data.tree" is null.
   at: get_tree (scene/main/node.h:446)
SCRIPT ERROR: Invalid access to property or key 'current_scene' on a base object of type 'null instance'.
          at: _on_tree_changed (res://scripts/autoload/flashbang_player_effects_manager.gd:232)
ERROR: Parameter "data.tree" is null.
   at: get_tree (scene/main/node.h:446)
SCRIPT ERROR: Invalid access to property or key 'current_scene' on a base object of type 'null instance'.
          at: _on_tree_changed (res://scripts/autoload/persist_manager.gd:290)
ERROR: Parameter "data.tree" is null.
   at: get_tree (scene/main/node.h:446)
SCRIPT ERROR: Invalid access to property or key 'current_scene' on a base object of type 'null instance'.
          at: _on_tree_changed (res://scripts/autoload/cinema_effects_manager.gd:661)
ERROR: Parameter "data.tree" is null.
   at: get_tree (scene/main/node.h:446)
SCRIPT ERROR: Invalid access to property or key 'current_scene' on a base object of type 'null instance'.
          at: _on_tree_changed (res://scripts/autoload/power_fantasy_effects_manager.gd:230)
ERROR: Parameter "data.tree" is null.
   at: get_tree (scene/main/node.h:446)
SCRIPT ERROR: Invalid access to property or key 'current_scene' on a base object of type 'null instance'.
          at: _on_tree_changed (res://scripts/autoload/black_metal_effects_manager.gd:151)
ERROR: Parameter "data.tree" is null.
   at: get_tree (scene/main/node.h:446)
SCRIPT ERROR: Invalid access to property or key 'current_scene' on a base object of type 'null instance'.
          at: _on_tree_changed (res://scripts/autoload/flashbang_player_effects_manager.gd:232)
ERROR: Parameter "data.tree" is null.
   at: get_tree (scene/main/node.h:446)
SCRIPT ERROR: Invalid access to property or key 'current_scene' on a base object of type 'null instance'.
          at: _on_tree_changed (res://scripts/autoload/persist_manager.gd:290)
ERROR: Parameter "data.tree" is null.
   at: get_tree (scene/main/node.h:446)
SCRIPT ERROR: Invalid access to property or key 'current_scene' on a base object of type 'null instance'.
          at: _on_tree_changed (res://scripts/autoload/cinema_effects_manager.gd:661)
ERROR: Parameter "data.tree" is null.
   at: get_tree (scene/main/node.h:446)
SCRIPT ERROR: Invalid access to property or key 'current_scene' on a base object of type 'null instance'.
          at: _on_tree_changed (res://scripts/autoload/power_fantasy_effects_manager.gd:230)
ERROR: Parameter "data.tree" is null.
   at: get_tree (scene/main/node.h:446)
SCRIPT ERROR: Invalid access to property or key 'current_scene' on a base object of type 'null instance'.
          at: _on_tree_changed (res://scripts/autoload/black_metal_effects_manager.gd:151)
ERROR: Parameter "data.tree" is null.
   at: get_tree (scene/main/node.h:446)
SCRIPT ERROR: Invalid access to property or key 'current_scene' on a base object of type 'null instance'.
          at: _on_tree_changed (res://scripts/autoload/flashbang_player_effects_manager.gd:232)
ERROR: Parameter "data.tree" is null.
   at: get_tree (scene/main/node.h:446)
SCRIPT ERROR: Invalid access to property or key 'current_scene' on a base object of type 'null instance'.
          at: _on_tree_changed (res://scripts/autoload/persist_manager.gd:290)
ERROR: Parameter "data.tree" is null.
   at: get_tree (scene/main/node.h:446)
SCRIPT ERROR: Invalid access to property or key 'current_scene' on a base object of type 'null instance'.
          at: _on_tree_changed (res://scripts/autoload/last_chance_effects_manager.gd:1418)
ERROR: Parameter "data.tree" is null.
   at: get_tree (scene/main/node.h:446)
SCRIPT ERROR: Invalid access to property or key 'current_scene' on a base object of type 'null instance'.
          at: _on_tree_changed (res://scripts/autoload/cinema_effects_manager.gd:661)
ERROR: Parameter "data.tree" is null.
   at: get_tree (scene/main/node.h:446)
SCRIPT ERROR: Invalid access to property or key 'current_scene' on a base object of type 'null instance'.
          at: _on_tree_changed (res://scripts/autoload/power_fantasy_effects_manager.gd:230)
ERROR: Parameter "data.tree" is null.
   at: get_tree (scene/main/node.h:446)
SCRIPT ERROR: Invalid access to property or key 'current_scene' on a base object of type 'null instance'.
          at: _on_tree_changed (res://scripts/autoload/black_metal_effects_manager.gd:151)
ERROR: Parameter "data.tree" is null.
   at: get_tree (scene/main/node.h:446)
SCRIPT ERROR: Invalid access to property or key 'current_scene' on a base object of type 'null instance'.
          at: _on_tree_changed (res://scripts/autoload/flashbang_player_effects_manager.gd:232)
ERROR: Parameter "data.tree" is null.
   at: get_tree (scene/main/node.h:446)
SCRIPT ERROR: Invalid access to property or key 'current_scene' on a base object of type 'null instance'.
          at: _on_tree_changed (res://scripts/autoload/persist_manager.gd:290)
ERROR: Parameter "data.tree" is null.
   at: get_tree (scene/main/node.h:446)
SCRIPT ERROR: Invalid access to property or key 'current_scene' on a base object of type 'null instance'.
          at: _on_tree_changed (res://scripts/autoload/last_chance_effects_manager.gd:1418)
ERROR: Parameter "data.tree" is null.
   at: get_tree (scene/main/node.h:446)
SCRIPT ERROR: Invalid access to property or key 'current_scene' on a base object of type 'null instance'.
          at: _on_tree_changed (res://scripts/autoload/cinema_effects_manager.gd:661)
ERROR: Parameter "data.tree" is null.
   at: get_tree (scene/main/node.h:446)
SCRIPT ERROR: Invalid access to property or key 'current_scene' on a base object of type 'null instance'.
          at: _on_tree_changed (res://scripts/autoload/power_fantasy_effects_manager.gd:230)
ERROR: Parameter "data.tree" is null.
   at: get_tree (scene/main/node.h:446)
SCRIPT ERROR: Invalid access to property or key 'current_scene' on a base object of type 'null instance'.
          at: _on_tree_changed (res://scripts/autoload/black_metal_effects_manager.gd:151)
ERROR: Parameter "data.tree" is null.
   at: get_tree (scene/main/node.h:446)
SCRIPT ERROR: Invalid access to property or key 'current_scene' on a base object of type 'null instance'.
          at: _on_tree_changed (res://scripts/autoload/flashbang_player_effects_manager.gd:232)
ERROR: Parameter "data.tree" is null.
   at: get_tree (scene/main/node.h:446)
SCRIPT ERROR: Invalid access to property or key 'current_scene' on a base object of type 'null instance'.
          at: _on_tree_changed (res://scripts/autoload/persist_manager.gd:290)
ERROR: Parameter "data.tree" is null.
   at: get_tree (scene/main/node.h:446)
SCRIPT ERROR: Invalid access to property or key 'current_scene' on a base object of type 'null instance'.
          at: _on_tree_changed (res://scripts/autoload/last_chance_effects_manager.gd:1418)
ERROR: Parameter "data.tree" is null.
   at: get_tree (scene/main/node.h:446)
SCRIPT ERROR: Invalid access to property or key 'current_scene' on a base object of type 'null instance'.
          at: _on_tree_changed (res://scripts/autoload/cinema_effects_manager.gd:661)
ERROR: Parameter "data.tree" is null.
   at: get_tree (scene/main/node.h:446)
SCRIPT ERROR: Invalid access to property or key 'current_scene' on a base object of type 'null instance'.
          at: _on_tree_changed (res://scripts/autoload/power_fantasy_effects_manager.gd:230)
ERROR: Parameter "data.tree" is null.
   at: get_tree (scene/main/node.h:446)
SCRIPT ERROR: Invalid access to property or key 'current_scene' on a base object of type 'null instance'.
          at: _on_tree_changed (res://scripts/autoload/black_metal_effects_manager.gd:151)
ERROR: Parameter "data.tree" is null.
   at: get_tree (scene/main/node.h:446)
SCRIPT ERROR: Invalid access to property or key 'current_scene' on a base object of type 'null instance'.
          at: _on_tree_changed (res://scripts/autoload/flashbang_player_effects_manager.gd:232)
ERROR: Parameter "data.tree" is null.
   at: get_tree (scene/main/node.h:446)
SCRIPT ERROR: Invalid access to property or key 'current_scene' on a base object of type 'null instance'.
          at: _on_tree_changed (res://scripts/autoload/persist_manager.gd:290)
ERROR: Parameter "data.tree" is null.
   at: get_tree (scene/main/node.h:446)
SCRIPT ERROR: Invalid access to property or key 'current_scene' on a base object of type 'null instance'.
          at: _on_tree_changed (res://scripts/autoload/penultimate_hit_effects_manager.gd:551)
ERROR: Parameter "data.tree" is null.
   at: get_tree (scene/main/node.h:446)
SCRIPT ERROR: Invalid access to property or key 'current_scene' on a base object of type 'null instance'.
          at: _on_tree_changed (res://scripts/autoload/last_chance_effects_manager.gd:1418)
ERROR: Parameter "data.tree" is null.
   at: get_tree (scene/main/node.h:446)
SCRIPT ERROR: Invalid access to property or key 'current_scene' on a base object of type 'null instance'.
          at: _on_tree_changed (res://scripts/autoload/cinema_effects_manager.gd:661)
ERROR: Parameter "data.tree" is null.
   at: get_tree (scene/main/node.h:446)
SCRIPT ERROR: Invalid access to property or key 'current_scene' on a base object of type 'null instance'.
          at: _on_tree_changed (res://scripts/autoload/power_fantasy_effects_manager.gd:230)
ERROR: Parameter "data.tree" is null.
   at: get_tree (scene/main/node.h:446)
SCRIPT ERROR: Invalid access to property or key 'current_scene' on a base object of type 'null instance'.
          at: _on_tree_changed (res://scripts/autoload/black_metal_effects_manager.gd:151)
ERROR: Parameter "data.tree" is null.
   at: get_tree (scene/main/node.h:446)
SCRIPT ERROR: Invalid access to property or key 'current_scene' on a base object of type 'null instance'.
          at: _on_tree_changed (res://scripts/autoload/flashbang_player_effects_manager.gd:232)
ERROR: Parameter "data.tree" is null.
   at: get_tree (scene/main/node.h:446)
SCRIPT ERROR: Invalid access to property or key 'current_scene' on a base object of type 'null instance'.
          at: _on_tree_changed (res://scripts/autoload/persist_manager.gd:290)
ERROR: Parameter "data.tree" is null.
   at: get_tree (scene/main/node.h:446)
SCRIPT ERROR: Invalid access to property or key 'current_scene' on a base object of type 'null instance'.
          at: _on_tree_changed (res://scripts/autoload/penultimate_hit_effects_manager.gd:551)
ERROR: Parameter "data.tree" is null.
   at: get_tree (scene/main/node.h:446)
SCRIPT ERROR: Invalid access to property or key 'current_scene' on a base object of type 'null instance'.
          at: _on_tree_changed (res://scripts/autoload/last_chance_effects_manager.gd:1418)
ERROR: Parameter "data.tree" is null.
   at: get_tree (scene/main/node.h:446)
SCRIPT ERROR: Invalid access to property or key 'current_scene' on a base object of type 'null instance'.
          at: _on_tree_changed (res://scripts/autoload/cinema_effects_manager.gd:661)
ERROR: Parameter "data.tree" is null.
   at: get_tree (scene/main/node.h:446)
SCRIPT ERROR: Invalid access to property or key 'current_scene' on a base object of type 'null instance'.
          at: _on_tree_changed (res://scripts/autoload/power_fantasy_effects_manager.gd:230)
ERROR: Parameter "data.tree" is null.
   at: get_tree (scene/main/node.h:446)
SCRIPT ERROR: Invalid access to property or key 'current_scene' on a base object of type 'null instance'.
          at: _on_tree_changed (res://scripts/autoload/black_metal_effects_manager.gd:151)
ERROR: Parameter "data.tree" is null.
   at: get_tree (scene/main/node.h:446)
SCRIPT ERROR: Invalid access to property or key 'current_scene' on a base object of type 'null instance'.
          at: _on_tree_changed (res://scripts/autoload/flashbang_player_effects_manager.gd:232)
ERROR: Parameter "data.tree" is null.
   at: get_tree (scene/main/node.h:446)
SCRIPT ERROR: Invalid access to property or key 'current_scene' on a base object of type 'null instance'.
          at: _on_tree_changed (res://scripts/autoload/persist_manager.gd:290)
ERROR: Parameter "data.tree" is null.
   at: get_tree (scene/main/node.h:446)
SCRIPT ERROR: Invalid access to property or key 'current_scene' on a base object of type 'null instance'.
          at: _on_tree_changed (res://scripts/autoload/penultimate_hit_effects_manager.gd:551)
ERROR: Parameter "data.tree" is null.
   at: get_tree (scene/main/node.h:446)
SCRIPT ERROR: Invalid access to property or key 'current_scene' on a base object of type 'null instance'.
          at: _on_tree_changed (res://scripts/autoload/last_chance_effects_manager.gd:1418)
ERROR: Parameter "data.tree" is null.
   at: get_tree (scene/main/node.h:446)
SCRIPT ERROR: Invalid access to property or key 'current_scene' on a base object of type 'null instance'.
          at: _on_tree_changed (res://scripts/autoload/cinema_effects_manager.gd:661)
ERROR: Parameter "data.tree" is null.
   at: get_tree (scene/main/node.h:446)
SCRIPT ERROR: Invalid access to property or key 'current_scene' on a base object of type 'null instance'.
          at: _on_tree_changed (res://scripts/autoload/power_fantasy_effects_manager.gd:230)
ERROR: Parameter "data.tree" is null.
   at: get_tree (scene/main/node.h:446)
SCRIPT ERROR: Invalid access to property or key 'current_scene' on a base object of type 'null instance'.
          at: _on_tree_changed (res://scripts/autoload/black_metal_effects_manager.gd:151)
ERROR: Parameter "data.tree" is null.
   at: get_tree (scene/main/node.h:446)
SCRIPT ERROR: Invalid access to property or key 'current_scene' on a base object of type 'null instance'.
          at: _on_tree_changed (res://scripts/autoload/flashbang_player_effects_manager.gd:232)
ERROR: Parameter "data.tree" is null.
   at: get_tree (scene/main/node.h:446)
SCRIPT ERROR: Invalid access to property or key 'current_scene' on a base object of type 'null instance'.
          at: _on_tree_changed (res://scripts/autoload/persist_manager.gd:290)
ERROR: Parameter "data.tree" is null.
   at: get_tree (scene/main/node.h:446)
SCRIPT ERROR: Invalid access to property or key 'current_scene' on a base object of type 'null instance'.
          at: _on_tree_changed (res://scripts/autoload/penultimate_hit_effects_manager.gd:551)
ERROR: Parameter "data.tree" is null.
   at: get_tree (scene/main/node.h:446)
SCRIPT ERROR: Invalid access to property or key 'current_scene' on a base object of type 'null instance'.
          at: _on_tree_changed (res://scripts/autoload/last_chance_effects_manager.gd:1418)
ERROR: Parameter "data.tree" is null.
   at: get_tree (scene/main/node.h:446)
SCRIPT ERROR: Invalid access to property or key 'current_scene' on a base object of type 'null instance'.
          at: _on_tree_changed (res://scripts/autoload/cinema_effects_manager.gd:661)
ERROR: Parameter "data.tree" is null.
   at: get_tree (scene/main/node.h:446)
SCRIPT ERROR: Invalid access to property or key 'current_scene' on a base object of type 'null instance'.
          at: _on_tree_changed (res://scripts/autoload/power_fantasy_effects_manager.gd:230)
ERROR: Parameter "data.tree" is null.
   at: get_tree (scene/main/node.h:446)
SCRIPT ERROR: Invalid access to property or key 'current_scene' on a base object of type 'null instance'.
          at: _on_tree_changed (res://scripts/autoload/black_metal_effects_manager.gd:151)
ERROR: Parameter "data.tree" is null.
   at: get_tree (scene/main/node.h:446)
SCRIPT ERROR: Invalid access to property or key 'current_scene' on a base object of type 'null instance'.
          at: _on_tree_changed (res://scripts/autoload/flashbang_player_effects_manager.gd:232)
ERROR: Parameter "data.tree" is null.
   at: get_tree (scene/main/node.h:446)
SCRIPT ERROR: Invalid access to property or key 'current_scene' on a base object of type 'null instance'.
          at: _on_tree_changed (res://scripts/autoload/persist_manager.gd:290)
ERROR: Parameter "data.tree" is null.
   at: get_tree (scene/main/node.h:446)
SCRIPT ERROR: Invalid access to property or key 'current_scene' on a base object of type 'null instance'.
          at: _on_tree_changed (res://scripts/autoload/penultimate_hit_effects_manager.gd:551)
ERROR: Parameter "data.tree" is null.
   at: get_tree (scene/main/node.h:446)
SCRIPT ERROR: Invalid access to property or key 'current_scene' on a base object of type 'null instance'.
          at: _on_tree_changed (res://scripts/autoload/last_chance_effects_manager.gd:1418)
ERROR: Parameter "data.tree" is null.
   at: get_tree (scene/main/node.h:446)
SCRIPT ERROR: Invalid access to property or key 'current_scene' on a base object of type 'null instance'.
          at: _on_tree_changed (res://scripts/autoload/cinema_effects_manager.gd:661)
ERROR: Parameter "data.tree" is null.
   at: get_tree (scene/main/node.h:446)
SCRIPT ERROR: Invalid access to property or key 'current_scene' on a base object of type 'null instance'.
          at: _on_tree_changed (res://scripts/autoload/power_fantasy_effects_manager.gd:230)
ERROR: Parameter "data.tree" is null.
   at: get_tree (scene/main/node.h:446)
SCRIPT ERROR: Invalid access to property or key 'current_scene' on a base object of type 'null instance'.
          at: _on_tree_changed (res://scripts/autoload/black_metal_effects_manager.gd:151)
ERROR: Parameter "data.tree" is null.
   at: get_tree (scene/main/node.h:446)
SCRIPT ERROR: Invalid access to property or key 'current_scene' on a base object of type 'null instance'.
          at: _on_tree_changed (res://scripts/autoload/flashbang_player_effects_manager.gd:232)
ERROR: Parameter "data.tree" is null.
   at: get_tree (scene/main/node.h:446)
SCRIPT ERROR: Invalid access to property or key 'current_scene' on a base object of type 'null instance'.
          at: _on_tree_changed (res://scripts/autoload/persist_manager.gd:290)
ERROR: Parameter "data.tree" is null.
   at: get_tree (scene/main/node.h:446)
SCRIPT ERROR: Invalid access to property or key 'current_scene' on a base object of type 'null instance'.
          at: _on_tree_changed (res://scripts/autoload/penultimate_hit_effects_manager.gd:551)
ERROR: Parameter "data.tree" is null.
   at: get_tree (scene/main/node.h:446)
SCRIPT ERROR: Invalid access to property or key 'current_scene' on a base object of type 'null instance'.
          at: _on_tree_changed (res://scripts/autoload/last_chance_effects_manager.gd:1418)
ERROR: Parameter "data.tree" is null.
   at: get_tree (scene/main/node.h:446)
SCRIPT ERROR: Invalid access to property or key 'current_scene' on a base object of type 'null instance'.
          at: _on_tree_changed (res://scripts/autoload/cinema_effects_manager.gd:661)
ERROR: Parameter "data.tree" is null.
   at: get_tree (scene/main/node.h:446)
SCRIPT ERROR: Invalid access to property or key 'current_scene' on a base object of type 'null instance'.
          at: _on_tree_changed (res://scripts/autoload/power_fantasy_effects_manager.gd:230)
ERROR: Parameter "data.tree" is null.
   at: get_tree (scene/main/node.h:446)
SCRIPT ERROR: Invalid access to property or key 'current_scene' on a base object of type 'null instance'.
          at: _on_tree_changed (res://scripts/autoload/black_metal_effects_manager.gd:151)
ERROR: Parameter "data.tree" is null.
   at: get_tree (scene/main/node.h:446)
SCRIPT ERROR: Invalid access to property or key 'current_scene' on a base object of type 'null instance'.
          at: _on_tree_changed (res://scripts/autoload/flashbang_player_effects_manager.gd:232)
ERROR: Parameter "data.tree" is null.
   at: get_tree (scene/main/node.h:446)
SCRIPT ERROR: Invalid access to property or key 'current_scene' on a base object of type 'null instance'.
          at: _on_tree_changed (res://scripts/autoload/persist_manager.gd:290)
ERROR: Parameter "data.tree" is null.
   at: get_tree (scene/main/node.h:446)
SCRIPT ERROR: Invalid access to property or key 'current_scene' on a base object of type 'null instance'.
          at: _on_tree_changed (res://scripts/autoload/penultimate_hit_effects_manager.gd:551)
ERROR: Parameter "data.tree" is null.
   at: get_tree (scene/main/node.h:446)
SCRIPT ERROR: Invalid access to property or key 'current_scene' on a base object of type 'null instance'.
          at: _on_tree_changed (res://scripts/autoload/last_chance_effects_manager.gd:1418)
ERROR: Parameter "data.tree" is null.
   at: get_tree (scene/main/node.h:446)
SCRIPT ERROR: Invalid access to property or key 'current_scene' on a base object of type 'null instance'.
          at: _on_tree_changed (res://scripts/autoload/cinema_effects_manager.gd:661)
ERROR: Parameter "data.tree" is null.
   at: get_tree (scene/main/node.h:446)
SCRIPT ERROR: Invalid access to property or key 'current_scene' on a base object of type 'null instance'.
          at: _on_tree_changed (res://scripts/autoload/power_fantasy_effects_manager.gd:230)
ERROR: Parameter "data.tree" is null.
   at: get_tree (scene/main/node.h:446)
SCRIPT ERROR: Invalid access to property or key 'current_scene' on a base object of type 'null instance'.
          at: _on_tree_changed (res://scripts/autoload/black_metal_effects_manager.gd:151)
ERROR: Parameter "data.tree" is null.
   at: get_tree (scene/main/node.h:446)
SCRIPT ERROR: Invalid access to property or key 'current_scene' on a base object of type 'null instance'.
          at: _on_tree_changed (res://scripts/autoload/flashbang_player_effects_manager.gd:232)
ERROR: Parameter "data.tree" is null.
   at: get_tree (scene/main/node.h:446)
SCRIPT ERROR: Invalid access to property or key 'current_scene' on a base object of type 'null instance'.
          at: _on_tree_changed (res://scripts/autoload/persist_manager.gd:290)
ERROR: Parameter "data.tree" is null.
   at: get_tree (scene/main/node.h:446)
SCRIPT ERROR: Invalid access to property or key 'current_scene' on a base object of type 'null instance'.
          at: _on_tree_changed (res://scripts/autoload/penultimate_hit_effects_manager.gd:551)
ERROR: Parameter "data.tree" is null.
   at: get_tree (scene/main/node.h:446)
SCRIPT ERROR: Invalid access to property or key 'current_scene' on a base object of type 'null instance'.
          at: _on_tree_changed (res://scripts/autoload/last_chance_effects_manager.gd:1418)
ERROR: Parameter "data.tree" is null.
   at: get_tree (scene/main/node.h:446)
SCRIPT ERROR: Invalid access to property or key 'current_scene' on a base object of type 'null instance'.
          at: _on_tree_changed (res://scripts/autoload/cinema_effects_manager.gd:661)
ERROR: Parameter "data.tree" is null.
   at: get_tree (scene/main/node.h:446)
SCRIPT ERROR: Invalid access to property or key 'current_scene' on a base object of type 'null instance'.
          at: _on_tree_changed (res://scripts/autoload/power_fantasy_effects_manager.gd:230)
ERROR: Parameter "data.tree" is null.
   at: get_tree (scene/main/node.h:446)
SCRIPT ERROR: Invalid access to property or key 'current_scene' on a base object of type 'null instance'.
          at: _on_tree_changed (res://scripts/autoload/black_metal_effects_manager.gd:151)
ERROR: Parameter "data.tree" is null.
   at: get_tree (scene/main/node.h:446)
SCRIPT ERROR: Invalid access to property or key 'current_scene' on a base object of type 'null instance'.
          at: _on_tree_changed (res://scripts/autoload/flashbang_player_effects_manager.gd:232)
ERROR: Parameter "data.tree" is null.
   at: get_tree (scene/main/node.h:446)
SCRIPT ERROR: Invalid access to property or key 'current_scene' on a base object of type 'null instance'.
          at: _on_tree_changed (res://scripts/autoload/persist_manager.gd:290)
ERROR: Parameter "data.tree" is null.
   at: get_tree (scene/main/node.h:446)
SCRIPT ERROR: Invalid access to property or key 'current_scene' on a base object of type 'null instance'.
          at: _on_tree_changed (res://scripts/autoload/penultimate_hit_effects_manager.gd:551)
ERROR: Parameter "data.tree" is null.
   at: get_tree (scene/main/node.h:446)
SCRIPT ERROR: Invalid access to property or key 'current_scene' on a base object of type 'null instance'.
          at: _on_tree_changed (res://scripts/autoload/last_chance_effects_manager.gd:1418)
ERROR: Parameter "data.tree" is null.
   at: get_tree (scene/main/node.h:446)
SCRIPT ERROR: Invalid access to property or key 'current_scene' on a base object of type 'null instance'.
          at: _on_tree_changed (res://scripts/autoload/cinema_effects_manager.gd:661)
ERROR: Parameter "data.tree" is null.
   at: get_tree (scene/main/node.h:446)
SCRIPT ERROR: Invalid access to property or key 'current_scene' on a base object of type 'null instance'.
          at: _on_tree_changed (res://scripts/autoload/power_fantasy_effects_manager.gd:230)
ERROR: Parameter "data.tree" is null.
   at: get_tree (scene/main/node.h:446)
SCRIPT ERROR: Invalid access to property or key 'current_scene' on a base object of type 'null instance'.
          at: _on_tree_changed (res://scripts/autoload/black_metal_effects_manager.gd:151)
ERROR: Parameter "data.tree" is null.
   at: get_tree (scene/main/node.h:446)
SCRIPT ERROR: Invalid access to property or key 'current_scene' on a base object of type 'null instance'.
          at: _on_tree_changed (res://scripts/autoload/flashbang_player_effects_manager.gd:232)
ERROR: Parameter "data.tree" is null.
   at: get_tree (scene/main/node.h:446)
SCRIPT ERROR: Invalid access to property or key 'current_scene' on a base object of type 'null instance'.
          at: _on_tree_changed (res://scripts/autoload/persist_manager.gd:290)
ERROR: Parameter "data.tree" is null.
   at: get_tree (scene/main/node.h:446)
SCRIPT ERROR: Invalid access to property or key 'current_scene' on a base object of type 'null instance'.
          at: _on_tree_changed (res://scripts/autoload/penultimate_hit_effects_manager.gd:551)
ERROR: Parameter "data.tree" is null.
   at: get_tree (scene/main/node.h:446)
SCRIPT ERROR: Invalid access to property or key 'current_scene' on a base object of type 'null instance'.
          at: _on_tree_changed (res://scripts/autoload/last_chance_effects_manager.gd:1418)
ERROR: Parameter "data.tree" is null.
   at: get_tree (scene/main/node.h:446)
SCRIPT ERROR: Invalid access to property or key 'current_scene' on a base object of type 'null instance'.
          at: _on_tree_changed (res://scripts/autoload/cinema_effects_manager.gd:661)
ERROR: Parameter "data.tree" is null.
   at: get_tree (scene/main/node.h:446)
SCRIPT ERROR: Invalid access to property or key 'current_scene' on a base object of type 'null instance'.
          at: _on_tree_changed (res://scripts/autoload/power_fantasy_effects_manager.gd:230)
ERROR: Parameter "data.tree" is null.
   at: get_tree (scene/main/node.h:446)
SCRIPT ERROR: Invalid access to property or key 'current_scene' on a base object of type 'null instance'.
          at: _on_tree_changed (res://scripts/autoload/black_metal_effects_manager.gd:151)
ERROR: Parameter "data.tree" is null.
   at: get_tree (scene/main/node.h:446)
SCRIPT ERROR: Invalid access to property or key 'current_scene' on a base object of type 'null instance'.
          at: _on_tree_changed (res://scripts/autoload/flashbang_player_effects_manager.gd:232)
ERROR: Parameter "data.tree" is null.
   at: get_tree (scene/main/node.h:446)
SCRIPT ERROR: Invalid access to property or key 'current_scene' on a base object of type 'null instance'.
          at: _on_tree_changed (res://scripts/autoload/persist_manager.gd:290)
ERROR: Parameter "data.tree" is null.
   at: get_tree (scene/main/node.h:446)
SCRIPT ERROR: Invalid access to property or key 'current_scene' on a base object of type 'null instance'.
          at: _on_tree_changed (res://scripts/autoload/penultimate_hit_effects_manager.gd:551)
ERROR: Parameter "data.tree" is null.
   at: get_tree (scene/main/node.h:446)
SCRIPT ERROR: Invalid access to property or key 'current_scene' on a base object of type 'null instance'.
          at: _on_tree_changed (res://scripts/autoload/last_chance_effects_manager.gd:1418)
ERROR: Parameter "data.tree" is null.
   at: get_tree (scene/main/node.h:446)
SCRIPT ERROR: Invalid access to property or key 'current_scene' on a base object of type 'null instance'.
          at: _on_tree_changed (res://scripts/autoload/cinema_effects_manager.gd:661)
ERROR: Parameter "data.tree" is null.
   at: get_tree (scene/main/node.h:446)
SCRIPT ERROR: Invalid access to property or key 'current_scene' on a base object of type 'null instance'.
          at: _on_tree_changed (res://scripts/autoload/power_fantasy_effects_manager.gd:230)
ERROR: Parameter "data.tree" is null.
   at: get_tree (scene/main/node.h:446)
SCRIPT ERROR: Invalid access to property or key 'current_scene' on a base object of type 'null instance'.
          at: _on_tree_changed (res://scripts/autoload/black_metal_effects_manager.gd:151)
ERROR: Parameter "data.tree" is null.
   at: get_tree (scene/main/node.h:446)
SCRIPT ERROR: Invalid access to property or key 'current_scene' on a base object of type 'null instance'.
          at: _on_tree_changed (res://scripts/autoload/flashbang_player_effects_manager.gd:232)
ERROR: Parameter "data.tree" is null.
   at: get_tree (scene/main/node.h:446)
SCRIPT ERROR: Invalid access to property or key 'current_scene' on a base object of type 'null instance'.
          at: _on_tree_changed (res://scripts/autoload/persist_manager.gd:290)
ERROR: Parameter "data.tree" is null.
   at: get_tree (scene/main/node.h:446)
SCRIPT ERROR: Invalid access to property or key 'current_scene' on a base object of type 'null instance'.
          at: _on_tree_changed (res://scripts/autoload/penultimate_hit_effects_manager.gd:551)
ERROR: Parameter "data.tree" is null.
   at: get_tree (scene/main/node.h:446)
SCRIPT ERROR: Invalid access to property or key 'current_scene' on a base object of type 'null instance'.
          at: _on_tree_changed (res://scripts/autoload/last_chance_effects_manager.gd:1418)
ERROR: Parameter "data.tree" is null.
   at: get_tree (scene/main/node.h:446)
SCRIPT ERROR: Invalid access to property or key 'current_scene' on a base object of type 'null instance'.
          at: _on_tree_changed (res://scripts/autoload/cinema_effects_manager.gd:661)
ERROR: Parameter "data.tree" is null.
   at: get_tree (scene/main/node.h:446)
SCRIPT ERROR: Invalid access to property or key 'current_scene' on a base object of type 'null instance'.
          at: _on_tree_changed (res://scripts/autoload/power_fantasy_effects_manager.gd:230)
ERROR: Parameter "data.tree" is null.
   at: get_tree (scene/main/node.h:446)
SCRIPT ERROR: Invalid access to property or key 'current_scene' on a base object of type 'null instance'.
          at: _on_tree_changed (res://scripts/autoload/black_metal_effects_manager.gd:151)
ERROR: Parameter "data.tree" is null.
   at: get_tree (scene/main/node.h:446)
SCRIPT ERROR: Invalid access to property or key 'current_scene' on a base object of type 'null instance'.
          at: _on_tree_changed (res://scripts/autoload/flashbang_player_effects_manager.gd:232)
ERROR: Parameter "data.tree" is null.
   at: get_tree (scene/main/node.h:446)
SCRIPT ERROR: Invalid access to property or key 'current_scene' on a base object of type 'null instance'.
          at: _on_tree_changed (res://scripts/autoload/persist_manager.gd:290)
ERROR: Parameter "data.tree" is null.
   at: get_tree (scene/main/node.h:446)
SCRIPT ERROR: Invalid access to property or key 'current_scene' on a base object of type 'null instance'.
          at: _on_tree_changed (res://scripts/autoload/penultimate_hit_effects_manager.gd:551)
ERROR: Parameter "data.tree" is null.
   at: get_tree (scene/main/node.h:446)
SCRIPT ERROR: Invalid access to property or key 'current_scene' on a base object of type 'null instance'.
          at: _on_tree_changed (res://scripts/autoload/last_chance_effects_manager.gd:1418)
ERROR: Parameter "data.tree" is null.
   at: get_tree (scene/main/node.h:446)
SCRIPT ERROR: Invalid access to property or key 'current_scene' on a base object of type 'null instance'.
          at: _on_tree_changed (res://scripts/autoload/cinema_effects_manager.gd:661)
ERROR: Parameter "data.tree" is null.
   at: get_tree (scene/main/node.h:446)
SCRIPT ERROR: Invalid access to property or key 'current_scene' on a base object of type 'null instance'.
          at: _on_tree_changed (res://scripts/autoload/power_fantasy_effects_manager.gd:230)
ERROR: Parameter "data.tree" is null.
   at: get_tree (scene/main/node.h:446)
SCRIPT ERROR: Invalid access to property or key 'current_scene' on a base object of type 'null instance'.
          at: _on_tree_changed (res://scripts/autoload/black_metal_effects_manager.gd:151)
ERROR: Parameter "data.tree" is null.
   at: get_tree (scene/main/node.h:446)
SCRIPT ERROR: Invalid access to property or key 'current_scene' on a base object of type 'null instance'.
          at: _on_tree_changed (res://scripts/autoload/flashbang_player_effects_manager.gd:232)
ERROR: Parameter "data.tree" is null.
   at: get_tree (scene/main/node.h:446)
SCRIPT ERROR: Invalid access to property or key 'current_scene' on a base object of type 'null instance'.
          at: _on_tree_changed (res://scripts/autoload/persist_manager.gd:290)
ERROR: Parameter "data.tree" is null.
   at: get_tree (scene/main/node.h:446)
SCRIPT ERROR: Invalid access to property or key 'current_scene' on a base object of type 'null instance'.
          at: _on_tree_changed (res://scripts/autoload/penultimate_hit_effects_manager.gd:551)
ERROR: Parameter "data.tree" is null.
   at: get_tree (scene/main/node.h:446)
SCRIPT ERROR: Invalid access to property or key 'current_scene' on a base object of type 'null instance'.
          at: _on_tree_changed (res://scripts/autoload/last_chance_effects_manager.gd:1418)
ERROR: Parameter "data.tree" is null.
   at: get_tree (scene/main/node.h:446)
SCRIPT ERROR: Invalid access to property or key 'current_scene' on a base object of type 'null instance'.
          at: _on_tree_changed (res://scripts/autoload/cinema_effects_manager.gd:661)
ERROR: Parameter "data.tree" is null.
   at: get_tree (scene/main/node.h:446)
SCRIPT ERROR: Invalid access to property or key 'current_scene' on a base object of type 'null instance'.
          at: _on_tree_changed (res://scripts/autoload/power_fantasy_effects_manager.gd:230)
ERROR: Parameter "data.tree" is null.
   at: get_tree (scene/main/node.h:446)
SCRIPT ERROR: Invalid access to property or key 'current_scene' on a base object of type 'null instance'.
          at: _on_tree_changed (res://scripts/autoload/black_metal_effects_manager.gd:151)
ERROR: Parameter "data.tree" is null.
   at: get_tree (scene/main/node.h:446)
SCRIPT ERROR: Invalid access to property or key 'current_scene' on a base object of type 'null instance'.
          at: _on_tree_changed (res://scripts/autoload/flashbang_player_effects_manager.gd:232)
ERROR: Parameter "data.tree" is null.
   at: get_tree (scene/main/node.h:446)
SCRIPT ERROR: Invalid access to property or key 'current_scene' on a base object of type 'null instance'.
          at: _on_tree_changed (res://scripts/autoload/persist_manager.gd:290)
ERROR: Parameter "data.tree" is null.
   at: get_tree (scene/main/node.h:446)
SCRIPT ERROR: Invalid access to property or key 'current_scene' on a base object of type 'null instance'.
          at: _on_tree_changed (res://scripts/autoload/penultimate_hit_effects_manager.gd:551)
ERROR: Parameter "data.tree" is null.
   at: get_tree (scene/main/node.h:446)
SCRIPT ERROR: Invalid access to property or key 'current_scene' on a base object of type 'null instance'.
          at: _on_tree_changed (res://scripts/autoload/last_chance_effects_manager.gd:1418)
ERROR: Parameter "data.tree" is null.
   at: get_tree (scene/main/node.h:446)
SCRIPT ERROR: Invalid access to property or key 'current_scene' on a base object of type 'null instance'.
          at: _on_tree_changed (res://scripts/autoload/cinema_effects_manager.gd:661)
ERROR: Parameter "data.tree" is null.
   at: get_tree (scene/main/node.h:446)
SCRIPT ERROR: Invalid access to property or key 'current_scene' on a base object of type 'null instance'.
          at: _on_tree_changed (res://scripts/autoload/power_fantasy_effects_manager.gd:230)
ERROR: Parameter "data.tree" is null.
   at: get_tree (scene/main/node.h:446)
SCRIPT ERROR: Invalid access to property or key 'current_scene' on a base object of type 'null instance'.
          at: _on_tree_changed (res://scripts/autoload/black_metal_effects_manager.gd:151)
ERROR: Parameter "data.tree" is null.
   at: get_tree (scene/main/node.h:446)
SCRIPT ERROR: Invalid access to property or key 'current_scene' on a base object of type 'null instance'.
          at: _on_tree_changed (res://scripts/autoload/flashbang_player_effects_manager.gd:232)
ERROR: Parameter "data.tree" is null.
   at: get_tree (scene/main/node.h:446)
SCRIPT ERROR: Invalid access to property or key 'current_scene' on a base object of type 'null instance'.
          at: _on_tree_changed (res://scripts/autoload/persist_manager.gd:290)
ERROR: Parameter "data.tree" is null.
   at: get_tree (scene/main/node.h:446)
SCRIPT ERROR: Invalid access to property or key 'current_scene' on a base object of type 'null instance'.
          at: _on_tree_changed (res://scripts/autoload/penultimate_hit_effects_manager.gd:551)
ERROR: Parameter "data.tree" is null.
   at: get_tree (scene/main/node.h:446)
SCRIPT ERROR: Invalid access to property or key 'current_scene' on a base object of type 'null instance'.
          at: _on_tree_changed (res://scripts/autoload/last_chance_effects_manager.gd:1418)
ERROR: Parameter "data.tree" is null.
   at: get_tree (scene/main/node.h:446)
SCRIPT ERROR: Invalid access to property or key 'current_scene' on a base object of type 'null instance'.
          at: _on_tree_changed (res://scripts/autoload/cinema_effects_manager.gd:661)
ERROR: Parameter "data.tree" is null.
   at: get_tree (scene/main/node.h:446)
SCRIPT ERROR: Invalid access to property or key 'current_scene' on a base object of type 'null instance'.
          at: _on_tree_changed (res://scripts/autoload/power_fantasy_effects_manager.gd:230)
ERROR: Parameter "data.tree" is null.
   at: get_tree (scene/main/node.h:446)
SCRIPT ERROR: Invalid access to property or key 'current_scene' on a base object of type 'null instance'.
          at: _on_tree_changed (res://scripts/autoload/black_metal_effects_manager.gd:151)
ERROR: Parameter "data.tree" is null.
   at: get_tree (scene/main/node.h:446)
SCRIPT ERROR: Invalid access to property or key 'current_scene' on a base object of type 'null instance'.
          at: _on_tree_changed (res://scripts/autoload/flashbang_player_effects_manager.gd:232)
ERROR: Parameter "data.tree" is null.
   at: get_tree (scene/main/node.h:446)
SCRIPT ERROR: Invalid access to property or key 'current_scene' on a base object of type 'null instance'.
          at: _on_tree_changed (res://scripts/autoload/persist_manager.gd:290)
ERROR: Parameter "data.tree" is null.
   at: get_tree (scene/main/node.h:446)
SCRIPT ERROR: Invalid access to property or key 'current_scene' on a base object of type 'null instance'.
          at: _on_tree_changed (res://scripts/autoload/penultimate_hit_effects_manager.gd:551)
ERROR: Parameter "data.tree" is null.
   at: get_tree (scene/main/node.h:446)
SCRIPT ERROR: Invalid access to property or key 'current_scene' on a base object of type 'null instance'.
          at: _on_tree_changed (res://scripts/autoload/last_chance_effects_manager.gd:1418)
ERROR: Parameter "data.tree" is null.
   at: get_tree (scene/main/node.h:446)
SCRIPT ERROR: Invalid access to property or key 'current_scene' on a base object of type 'null instance'.
          at: _on_tree_changed (res://scripts/autoload/cinema_effects_manager.gd:661)
ERROR: Parameter "data.tree" is null.
   at: get_tree (scene/main/node.h:446)
SCRIPT ERROR: Invalid access to property or key 'current_scene' on a base object of type 'null instance'.
          at: _on_tree_changed (res://scripts/autoload/power_fantasy_effects_manager.gd:230)
ERROR: Parameter "data.tree" is null.
   at: get_tree (scene/main/node.h:446)
SCRIPT ERROR: Invalid access to property or key 'current_scene' on a base object of type 'null instance'.
          at: _on_tree_changed (res://scripts/autoload/black_metal_effects_manager.gd:151)
ERROR: Parameter "data.tree" is null.
   at: get_tree (scene/main/node.h:446)
SCRIPT ERROR: Invalid access to property or key 'current_scene' on a base object of type 'null instance'.
          at: _on_tree_changed (res://scripts/autoload/flashbang_player_effects_manager.gd:232)
ERROR: Parameter "data.tree" is null.
   at: get_tree (scene/main/node.h:446)
SCRIPT ERROR: Invalid access to property or key 'current_scene' on a base object of type 'null instance'.
          at: _on_tree_changed (res://scripts/autoload/persist_manager.gd:290)
ERROR: Parameter "data.tree" is null.
   at: get_tree (scene/main/node.h:446)
SCRIPT ERROR: Invalid access to property or key 'current_scene' on a base object of type 'null instance'.
          at: _on_tree_changed (res://scripts/autoload/penultimate_hit_effects_manager.gd:551)
ERROR: Parameter "data.tree" is null.
   at: get_tree (scene/main/node.h:446)
SCRIPT ERROR: Invalid access to property or key 'current_scene' on a base object of type 'null instance'.
          at: _on_tree_changed (res://scripts/autoload/last_chance_effects_manager.gd:1418)
ERROR: Parameter "data.tree" is null.
   at: get_tree (scene/main/node.h:446)
SCRIPT ERROR: Invalid access to property or key 'current_scene' on a base object of type 'null instance'.
          at: _on_tree_changed (res://scripts/autoload/cinema_effects_manager.gd:661)
ERROR: Parameter "data.tree" is null.
   at: get_tree (scene/main/node.h:446)
SCRIPT ERROR: Invalid access to property or key 'current_scene' on a base object of type 'null instance'.
          at: _on_tree_changed (res://scripts/autoload/power_fantasy_effects_manager.gd:230)
ERROR: Parameter "data.tree" is null.
   at: get_tree (scene/main/node.h:446)
SCRIPT ERROR: Invalid access to property or key 'current_scene' on a base object of type 'null instance'.
          at: _on_tree_changed (res://scripts/autoload/black_metal_effects_manager.gd:151)
ERROR: Parameter "data.tree" is null.
   at: get_tree (scene/main/node.h:446)
SCRIPT ERROR: Invalid access to property or key 'current_scene' on a base object of type 'null instance'.
          at: _on_tree_changed (res://scripts/autoload/flashbang_player_effects_manager.gd:232)
ERROR: Parameter "data.tree" is null.
   at: get_tree (scene/main/node.h:446)
SCRIPT ERROR: Invalid access to property or key 'current_scene' on a base object of type 'null instance'.
          at: _on_tree_changed (res://scripts/autoload/persist_manager.gd:290)
ERROR: Parameter "data.tree" is null.
   at: get_tree (scene/main/node.h:446)
SCRIPT ERROR: Invalid access to property or key 'current_scene' on a base object of type 'null instance'.
          at: _on_tree_changed (res://scripts/autoload/penultimate_hit_effects_manager.gd:551)
ERROR: Parameter "data.tree" is null.
   at: get_tree (scene/main/node.h:446)
SCRIPT ERROR: Invalid access to property or key 'current_scene' on a base object of type 'null instance'.
          at: _on_tree_changed (res://scripts/autoload/last_chance_effects_manager.gd:1418)
ERROR: Parameter "data.tree" is null.
   at: get_tree (scene/main/node.h:446)
SCRIPT ERROR: Invalid access to property or key 'current_scene' on a base object of type 'null instance'.
          at: _on_tree_changed (res://scripts/autoload/cinema_effects_manager.gd:661)
ERROR: Parameter "data.tree" is null.
   at: get_tree (scene/main/node.h:446)
SCRIPT ERROR: Invalid access to property or key 'current_scene' on a base object of type 'null instance'.
          at: _on_tree_changed (res://scripts/autoload/power_fantasy_effects_manager.gd:230)
ERROR: Parameter "data.tree" is null.
   at: get_tree (scene/main/node.h:446)
SCRIPT ERROR: Invalid access to property or key 'current_scene' on a base object of type 'null instance'.
          at: _on_tree_changed (res://scripts/autoload/black_metal_effects_manager.gd:151)
ERROR: Parameter "data.tree" is null.
   at: get_tree (scene/main/node.h:446)
SCRIPT ERROR: Invalid access to property or key 'current_scene' on a base object of type 'null instance'.
          at: _on_tree_changed (res://scripts/autoload/flashbang_player_effects_manager.gd:232)
ERROR: Parameter "data.tree" is null.
   at: get_tree (scene/main/node.h:446)
SCRIPT ERROR: Invalid access to property or key 'current_scene' on a base object of type 'null instance'.
          at: _on_tree_changed (res://scripts/autoload/persist_manager.gd:290)
ERROR: Parameter "data.tree" is null.
   at: get_tree (scene/main/node.h:446)
SCRIPT ERROR: Invalid access to property or key 'current_scene' on a base object of type 'null instance'.
          at: _on_tree_changed (res://scripts/autoload/penultimate_hit_effects_manager.gd:551)
ERROR: Parameter "data.tree" is null.
   at: get_tree (scene/main/node.h:446)
SCRIPT ERROR: Invalid access to property or key 'current_scene' on a base object of type 'null instance'.
          at: _on_tree_changed (res://scripts/autoload/last_chance_effects_manager.gd:1418)
ERROR: Parameter "data.tree" is null.
   at: get_tree (scene/main/node.h:446)
SCRIPT ERROR: Invalid access to property or key 'current_scene' on a base object of type 'null instance'.
          at: _on_tree_changed (res://scripts/autoload/cinema_effects_manager.gd:661)
ERROR: Parameter "data.tree" is null.
   at: get_tree (scene/main/node.h:446)
SCRIPT ERROR: Invalid access to property or key 'current_scene' on a base object of type 'null instance'.
          at: _on_tree_changed (res://scripts/autoload/power_fantasy_effects_manager.gd:230)
ERROR: Parameter "data.tree" is null.
   at: get_tree (scene/main/node.h:446)
SCRIPT ERROR: Invalid access to property or key 'current_scene' on a base object of type 'null instance'.
          at: _on_tree_changed (res://scripts/autoload/black_metal_effects_manager.gd:151)
ERROR: Parameter "data.tree" is null.
   at: get_tree (scene/main/node.h:446)
SCRIPT ERROR: Invalid access to property or key 'current_scene' on a base object of type 'null instance'.
          at: _on_tree_changed (res://scripts/autoload/flashbang_player_effects_manager.gd:232)
ERROR: Parameter "data.tree" is null.
   at: get_tree (scene/main/node.h:446)
SCRIPT ERROR: Invalid access to property or key 'current_scene' on a base object of type 'null instance'.
          at: _on_tree_changed (res://scripts/autoload/persist_manager.gd:290)
ERROR: Parameter "data.tree" is null.
   at: get_tree (scene/main/node.h:446)
SCRIPT ERROR: Invalid access to property or key 'current_scene' on a base object of type 'null instance'.
          at: _on_tree_changed (res://scripts/autoload/penultimate_hit_effects_manager.gd:551)
ERROR: Parameter "data.tree" is null.
   at: get_tree (scene/main/node.h:446)
SCRIPT ERROR: Invalid access to property or key 'current_scene' on a base object of type 'null instance'.
          at: _on_tree_changed (res://scripts/autoload/last_chance_effects_manager.gd:1418)
ERROR: Parameter "data.tree" is null.
   at: get_tree (scene/main/node.h:446)
SCRIPT ERROR: Invalid access to property or key 'current_scene' on a base object of type 'null instance'.
          at: _on_tree_changed (res://scripts/autoload/cinema_effects_manager.gd:661)
ERROR: Parameter "data.tree" is null.
   at: get_tree (scene/main/node.h:446)
SCRIPT ERROR: Invalid access to property or key 'current_scene' on a base object of type 'null instance'.
          at: _on_tree_changed (res://scripts/autoload/power_fantasy_effects_manager.gd:230)
ERROR: Parameter "data.tree" is null.
   at: get_tree (scene/main/node.h:446)
SCRIPT ERROR: Invalid access to property or key 'current_scene' on a base object of type 'null instance'.
          at: _on_tree_changed (res://scripts/autoload/black_metal_effects_manager.gd:151)
ERROR: Parameter "data.tree" is null.
   at: get_tree (scene/main/node.h:446)
SCRIPT ERROR: Invalid access to property or key 'current_scene' on a base object of type 'null instance'.
          at: _on_tree_changed (res://scripts/autoload/flashbang_player_effects_manager.gd:232)
ERROR: Parameter "data.tree" is null.
   at: get_tree (scene/main/node.h:446)
SCRIPT ERROR: Invalid access to property or key 'current_scene' on a base object of type 'null instance'.
          at: _on_tree_changed (res://scripts/autoload/persist_manager.gd:290)
ERROR: Parameter "data.tree" is null.
   at: get_tree (scene/main/node.h:446)
SCRIPT ERROR: Invalid access to property or key 'current_scene' on a base object of type 'null instance'.
          at: _on_tree_changed (res://scripts/autoload/penultimate_hit_effects_manager.gd:551)
ERROR: Parameter "data.tree" is null.
   at: get_tree (scene/main/node.h:446)
SCRIPT ERROR: Invalid access to property or key 'current_scene' on a base object of type 'null instance'.
          at: _on_tree_changed (res://scripts/autoload/last_chance_effects_manager.gd:1418)
ERROR: Parameter "data.tree" is null.
   at: get_tree (scene/main/node.h:446)
SCRIPT ERROR: Invalid access to property or key 'current_scene' on a base object of type 'null instance'.
          at: _on_tree_changed (res://scripts/autoload/cinema_effects_manager.gd:661)
ERROR: Parameter "data.tree" is null.
   at: get_tree (scene/main/node.h:446)
SCRIPT ERROR: Invalid access to property or key 'current_scene' on a base object of type 'null instance'.
          at: _on_tree_changed (res://scripts/autoload/power_fantasy_effects_manager.gd:230)
ERROR: Parameter "data.tree" is null.
   at: get_tree (scene/main/node.h:446)
SCRIPT ERROR: Invalid access to property or key 'current_scene' on a base object of type 'null instance'.
          at: _on_tree_changed (res://scripts/autoload/black_metal_effects_manager.gd:151)
ERROR: Parameter "data.tree" is null.
   at: get_tree (scene/main/node.h:446)
SCRIPT ERROR: Invalid access to property or key 'current_scene' on a base object of type 'null instance'.
          at: _on_tree_changed (res://scripts/autoload/flashbang_player_effects_manager.gd:232)
ERROR: Parameter "data.tree" is null.
   at: get_tree (scene/main/node.h:446)
SCRIPT ERROR: Invalid access to property or key 'current_scene' on a base object of type 'null instance'.
          at: _on_tree_changed (res://scripts/autoload/persist_manager.gd:290)
ERROR: Parameter "data.tree" is null.
   at: get_tree (scene/main/node.h:446)
SCRIPT ERROR: Invalid access to property or key 'current_scene' on a base object of type 'null instance'.
          at: _on_tree_changed (res://scripts/autoload/penultimate_hit_effects_manager.gd:551)
ERROR: Parameter "data.tree" is null.
   at: get_tree (scene/main/node.h:446)
SCRIPT ERROR: Invalid access to property or key 'current_scene' on a base object of type 'null instance'.
          at: _on_tree_changed (res://scripts/autoload/last_chance_effects_manager.gd:1418)
ERROR: Parameter "data.tree" is null.
   at: get_tree (scene/main/node.h:446)
SCRIPT ERROR: Invalid access to property or key 'current_scene' on a base object of type 'null instance'.
          at: _on_tree_changed (res://scripts/autoload/cinema_effects_manager.gd:661)
ERROR: Parameter "data.tree" is null.
   at: get_tree (scene/main/node.h:446)
SCRIPT ERROR: Invalid access to property or key 'current_scene' on a base object of type 'null instance'.
          at: _on_tree_changed (res://scripts/autoload/power_fantasy_effects_manager.gd:230)
ERROR: Parameter "data.tree" is null.
   at: get_tree (scene/main/node.h:446)
SCRIPT ERROR: Invalid access to property or key 'current_scene' on a base object of type 'null instance'.
          at: _on_tree_changed (res://scripts/autoload/black_metal_effects_manager.gd:151)
ERROR: Parameter "data.tree" is null.
   at: get_tree (scene/main/node.h:446)
SCRIPT ERROR: Invalid access to property or key 'current_scene' on a base object of type 'null instance'.
          at: _on_tree_changed (res://scripts/autoload/flashbang_player_effects_manager.gd:232)
ERROR: Parameter "data.tree" is null.
   at: get_tree (scene/main/node.h:446)
SCRIPT ERROR: Invalid access to property or key 'current_scene' on a base object of type 'null instance'.
          at: _on_tree_changed (res://scripts/autoload/persist_manager.gd:290)
ERROR: Parameter "data.tree" is null.
   at: get_tree (scene/main/node.h:446)
SCRIPT ERROR: Invalid access to property or key 'current_scene' on a base object of type 'null instance'.
          at: _on_tree_changed (res://scripts/autoload/penultimate_hit_effects_manager.gd:551)
ERROR: Parameter "data.tree" is null.
   at: get_tree (scene/main/node.h:446)
SCRIPT ERROR: Invalid access to property or key 'current_scene' on a base object of type 'null instance'.
          at: _on_tree_changed (res://scripts/autoload/last_chance_effects_manager.gd:1418)
ERROR: Parameter "data.tree" is null.
   at: get_tree (scene/main/node.h:446)
SCRIPT ERROR: Invalid access to property or key 'current_scene' on a base object of type 'null instance'.
          at: _on_tree_changed (res://scripts/autoload/cinema_effects_manager.gd:661)
ERROR: Parameter "data.tree" is null.
   at: get_tree (scene/main/node.h:446)
SCRIPT ERROR: Invalid access to property or key 'current_scene' on a base object of type 'null instance'.
          at: _on_tree_changed (res://scripts/autoload/power_fantasy_effects_manager.gd:230)
ERROR: Parameter "data.tree" is null.
   at: get_tree (scene/main/node.h:446)
SCRIPT ERROR: Invalid access to property or key 'current_scene' on a base object of type 'null instance'.
          at: _on_tree_changed (res://scripts/autoload/black_metal_effects_manager.gd:151)
ERROR: Parameter "data.tree" is null.
   at: get_tree (scene/main/node.h:446)
SCRIPT ERROR: Invalid access to property or key 'current_scene' on a base object of type 'null instance'.
          at: _on_tree_changed (res://scripts/autoload/flashbang_player_effects_manager.gd:232)
ERROR: Parameter "data.tree" is null.
   at: get_tree (scene/main/node.h:446)
SCRIPT ERROR: Invalid access to property or key 'current_scene' on a base object of type 'null instance'.
          at: _on_tree_changed (res://scripts/autoload/persist_manager.gd:290)
ERROR: Parameter "data.tree" is null.
   at: get_tree (scene/main/node.h:446)
SCRIPT ERROR: Invalid access to property or key 'current_scene' on a base object of type 'null instance'.
          at: _on_tree_changed (res://scripts/autoload/penultimate_hit_effects_manager.gd:551)
ERROR: Parameter "data.tree" is null.
   at: get_tree (scene/main/node.h:446)
SCRIPT ERROR: Invalid access to property or key 'current_scene' on a base object of type 'null instance'.
          at: _on_tree_changed (res://scripts/autoload/last_chance_effects_manager.gd:1418)
ERROR: Parameter "data.tree" is null.
   at: get_tree (scene/main/node.h:446)
SCRIPT ERROR: Invalid access to property or key 'current_scene' on a base object of type 'null instance'.
          at: _on_tree_changed (res://scripts/autoload/cinema_effects_manager.gd:661)
ERROR: Parameter "data.tree" is null.
   at: get_tree (scene/main/node.h:446)
SCRIPT ERROR: Invalid access to property or key 'current_scene' on a base object of type 'null instance'.
          at: _on_tree_changed (res://scripts/autoload/power_fantasy_effects_manager.gd:230)
ERROR: Parameter "data.tree" is null.
   at: get_tree (scene/main/node.h:446)
SCRIPT ERROR: Invalid access to property or key 'current_scene' on a base object of type 'null instance'.
          at: _on_tree_changed (res://scripts/autoload/black_metal_effects_manager.gd:151)
ERROR: Parameter "data.tree" is null.
   at: get_tree (scene/main/node.h:446)
SCRIPT ERROR: Invalid access to property or key 'current_scene' on a base object of type 'null instance'.
          at: _on_tree_changed (res://scripts/autoload/flashbang_player_effects_manager.gd:232)
ERROR: Parameter "data.tree" is null.
   at: get_tree (scene/main/node.h:446)
SCRIPT ERROR: Invalid access to property or key 'current_scene' on a base object of type 'null instance'.
          at: _on_tree_changed (res://scripts/autoload/persist_manager.gd:290)
ERROR: Parameter "data.tree" is null.
   at: get_tree (scene/main/node.h:446)
SCRIPT ERROR: Invalid access to property or key 'current_scene' on a base object of type 'null instance'.
          at: _on_tree_changed (res://scripts/autoload/penultimate_hit_effects_manager.gd:551)
ERROR: Parameter "data.tree" is null.
   at: get_tree (scene/main/node.h:446)
SCRIPT ERROR: Invalid access to property or key 'current_scene' on a base object of type 'null instance'.
          at: _on_tree_changed (res://scripts/autoload/last_chance_effects_manager.gd:1418)
ERROR: Parameter "data.tree" is null.
   at: get_tree (scene/main/node.h:446)
SCRIPT ERROR: Invalid access to property or key 'current_scene' on a base object of type 'null instance'.
          at: _on_tree_changed (res://scripts/autoload/cinema_effects_manager.gd:661)
ERROR: Parameter "data.tree" is null.
   at: get_tree (scene/main/node.h:446)
SCRIPT ERROR: Invalid access to property or key 'current_scene' on a base object of type 'null instance'.
          at: _on_tree_changed (res://scripts/autoload/power_fantasy_effects_manager.gd:230)
ERROR: Parameter "data.tree" is null.
   at: get_tree (scene/main/node.h:446)
SCRIPT ERROR: Invalid access to property or key 'current_scene' on a base object of type 'null instance'.
          at: _on_tree_changed (res://scripts/autoload/black_metal_effects_manager.gd:151)
ERROR: Parameter "data.tree" is null.
   at: get_tree (scene/main/node.h:446)
SCRIPT ERROR: Invalid access to property or key 'current_scene' on a base object of type 'null instance'.
          at: _on_tree_changed (res://scripts/autoload/flashbang_player_effects_manager.gd:232)
ERROR: Parameter "data.tree" is null.
   at: get_tree (scene/main/node.h:446)
SCRIPT ERROR: Invalid access to property or key 'current_scene' on a base object of type 'null instance'.
          at: _on_tree_changed (res://scripts/autoload/persist_manager.gd:290)
ERROR: Parameter "data.tree" is null.
   at: get_tree (scene/main/node.h:446)
SCRIPT ERROR: Invalid access to property or key 'current_scene' on a base object of type 'null instance'.
          at: _on_tree_changed (res://scripts/autoload/penultimate_hit_effects_manager.gd:551)
ERROR: Parameter "data.tree" is null.
   at: get_tree (scene/main/node.h:446)
SCRIPT ERROR: Invalid access to property or key 'current_scene' on a base object of type 'null instance'.
          at: _on_tree_changed (res://scripts/autoload/last_chance_effects_manager.gd:1418)
ERROR: Parameter "data.tree" is null.
   at: get_tree (scene/main/node.h:446)
SCRIPT ERROR: Invalid access to property or key 'current_scene' on a base object of type 'null instance'.
          at: _on_tree_changed (res://scripts/autoload/cinema_effects_manager.gd:661)
ERROR: Parameter "data.tree" is null.
   at: get_tree (scene/main/node.h:446)
SCRIPT ERROR: Invalid access to property or key 'current_scene' on a base object of type 'null instance'.
          at: _on_tree_changed (res://scripts/autoload/power_fantasy_effects_manager.gd:230)
ERROR: Parameter "data.tree" is null.
   at: get_tree (scene/main/node.h:446)
SCRIPT ERROR: Invalid access to property or key 'current_scene' on a base object of type 'null instance'.
          at: _on_tree_changed (res://scripts/autoload/black_metal_effects_manager.gd:151)
ERROR: Parameter "data.tree" is null.
   at: get_tree (scene/main/node.h:446)
SCRIPT ERROR: Invalid access to property or key 'current_scene' on a base object of type 'null instance'.
          at: _on_tree_changed (res://scripts/autoload/flashbang_player_effects_manager.gd:232)
ERROR: Parameter "data.tree" is null.
   at: get_tree (scene/main/node.h:446)
SCRIPT ERROR: Invalid access to property or key 'current_scene' on a base object of type 'null instance'.
          at: _on_tree_changed (res://scripts/autoload/persist_manager.gd:290)
ERROR: Parameter "data.tree" is null.
   at: get_tree (scene/main/node.h:446)
SCRIPT ERROR: Invalid access to property or key 'current_scene' on a base object of type 'null instance'.
          at: _on_tree_changed (res://scripts/autoload/penultimate_hit_effects_manager.gd:551)
ERROR: Parameter "data.tree" is null.
   at: get_tree (scene/main/node.h:446)
SCRIPT ERROR: Invalid access to property or key 'current_scene' on a base object of type 'null instance'.
          at: _on_tree_changed (res://scripts/autoload/last_chance_effects_manager.gd:1418)
ERROR: Parameter "data.tree" is null.
   at: get_tree (scene/main/node.h:446)
SCRIPT ERROR: Invalid access to property or key 'current_scene' on a base object of type 'null instance'.
          at: _on_tree_changed (res://scripts/autoload/cinema_effects_manager.gd:661)
ERROR: Parameter "data.tree" is null.
   at: get_tree (scene/main/node.h:446)
SCRIPT ERROR: Invalid access to property or key 'current_scene' on a base object of type 'null instance'.
          at: _on_tree_changed (res://scripts/autoload/power_fantasy_effects_manager.gd:230)
ERROR: Parameter "data.tree" is null.
   at: get_tree (scene/main/node.h:446)
SCRIPT ERROR: Invalid access to property or key 'current_scene' on a base object of type 'null instance'.
          at: _on_tree_changed (res://scripts/autoload/black_metal_effects_manager.gd:151)
ERROR: Parameter "data.tree" is null.
   at: get_tree (scene/main/node.h:446)
SCRIPT ERROR: Invalid access to property or key 'current_scene' on a base object of type 'null instance'.
          at: _on_tree_changed (res://scripts/autoload/flashbang_player_effects_manager.gd:232)
ERROR: Parameter "data.tree" is null.
   at: get_tree (scene/main/node.h:446)
SCRIPT ERROR: Invalid access to property or key 'current_scene' on a base object of type 'null instance'.
          at: _on_tree_changed (res://scripts/autoload/persist_manager.gd:290)
ERROR: Parameter "data.tree" is null.
   at: get_tree (scene/main/node.h:446)
SCRIPT ERROR: Invalid access to property or key 'current_scene' on a base object of type 'null instance'.
          at: _on_tree_changed (res://scripts/autoload/penultimate_hit_effects_manager.gd:551)
ERROR: Parameter "data.tree" is null.
   at: get_tree (scene/main/node.h:446)
SCRIPT ERROR: Invalid access to property or key 'current_scene' on a base object of type 'null instance'.
          at: _on_tree_changed (res://scripts/autoload/last_chance_effects_manager.gd:1418)
ERROR: Parameter "data.tree" is null.
   at: get_tree (scene/main/node.h:446)
SCRIPT ERROR: Invalid access to property or key 'current_scene' on a base object of type 'null instance'.
          at: _on_tree_changed (res://scripts/autoload/cinema_effects_manager.gd:661)
ERROR: Parameter "data.tree" is null.
   at: get_tree (scene/main/node.h:446)
SCRIPT ERROR: Invalid access to property or key 'current_scene' on a base object of type 'null instance'.
          at: _on_tree_changed (res://scripts/autoload/power_fantasy_effects_manager.gd:230)
ERROR: Parameter "data.tree" is null.
   at: get_tree (scene/main/node.h:446)
SCRIPT ERROR: Invalid access to property or key 'current_scene' on a base object of type 'null instance'.
          at: _on_tree_changed (res://scripts/autoload/black_metal_effects_manager.gd:151)
ERROR: Parameter "data.tree" is null.
   at: get_tree (scene/main/node.h:446)
SCRIPT ERROR: Invalid access to property or key 'current_scene' on a base object of type 'null instance'.
          at: _on_tree_changed (res://scripts/autoload/flashbang_player_effects_manager.gd:232)
ERROR: Parameter "data.tree" is null.
   at: get_tree (scene/main/node.h:446)
SCRIPT ERROR: Invalid access to property or key 'current_scene' on a base object of type 'null instance'.
          at: _on_tree_changed (res://scripts/autoload/persist_manager.gd:290)
ERROR: Parameter "data.tree" is null.
   at: get_tree (scene/main/node.h:446)
SCRIPT ERROR: Invalid access to property or key 'current_scene' on a base object of type 'null instance'.
          at: _on_tree_changed (res://scripts/autoload/penultimate_hit_effects_manager.gd:551)
ERROR: Parameter "data.tree" is null.
   at: get_tree (scene/main/node.h:446)
SCRIPT ERROR: Invalid access to property or key 'current_scene' on a base object of type 'null instance'.
          at: _on_tree_changed (res://scripts/autoload/last_chance_effects_manager.gd:1418)
ERROR: Parameter "data.tree" is null.
   at: get_tree (scene/main/node.h:446)
SCRIPT ERROR: Invalid access to property or key 'current_scene' on a base object of type 'null instance'.
          at: _on_tree_changed (res://scripts/autoload/cinema_effects_manager.gd:661)
ERROR: Parameter "data.tree" is null.
   at: get_tree (scene/main/node.h:446)
SCRIPT ERROR: Invalid access to property or key 'current_scene' on a base object of type 'null instance'.
          at: _on_tree_changed (res://scripts/autoload/power_fantasy_effects_manager.gd:230)
ERROR: Parameter "data.tree" is null.
   at: get_tree (scene/main/node.h:446)
SCRIPT ERROR: Invalid access to property or key 'current_scene' on a base object of type 'null instance'.
          at: _on_tree_changed (res://scripts/autoload/black_metal_effects_manager.gd:151)
ERROR: Parameter "data.tree" is null.
   at: get_tree (scene/main/node.h:446)
SCRIPT ERROR: Invalid access to property or key 'current_scene' on a base object of type 'null instance'.
          at: _on_tree_changed (res://scripts/autoload/flashbang_player_effects_manager.gd:232)
ERROR: Parameter "data.tree" is null.
   at: get_tree (scene/main/node.h:446)
SCRIPT ERROR: Invalid access to property or key 'current_scene' on a base object of type 'null instance'.
          at: _on_tree_changed (res://scripts/autoload/persist_manager.gd:290)
ERROR: Parameter "data.tree" is null.
   at: get_tree (scene/main/node.h:446)
SCRIPT ERROR: Invalid access to property or key 'current_scene' on a base object of type 'null instance'.
          at: _on_tree_changed (res://scripts/autoload/penultimate_hit_effects_manager.gd:551)
ERROR: Parameter "data.tree" is null.
   at: get_tree (scene/main/node.h:446)
SCRIPT ERROR: Invalid access to property or key 'current_scene' on a base object of type 'null instance'.
          at: _on_tree_changed (res://scripts/autoload/last_chance_effects_manager.gd:1418)
ERROR: Parameter "data.tree" is null.
   at: get_tree (scene/main/node.h:446)
SCRIPT ERROR: Invalid access to property or key 'current_scene' on a base object of type 'null instance'.
          at: _on_tree_changed (res://scripts/autoload/cinema_effects_manager.gd:661)
ERROR: Parameter "data.tree" is null.
   at: get_tree (scene/main/node.h:446)
SCRIPT ERROR: Invalid access to property or key 'current_scene' on a base object of type 'null instance'.
          at: _on_tree_changed (res://scripts/autoload/power_fantasy_effects_manager.gd:230)
ERROR: Parameter "data.tree" is null.
   at: get_tree (scene/main/node.h:446)
SCRIPT ERROR: Invalid access to property or key 'current_scene' on a base object of type 'null instance'.
          at: _on_tree_changed (res://scripts/autoload/black_metal_effects_manager.gd:151)
ERROR: Parameter "data.tree" is null.
   at: get_tree (scene/main/node.h:446)
SCRIPT ERROR: Invalid access to property or key 'current_scene' on a base object of type 'null instance'.
          at: _on_tree_changed (res://scripts/autoload/flashbang_player_effects_manager.gd:232)
ERROR: Parameter "data.tree" is null.
   at: get_tree (scene/main/node.h:446)
SCRIPT ERROR: Invalid access to property or key 'current_scene' on a base object of type 'null instance'.
          at: _on_tree_changed (res://scripts/autoload/persist_manager.gd:290)
ERROR: Parameter "data.tree" is null.
   at: get_tree (scene/main/node.h:446)
SCRIPT ERROR: Invalid access to property or key 'current_scene' on a base object of type 'null instance'.
          at: _on_tree_changed (res://scripts/autoload/penultimate_hit_effects_manager.gd:551)
ERROR: Parameter "data.tree" is null.
   at: get_tree (scene/main/node.h:446)
SCRIPT ERROR: Invalid access to property or key 'current_scene' on a base object of type 'null instance'.
          at: _on_tree_changed (res://scripts/autoload/last_chance_effects_manager.gd:1418)
ERROR: Parameter "data.tree" is null.
   at: get_tree (scene/main/node.h:446)
SCRIPT ERROR: Invalid access to property or key 'current_scene' on a base object of type 'null instance'.
          at: _on_tree_changed (res://scripts/autoload/cinema_effects_manager.gd:661)
ERROR: Parameter "data.tree" is null.
   at: get_tree (scene/main/node.h:446)
SCRIPT ERROR: Invalid access to property or key 'current_scene' on a base object of type 'null instance'.
          at: _on_tree_changed (res://scripts/autoload/power_fantasy_effects_manager.gd:230)
ERROR: Parameter "data.tree" is null.
   at: get_tree (scene/main/node.h:446)
SCRIPT ERROR: Invalid access to property or key 'current_scene' on a base object of type 'null instance'.
          at: _on_tree_changed (res://scripts/autoload/black_metal_effects_manager.gd:151)
ERROR: Parameter "data.tree" is null.
   at: get_tree (scene/main/node.h:446)
SCRIPT ERROR: Invalid access to property or key 'current_scene' on a base object of type 'null instance'.
          at: _on_tree_changed (res://scripts/autoload/flashbang_player_effects_manager.gd:232)
ERROR: Parameter "data.tree" is null.
   at: get_tree (scene/main/node.h:446)
SCRIPT ERROR: Invalid access to property or key 'current_scene' on a base object of type 'null instance'.
          at: _on_tree_changed (res://scripts/autoload/persist_manager.gd:290)
ERROR: Parameter "data.tree" is null.
   at: get_tree (scene/main/node.h:446)
SCRIPT ERROR: Invalid access to property or key 'current_scene' on a base object of type 'null instance'.
          at: _on_tree_changed (res://scripts/autoload/penultimate_hit_effects_manager.gd:551)
ERROR: Parameter "data.tree" is null.
   at: get_tree (scene/main/node.h:446)
SCRIPT ERROR: Invalid access to property or key 'current_scene' on a base object of type 'null instance'.
          at: _on_tree_changed (res://scripts/autoload/last_chance_effects_manager.gd:1418)
ERROR: Parameter "data.tree" is null.
   at: get_tree (scene/main/node.h:446)
SCRIPT ERROR: Invalid access to property or key 'current_scene' on a base object of type 'null instance'.
          at: _on_tree_changed (res://scripts/autoload/cinema_effects_manager.gd:661)
ERROR: Parameter "data.tree" is null.
   at: get_tree (scene/main/node.h:446)
SCRIPT ERROR: Invalid access to property or key 'current_scene' on a base object of type 'null instance'.
          at: _on_tree_changed (res://scripts/autoload/power_fantasy_effects_manager.gd:230)
ERROR: Parameter "data.tree" is null.
   at: get_tree (scene/main/node.h:446)
SCRIPT ERROR: Invalid access to property or key 'current_scene' on a base object of type 'null instance'.
          at: _on_tree_changed (res://scripts/autoload/black_metal_effects_manager.gd:151)
ERROR: Parameter "data.tree" is null.
   at: get_tree (scene/main/node.h:446)
SCRIPT ERROR: Invalid access to property or key 'current_scene' on a base object of type 'null instance'.
          at: _on_tree_changed (res://scripts/autoload/flashbang_player_effects_manager.gd:232)
ERROR: Parameter "data.tree" is null.
   at: get_tree (scene/main/node.h:446)
SCRIPT ERROR: Invalid access to property or key 'current_scene' on a base object of type 'null instance'.
          at: _on_tree_changed (res://scripts/autoload/persist_manager.gd:290)
ERROR: Parameter "data.tree" is null.
   at: get_tree (scene/main/node.h:446)
SCRIPT ERROR: Invalid access to property or key 'current_scene' on a base object of type 'null instance'.
          at: _on_tree_changed (res://scripts/autoload/penultimate_hit_effects_manager.gd:551)
ERROR: Parameter "data.tree" is null.
   at: get_tree (scene/main/node.h:446)
SCRIPT ERROR: Invalid access to property or key 'current_scene' on a base object of type 'null instance'.
          at: _on_tree_changed (res://scripts/autoload/last_chance_effects_manager.gd:1418)
ERROR: Parameter "data.tree" is null.
   at: get_tree (scene/main/node.h:446)
SCRIPT ERROR: Invalid access to property or key 'current_scene' on a base object of type 'null instance'.
          at: _on_tree_changed (res://scripts/autoload/cinema_effects_manager.gd:661)
ERROR: Parameter "data.tree" is null.
   at: get_tree (scene/main/node.h:446)
SCRIPT ERROR: Invalid access to property or key 'current_scene' on a base object of type 'null instance'.
          at: _on_tree_changed (res://scripts/autoload/power_fantasy_effects_manager.gd:230)
ERROR: Parameter "data.tree" is null.
   at: get_tree (scene/main/node.h:446)
SCRIPT ERROR: Invalid access to property or key 'current_scene' on a base object of type 'null instance'.
          at: _on_tree_changed (res://scripts/autoload/black_metal_effects_manager.gd:151)
ERROR: Parameter "data.tree" is null.
   at: get_tree (scene/main/node.h:446)
SCRIPT ERROR: Invalid access to property or key 'current_scene' on a base object of type 'null instance'.
          at: _on_tree_changed (res://scripts/autoload/flashbang_player_effects_manager.gd:232)
ERROR: Parameter "data.tree" is null.
   at: get_tree (scene/main/node.h:446)
SCRIPT ERROR: Invalid access to property or key 'current_scene' on a base object of type 'null instance'.
          at: _on_tree_changed (res://scripts/autoload/persist_manager.gd:290)
ERROR: Parameter "data.tree" is null.
   at: get_tree (scene/main/node.h:446)
SCRIPT ERROR: Invalid access to property or key 'current_scene' on a base object of type 'null instance'.
          at: _on_tree_changed (res://scripts/autoload/penultimate_hit_effects_manager.gd:551)
ERROR: Parameter "data.tree" is null.
   at: get_tree (scene/main/node.h:446)
SCRIPT ERROR: Invalid access to property or key 'current_scene' on a base object of type 'null instance'.
          at: _on_tree_changed (res://scripts/autoload/last_chance_effects_manager.gd:1418)
ERROR: Parameter "data.tree" is null.
   at: get_tree (scene/main/node.h:446)
SCRIPT ERROR: Invalid access to property or key 'current_scene' on a base object of type 'null instance'.
          at: _on_tree_changed (res://scripts/autoload/cinema_effects_manager.gd:661)
ERROR: Parameter "data.tree" is null.
   at: get_tree (scene/main/node.h:446)
SCRIPT ERROR: Invalid access to property or key 'current_scene' on a base object of type 'null instance'.
          at: _on_tree_changed (res://scripts/autoload/power_fantasy_effects_manager.gd:230)
ERROR: Parameter "data.tree" is null.
   at: get_tree (scene/main/node.h:446)
SCRIPT ERROR: Invalid access to property or key 'current_scene' on a base object of type 'null instance'.
          at: _on_tree_changed (res://scripts/autoload/black_metal_effects_manager.gd:151)
ERROR: Parameter "data.tree" is null.
   at: get_tree (scene/main/node.h:446)
SCRIPT ERROR: Invalid access to property or key 'current_scene' on a base object of type 'null instance'.
          at: _on_tree_changed (res://scripts/autoload/flashbang_player_effects_manager.gd:232)
ERROR: Parameter "data.tree" is null.
   at: get_tree (scene/main/node.h:446)
SCRIPT ERROR: Invalid access to property or key 'current_scene' on a base object of type 'null instance'.
          at: _on_tree_changed (res://scripts/autoload/persist_manager.gd:290)
ERROR: Parameter "data.tree" is null.
   at: get_tree (scene/main/node.h:446)
SCRIPT ERROR: Invalid access to property or key 'current_scene' on a base object of type 'null instance'.
          at: _on_tree_changed (res://scripts/autoload/penultimate_hit_effects_manager.gd:551)
ERROR: Parameter "data.tree" is null.
   at: get_tree (scene/main/node.h:446)
SCRIPT ERROR: Invalid access to property or key 'current_scene' on a base object of type 'null instance'.
          at: _on_tree_changed (res://scripts/autoload/last_chance_effects_manager.gd:1418)
ERROR: Parameter "data.tree" is null.
   at: get_tree (scene/main/node.h:446)
SCRIPT ERROR: Invalid access to property or key 'current_scene' on a base object of type 'null instance'.
          at: _on_tree_changed (res://scripts/autoload/cinema_effects_manager.gd:661)
ERROR: Parameter "data.tree" is null.
   at: get_tree (scene/main/node.h:446)
SCRIPT ERROR: Invalid access to property or key 'current_scene' on a base object of type 'null instance'.
          at: _on_tree_changed (res://scripts/autoload/power_fantasy_effects_manager.gd:230)
ERROR: Parameter "data.tree" is null.
   at: get_tree (scene/main/node.h:446)
SCRIPT ERROR: Invalid access to property or key 'current_scene' on a base object of type 'null instance'.
          at: _on_tree_changed (res://scripts/autoload/black_metal_effects_manager.gd:151)
ERROR: Parameter "data.tree" is null.
   at: get_tree (scene/main/node.h:446)
SCRIPT ERROR: Invalid access to property or key 'current_scene' on a base object of type 'null instance'.
          at: _on_tree_changed (res://scripts/autoload/flashbang_player_effects_manager.gd:232)
ERROR: Parameter "data.tree" is null.
   at: get_tree (scene/main/node.h:446)
SCRIPT ERROR: Invalid access to property or key 'current_scene' on a base object of type 'null instance'.
          at: _on_tree_changed (res://scripts/autoload/persist_manager.gd:290)
ERROR: Parameter "data.tree" is null.
   at: get_tree (scene/main/node.h:446)
SCRIPT ERROR: Invalid access to property or key 'current_scene' on a base object of type 'null instance'.
          at: _on_tree_changed (res://scripts/autoload/penultimate_hit_effects_manager.gd:551)
ERROR: Parameter "data.tree" is null.
   at: get_tree (scene/main/node.h:446)
SCRIPT ERROR: Invalid access to property or key 'current_scene' on a base object of type 'null instance'.
          at: _on_tree_changed (res://scripts/autoload/last_chance_effects_manager.gd:1418)
ERROR: Parameter "data.tree" is null.
   at: get_tree (scene/main/node.h:446)
SCRIPT ERROR: Invalid access to property or key 'current_scene' on a base object of type 'null instance'.
          at: _on_tree_changed (res://scripts/autoload/cinema_effects_manager.gd:661)
ERROR: Parameter "data.tree" is null.
   at: get_tree (scene/main/node.h:446)
SCRIPT ERROR: Invalid access to property or key 'current_scene' on a base object of type 'null instance'.
          at: _on_tree_changed (res://scripts/autoload/power_fantasy_effects_manager.gd:230)
ERROR: Parameter "data.tree" is null.
   at: get_tree (scene/main/node.h:446)
SCRIPT ERROR: Invalid access to property or key 'current_scene' on a base object of type 'null instance'.
          at: _on_tree_changed (res://scripts/autoload/black_metal_effects_manager.gd:151)
ERROR: Parameter "data.tree" is null.
   at: get_tree (scene/main/node.h:446)
SCRIPT ERROR: Invalid access to property or key 'current_scene' on a base object of type 'null instance'.
          at: _on_tree_changed (res://scripts/autoload/flashbang_player_effects_manager.gd:232)
ERROR: Parameter "data.tree" is null.
   at: get_tree (scene/main/node.h:446)
SCRIPT ERROR: Invalid access to property or key 'current_scene' on a base object of type 'null instance'.
          at: _on_tree_changed (res://scripts/autoload/persist_manager.gd:290)
ERROR: Parameter "data.tree" is null.
   at: get_tree (scene/main/node.h:446)
SCRIPT ERROR: Invalid access to property or key 'current_scene' on a base object of type 'null instance'.
          at: _on_tree_changed (res://scripts/autoload/penultimate_hit_effects_manager.gd:551)
ERROR: Parameter "data.tree" is null.
   at: get_tree (scene/main/node.h:446)
SCRIPT ERROR: Invalid access to property or key 'current_scene' on a base object of type 'null instance'.
          at: _on_tree_changed (res://scripts/autoload/last_chance_effects_manager.gd:1418)
ERROR: Parameter "data.tree" is null.
   at: get_tree (scene/main/node.h:446)
SCRIPT ERROR: Invalid access to property or key 'current_scene' on a base object of type 'null instance'.
          at: _on_tree_changed (res://scripts/autoload/cinema_effects_manager.gd:661)
ERROR: Parameter "data.tree" is null.
   at: get_tree (scene/main/node.h:446)
SCRIPT ERROR: Invalid access to property or key 'current_scene' on a base object of type 'null instance'.
          at: _on_tree_changed (res://scripts/autoload/power_fantasy_effects_manager.gd:230)
ERROR: Parameter "data.tree" is null.
   at: get_tree (scene/main/node.h:446)
SCRIPT ERROR: Invalid access to property or key 'current_scene' on a base object of type 'null instance'.
          at: _on_tree_changed (res://scripts/autoload/black_metal_effects_manager.gd:151)
ERROR: Parameter "data.tree" is null.
   at: get_tree (scene/main/node.h:446)
SCRIPT ERROR: Invalid access to property or key 'current_scene' on a base object of type 'null instance'.
          at: _on_tree_changed (res://scripts/autoload/flashbang_player_effects_manager.gd:232)
ERROR: Parameter "data.tree" is null.
   at: get_tree (scene/main/node.h:446)
SCRIPT ERROR: Invalid access to property or key 'current_scene' on a base object of type 'null instance'.
          at: _on_tree_changed (res://scripts/autoload/persist_manager.gd:290)
ERROR: Parameter "data.tree" is null.
   at: get_tree (scene/main/node.h:446)
SCRIPT ERROR: Invalid access to property or key 'current_scene' on a base object of type 'null instance'.
          at: _on_tree_changed (res://scripts/autoload/penultimate_hit_effects_manager.gd:551)
ERROR: Parameter "data.tree" is null.
   at: get_tree (scene/main/node.h:446)
SCRIPT ERROR: Invalid access to property or key 'current_scene' on a base object of type 'null instance'.
          at: _on_tree_changed (res://scripts/autoload/last_chance_effects_manager.gd:1418)
ERROR: Parameter "data.tree" is null.
   at: get_tree (scene/main/node.h:446)
SCRIPT ERROR: Invalid access to property or key 'current_scene' on a base object of type 'null instance'.
          at: _on_tree_changed (res://scripts/autoload/cinema_effects_manager.gd:661)
ERROR: Parameter "data.tree" is null.
   at: get_tree (scene/main/node.h:446)
SCRIPT ERROR: Invalid access to property or key 'current_scene' on a base object of type 'null instance'.
          at: _on_tree_changed (res://scripts/autoload/power_fantasy_effects_manager.gd:230)
ERROR: Parameter "data.tree" is null.
   at: get_tree (scene/main/node.h:446)
SCRIPT ERROR: Invalid access to property or key 'current_scene' on a base object of type 'null instance'.
          at: _on_tree_changed (res://scripts/autoload/black_metal_effects_manager.gd:151)
ERROR: Parameter "data.tree" is null.
   at: get_tree (scene/main/node.h:446)
SCRIPT ERROR: Invalid access to property or key 'current_scene' on a base object of type 'null instance'.
          at: _on_tree_changed (res://scripts/autoload/flashbang_player_effects_manager.gd:232)
ERROR: Parameter "data.tree" is null.
   at: get_tree (scene/main/node.h:446)
SCRIPT ERROR: Invalid access to property or key 'current_scene' on a base object of type 'null instance'.
          at: _on_tree_changed (res://scripts/autoload/persist_manager.gd:290)
ERROR: Parameter "data.tree" is null.
   at: get_tree (scene/main/node.h:446)
SCRIPT ERROR: Invalid access to property or key 'current_scene' on a base object of type 'null instance'.
          at: _on_tree_changed (res://scripts/autoload/penultimate_hit_effects_manager.gd:551)
ERROR: Parameter "data.tree" is null.
   at: get_tree (scene/main/node.h:446)
SCRIPT ERROR: Invalid access to property or key 'current_scene' on a base object of type 'null instance'.
          at: _on_tree_changed (res://scripts/autoload/last_chance_effects_manager.gd:1418)
ERROR: Parameter "data.tree" is null.
   at: get_tree (scene/main/node.h:446)
SCRIPT ERROR: Invalid access to property or key 'current_scene' on a base object of type 'null instance'.
          at: _on_tree_changed (res://scripts/autoload/cinema_effects_manager.gd:661)
ERROR: Parameter "data.tree" is null.
   at: get_tree (scene/main/node.h:446)
SCRIPT ERROR: Invalid access to property or key 'current_scene' on a base object of type 'null instance'.
          at: _on_tree_changed (res://scripts/autoload/power_fantasy_effects_manager.gd:230)
ERROR: Parameter "data.tree" is null.
   at: get_tree (scene/main/node.h:446)
SCRIPT ERROR: Invalid access to property or key 'current_scene' on a base object of type 'null instance'.
          at: _on_tree_changed (res://scripts/autoload/black_metal_effects_manager.gd:151)
ERROR: Parameter "data.tree" is null.
   at: get_tree (scene/main/node.h:446)
SCRIPT ERROR: Invalid access to property or key 'current_scene' on a base object of type 'null instance'.
          at: _on_tree_changed (res://scripts/autoload/flashbang_player_effects_manager.gd:232)
ERROR: Parameter "data.tree" is null.
   at: get_tree (scene/main/node.h:446)
SCRIPT ERROR: Invalid access to property or key 'current_scene' on a base object of type 'null instance'.
          at: _on_tree_changed (res://scripts/autoload/persist_manager.gd:290)
ERROR: Parameter "data.tree" is null.
   at: get_tree (scene/main/node.h:446)
SCRIPT ERROR: Invalid access to property or key 'current_scene' on a base object of type 'null instance'.
          at: _on_tree_changed (res://scripts/autoload/penultimate_hit_effects_manager.gd:551)
ERROR: Parameter "data.tree" is null.
   at: get_tree (scene/main/node.h:446)
SCRIPT ERROR: Invalid access to property or key 'current_scene' on a base object of type 'null instance'.
          at: _on_tree_changed (res://scripts/autoload/last_chance_effects_manager.gd:1418)
ERROR: Parameter "data.tree" is null.
   at: get_tree (scene/main/node.h:446)
SCRIPT ERROR: Invalid access to property or key 'current_scene' on a base object of type 'null instance'.
          at: _on_tree_changed (res://scripts/autoload/cinema_effects_manager.gd:661)
ERROR: Parameter "data.tree" is null.
   at: get_tree (scene/main/node.h:446)
SCRIPT ERROR: Invalid access to property or key 'current_scene' on a base object of type 'null instance'.
          at: _on_tree_changed (res://scripts/autoload/power_fantasy_effects_manager.gd:230)
ERROR: Parameter "data.tree" is null.
   at: get_tree (scene/main/node.h:446)
SCRIPT ERROR: Invalid access to property or key 'current_scene' on a base object of type 'null instance'.
          at: _on_tree_changed (res://scripts/autoload/black_metal_effects_manager.gd:151)
ERROR: Parameter "data.tree" is null.
   at: get_tree (scene/main/node.h:446)
SCRIPT ERROR: Invalid access to property or key 'current_scene' on a base object of type 'null instance'.
          at: _on_tree_changed (res://scripts/autoload/flashbang_player_effects_manager.gd:232)
ERROR: Parameter "data.tree" is null.
   at: get_tree (scene/main/node.h:446)
SCRIPT ERROR: Invalid access to property or key 'current_scene' on a base object of type 'null instance'.
          at: _on_tree_changed (res://scripts/autoload/persist_manager.gd:290)
ERROR: Parameter "data.tree" is null.
   at: get_tree (scene/main/node.h:446)
SCRIPT ERROR: Invalid access to property or key 'current_scene' on a base object of type 'null instance'.
          at: _on_tree_changed (res://scripts/autoload/impact_effects_manager.gd:1054)
ERROR: Parameter "data.tree" is null.
   at: get_tree (scene/main/node.h:446)
SCRIPT ERROR: Invalid access to property or key 'current_scene' on a base object of type 'null instance'.
          at: _on_tree_changed (res://scripts/autoload/penultimate_hit_effects_manager.gd:551)
ERROR: Parameter "data.tree" is null.
   at: get_tree (scene/main/node.h:446)
SCRIPT ERROR: Invalid access to property or key 'current_scene' on a base object of type 'null instance'.
          at: _on_tree_changed (res://scripts/autoload/last_chance_effects_manager.gd:1418)
ERROR: Parameter "data.tree" is null.
   at: get_tree (scene/main/node.h:446)
SCRIPT ERROR: Invalid access to property or key 'current_scene' on a base object of type 'null instance'.
          at: _on_tree_changed (res://scripts/autoload/cinema_effects_manager.gd:661)
ERROR: Parameter "data.tree" is null.
   at: get_tree (scene/main/node.h:446)
SCRIPT ERROR: Invalid access to property or key 'current_scene' on a base object of type 'null instance'.
          at: _on_tree_changed (res://scripts/autoload/power_fantasy_effects_manager.gd:230)
ERROR: Parameter "data.tree" is null.
   at: get_tree (scene/main/node.h:446)
SCRIPT ERROR: Invalid access to property or key 'current_scene' on a base object of type 'null instance'.
          at: _on_tree_changed (res://scripts/autoload/black_metal_effects_manager.gd:151)
ERROR: Parameter "data.tree" is null.
   at: get_tree (scene/main/node.h:446)
SCRIPT ERROR: Invalid access to property or key 'current_scene' on a base object of type 'null instance'.
          at: _on_tree_changed (res://scripts/autoload/flashbang_player_effects_manager.gd:232)
ERROR: Parameter "data.tree" is null.
   at: get_tree (scene/main/node.h:446)
SCRIPT ERROR: Invalid access to property or key 'current_scene' on a base object of type 'null instance'.
          at: _on_tree_changed (res://scripts/autoload/persist_manager.gd:290)
ERROR: Parameter "data.tree" is null.
   at: get_tree (scene/main/node.h:446)
SCRIPT ERROR: Invalid access to property or key 'current_scene' on a base object of type 'null instance'.
          at: _on_tree_changed (res://scripts/autoload/impact_effects_manager.gd:1054)
ERROR: Parameter "data.tree" is null.
   at: get_tree (scene/main/node.h:446)
SCRIPT ERROR: Invalid access to property or key 'current_scene' on a base object of type 'null instance'.
          at: _on_tree_changed (res://scripts/autoload/penultimate_hit_effects_manager.gd:551)
ERROR: Parameter "data.tree" is null.
   at: get_tree (scene/main/node.h:446)
SCRIPT ERROR: Invalid access to property or key 'current_scene' on a base object of type 'null instance'.
          at: _on_tree_changed (res://scripts/autoload/last_chance_effects_manager.gd:1418)
ERROR: Parameter "data.tree" is null.
   at: get_tree (scene/main/node.h:446)
SCRIPT ERROR: Invalid access to property or key 'current_scene' on a base object of type 'null instance'.
          at: _on_tree_changed (res://scripts/autoload/cinema_effects_manager.gd:661)
ERROR: Parameter "data.tree" is null.
   at: get_tree (scene/main/node.h:446)
SCRIPT ERROR: Invalid access to property or key 'current_scene' on a base object of type 'null instance'.
          at: _on_tree_changed (res://scripts/autoload/power_fantasy_effects_manager.gd:230)
ERROR: Parameter "data.tree" is null.
   at: get_tree (scene/main/node.h:446)
SCRIPT ERROR: Invalid access to property or key 'current_scene' on a base object of type 'null instance'.
          at: _on_tree_changed (res://scripts/autoload/black_metal_effects_manager.gd:151)
ERROR: Parameter "data.tree" is null.
   at: get_tree (scene/main/node.h:446)
SCRIPT ERROR: Invalid access to property or key 'current_scene' on a base object of type 'null instance'.
          at: _on_tree_changed (res://scripts/autoload/flashbang_player_effects_manager.gd:232)
ERROR: Parameter "data.tree" is null.
   at: get_tree (scene/main/node.h:446)
SCRIPT ERROR: Invalid access to property or key 'current_scene' on a base object of type 'null instance'.
          at: _on_tree_changed (res://scripts/autoload/persist_manager.gd:290)
ERROR: Parameter "data.tree" is null.
   at: get_tree (scene/main/node.h:446)
SCRIPT ERROR: Invalid access to property or key 'current_scene' on a base object of type 'null instance'.
          at: _on_tree_changed (res://scripts/autoload/screen_shake_manager.gd:171)
ERROR: Parameter "data.tree" is null.
   at: get_tree (scene/main/node.h:446)
SCRIPT ERROR: Invalid access to property or key 'current_scene' on a base object of type 'null instance'.
          at: _on_tree_changed (res://scripts/autoload/impact_effects_manager.gd:1054)
ERROR: Parameter "data.tree" is null.
   at: get_tree (scene/main/node.h:446)
SCRIPT ERROR: Invalid access to property or key 'current_scene' on a base object of type 'null instance'.
          at: _on_tree_changed (res://scripts/autoload/penultimate_hit_effects_manager.gd:551)
ERROR: Parameter "data.tree" is null.
   at: get_tree (scene/main/node.h:446)
SCRIPT ERROR: Invalid access to property or key 'current_scene' on a base object of type 'null instance'.
          at: _on_tree_changed (res://scripts/autoload/last_chance_effects_manager.gd:1418)
ERROR: Parameter "data.tree" is null.
   at: get_tree (scene/main/node.h:446)
SCRIPT ERROR: Invalid access to property or key 'current_scene' on a base object of type 'null instance'.
          at: _on_tree_changed (res://scripts/autoload/cinema_effects_manager.gd:661)
ERROR: Parameter "data.tree" is null.
   at: get_tree (scene/main/node.h:446)
SCRIPT ERROR: Invalid access to property or key 'current_scene' on a base object of type 'null instance'.
          at: _on_tree_changed (res://scripts/autoload/power_fantasy_effects_manager.gd:230)
ERROR: Parameter "data.tree" is null.
   at: get_tree (scene/main/node.h:446)
SCRIPT ERROR: Invalid access to property or key 'current_scene' on a base object of type 'null instance'.
          at: _on_tree_changed (res://scripts/autoload/black_metal_effects_manager.gd:151)
ERROR: Parameter "data.tree" is null.
   at: get_tree (scene/main/node.h:446)
SCRIPT ERROR: Invalid access to property or key 'current_scene' on a base object of type 'null instance'.
          at: _on_tree_changed (res://scripts/autoload/flashbang_player_effects_manager.gd:232)
ERROR: Parameter "data.tree" is null.
   at: get_tree (scene/main/node.h:446)
SCRIPT ERROR: Invalid access to property or key 'current_scene' on a base object of type 'null instance'.
          at: _on_tree_changed (res://scripts/autoload/persist_manager.gd:290)
ERROR: Parameter "data.tree" is null.
   at: get_tree (scene/main/node.h:446)
SCRIPT ERROR: Invalid access to property or key 'current_scene' on a base object of type 'null instance'.
          at: _on_tree_changed (res://scripts/autoload/screen_shake_manager.gd:171)
ERROR: Parameter "data.tree" is null.
   at: get_tree (scene/main/node.h:446)
SCRIPT ERROR: Invalid access to property or key 'current_scene' on a base object of type 'null instance'.
          at: _on_tree_changed (res://scripts/autoload/impact_effects_manager.gd:1054)
ERROR: Parameter "data.tree" is null.
   at: get_tree (scene/main/node.h:446)
SCRIPT ERROR: Invalid access to property or key 'current_scene' on a base object of type 'null instance'.
          at: _on_tree_changed (res://scripts/autoload/penultimate_hit_effects_manager.gd:551)
ERROR: Parameter "data.tree" is null.
   at: get_tree (scene/main/node.h:446)
SCRIPT ERROR: Invalid access to property or key 'current_scene' on a base object of type 'null instance'.
          at: _on_tree_changed (res://scripts/autoload/last_chance_effects_manager.gd:1418)
ERROR: Parameter "data.tree" is null.
   at: get_tree (scene/main/node.h:446)
SCRIPT ERROR: Invalid access to property or key 'current_scene' on a base object of type 'null instance'.
          at: _on_tree_changed (res://scripts/autoload/cinema_effects_manager.gd:661)
ERROR: Parameter "data.tree" is null.
   at: get_tree (scene/main/node.h:446)
SCRIPT ERROR: Invalid access to property or key 'current_scene' on a base object of type 'null instance'.
          at: _on_tree_changed (res://scripts/autoload/power_fantasy_effects_manager.gd:230)
ERROR: Parameter "data.tree" is null.
   at: get_tree (scene/main/node.h:446)
SCRIPT ERROR: Invalid access to property or key 'current_scene' on a base object of type 'null instance'.
          at: _on_tree_changed (res://scripts/autoload/black_metal_effects_manager.gd:151)
ERROR: Parameter "data.tree" is null.
   at: get_tree (scene/main/node.h:446)
SCRIPT ERROR: Invalid access to property or key 'current_scene' on a base object of type 'null instance'.
          at: _on_tree_changed (res://scripts/autoload/flashbang_player_effects_manager.gd:232)
ERROR: Parameter "data.tree" is null.
   at: get_tree (scene/main/node.h:446)
SCRIPT ERROR: Invalid access to property or key 'current_scene' on a base object of type 'null instance'.
          at: _on_tree_changed (res://scripts/autoload/persist_manager.gd:290)
ERROR: Parameter "data.tree" is null.
   at: get_tree (scene/main/node.h:446)
SCRIPT ERROR: Invalid access to property or key 'current_scene' on a base object of type 'null instance'.
          at: _on_tree_changed (res://scripts/autoload/screen_shake_manager.gd:171)
ERROR: Parameter "data.tree" is null.
   at: get_tree (scene/main/node.h:446)
SCRIPT ERROR: Invalid access to property or key 'current_scene' on a base object of type 'null instance'.
          at: _on_tree_changed (res://scripts/autoload/impact_effects_manager.gd:1054)
ERROR: Parameter "data.tree" is null.
   at: get_tree (scene/main/node.h:446)
SCRIPT ERROR: Invalid access to property or key 'current_scene' on a base object of type 'null instance'.
          at: _on_tree_changed (res://scripts/autoload/penultimate_hit_effects_manager.gd:551)
ERROR: Parameter "data.tree" is null.
   at: get_tree (scene/main/node.h:446)
SCRIPT ERROR: Invalid access to property or key 'current_scene' on a base object of type 'null instance'.
          at: _on_tree_changed (res://scripts/autoload/last_chance_effects_manager.gd:1418)
ERROR: Parameter "data.tree" is null.
   at: get_tree (scene/main/node.h:446)
SCRIPT ERROR: Invalid access to property or key 'current_scene' on a base object of type 'null instance'.
          at: _on_tree_changed (res://scripts/autoload/cinema_effects_manager.gd:661)
ERROR: Parameter "data.tree" is null.
   at: get_tree (scene/main/node.h:446)
SCRIPT ERROR: Invalid access to property or key 'current_scene' on a base object of type 'null instance'.
          at: _on_tree_changed (res://scripts/autoload/power_fantasy_effects_manager.gd:230)
ERROR: Parameter "data.tree" is null.
   at: get_tree (scene/main/node.h:446)
SCRIPT ERROR: Invalid access to property or key 'current_scene' on a base object of type 'null instance'.
          at: _on_tree_changed (res://scripts/autoload/black_metal_effects_manager.gd:151)
ERROR: Parameter "data.tree" is null.
   at: get_tree (scene/main/node.h:446)
SCRIPT ERROR: Invalid access to property or key 'current_scene' on a base object of type 'null instance'.
          at: _on_tree_changed (res://scripts/autoload/flashbang_player_effects_manager.gd:232)
ERROR: Parameter "data.tree" is null.
   at: get_tree (scene/main/node.h:446)
SCRIPT ERROR: Invalid access to property or key 'current_scene' on a base object of type 'null instance'.
          at: _on_tree_changed (res://scripts/autoload/persist_manager.gd:290)
ERROR: Parameter "data.tree" is null.
   at: get_tree (scene/main/node.h:446)
SCRIPT ERROR: Invalid access to property or key 'current_scene' on a base object of type 'null instance'.
          at: _on_tree_changed (res://scripts/autoload/screen_shake_manager.gd:171)
ERROR: Parameter "data.tree" is null.
   at: get_tree (scene/main/node.h:446)
SCRIPT ERROR: Invalid access to property or key 'current_scene' on a base object of type 'null instance'.
          at: _on_tree_changed (res://scripts/autoload/impact_effects_manager.gd:1054)
ERROR: Parameter "data.tree" is null.
   at: get_tree (scene/main/node.h:446)
SCRIPT ERROR: Invalid access to property or key 'current_scene' on a base object of type 'null instance'.
          at: _on_tree_changed (res://scripts/autoload/penultimate_hit_effects_manager.gd:551)
ERROR: Parameter "data.tree" is null.
   at: get_tree (scene/main/node.h:446)
SCRIPT ERROR: Invalid access to property or key 'current_scene' on a base object of type 'null instance'.
          at: _on_tree_changed (res://scripts/autoload/last_chance_effects_manager.gd:1418)
ERROR: Parameter "data.tree" is null.
   at: get_tree (scene/main/node.h:446)
SCRIPT ERROR: Invalid access to property or key 'current_scene' on a base object of type 'null instance'.
          at: _on_tree_changed (res://scripts/autoload/cinema_effects_manager.gd:661)
ERROR: Parameter "data.tree" is null.
   at: get_tree (scene/main/node.h:446)
SCRIPT ERROR: Invalid access to property or key 'current_scene' on a base object of type 'null instance'.
          at: _on_tree_changed (res://scripts/autoload/power_fantasy_effects_manager.gd:230)
ERROR: Parameter "data.tree" is null.
   at: get_tree (scene/main/node.h:446)
SCRIPT ERROR: Invalid access to property or key 'current_scene' on a base object of type 'null instance'.
          at: _on_tree_changed (res://scripts/autoload/black_metal_effects_manager.gd:151)
ERROR: Parameter "data.tree" is null.
   at: get_tree (scene/main/node.h:446)
SCRIPT ERROR: Invalid access to property or key 'current_scene' on a base object of type 'null instance'.
          at: _on_tree_changed (res://scripts/autoload/flashbang_player_effects_manager.gd:232)
ERROR: Parameter "data.tree" is null.
   at: get_tree (scene/main/node.h:446)
SCRIPT ERROR: Invalid access to property or key 'current_scene' on a base object of type 'null instance'.
          at: _on_tree_changed (res://scripts/autoload/persist_manager.gd:290)
ERROR: Parameter "data.tree" is null.
   at: get_tree (scene/main/node.h:446)
SCRIPT ERROR: Invalid access to property or key 'current_scene' on a base object of type 'null instance'.
          at: _on_tree_changed (res://scripts/autoload/screen_shake_manager.gd:171)
ERROR: Parameter "data.tree" is null.
   at: get_tree (scene/main/node.h:446)
SCRIPT ERROR: Invalid access to property or key 'current_scene' on a base object of type 'null instance'.
          at: _on_tree_changed (res://scripts/autoload/impact_effects_manager.gd:1054)
ERROR: Parameter "data.tree" is null.
   at: get_tree (scene/main/node.h:446)
SCRIPT ERROR: Invalid access to property or key 'current_scene' on a base object of type 'null instance'.
          at: _on_tree_changed (res://scripts/autoload/penultimate_hit_effects_manager.gd:551)
ERROR: Parameter "data.tree" is null.
   at: get_tree (scene/main/node.h:446)
SCRIPT ERROR: Invalid access to property or key 'current_scene' on a base object of type 'null instance'.
          at: _on_tree_changed (res://scripts/autoload/last_chance_effects_manager.gd:1418)
ERROR: Parameter "data.tree" is null.
   at: get_tree (scene/main/node.h:446)
SCRIPT ERROR: Invalid access to property or key 'current_scene' on a base object of type 'null instance'.
          at: _on_tree_changed (res://scripts/autoload/cinema_effects_manager.gd:661)
ERROR: Parameter "data.tree" is null.
   at: get_tree (scene/main/node.h:446)
SCRIPT ERROR: Invalid access to property or key 'current_scene' on a base object of type 'null instance'.
          at: _on_tree_changed (res://scripts/autoload/power_fantasy_effects_manager.gd:230)
ERROR: Parameter "data.tree" is null.
   at: get_tree (scene/main/node.h:446)
SCRIPT ERROR: Invalid access to property or key 'current_scene' on a base object of type 'null instance'.
          at: _on_tree_changed (res://scripts/autoload/black_metal_effects_manager.gd:151)
ERROR: Parameter "data.tree" is null.
   at: get_tree (scene/main/node.h:446)
SCRIPT ERROR: Invalid access to property or key 'current_scene' on a base object of type 'null instance'.
          at: _on_tree_changed (res://scripts/autoload/flashbang_player_effects_manager.gd:232)
ERROR: Parameter "data.tree" is null.
   at: get_tree (scene/main/node.h:446)
SCRIPT ERROR: Invalid access to property or key 'current_scene' on a base object of type 'null instance'.
          at: _on_tree_changed (res://scripts/autoload/persist_manager.gd:290)
ERROR: Parameter "data.tree" is null.
   at: get_tree (scene/main/node.h:446)
SCRIPT ERROR: Invalid access to property or key 'current_scene' on a base object of type 'null instance'.
          at: _on_tree_changed (res://scripts/autoload/screen_shake_manager.gd:171)
ERROR: Parameter "data.tree" is null.
   at: get_tree (scene/main/node.h:446)
SCRIPT ERROR: Invalid access to property or key 'current_scene' on a base object of type 'null instance'.
          at: _on_tree_changed (res://scripts/autoload/impact_effects_manager.gd:1054)
ERROR: Parameter "data.tree" is null.
   at: get_tree (scene/main/node.h:446)
SCRIPT ERROR: Invalid access to property or key 'current_scene' on a base object of type 'null instance'.
          at: _on_tree_changed (res://scripts/autoload/penultimate_hit_effects_manager.gd:551)
ERROR: Parameter "data.tree" is null.
   at: get_tree (scene/main/node.h:446)
SCRIPT ERROR: Invalid access to property or key 'current_scene' on a base object of type 'null instance'.
          at: _on_tree_changed (res://scripts/autoload/last_chance_effects_manager.gd:1418)
ERROR: Parameter "data.tree" is null.
   at: get_tree (scene/main/node.h:446)
SCRIPT ERROR: Invalid access to property or key 'current_scene' on a base object of type 'null instance'.
          at: _on_tree_changed (res://scripts/autoload/cinema_effects_manager.gd:661)
ERROR: Parameter "data.tree" is null.
   at: get_tree (scene/main/node.h:446)
SCRIPT ERROR: Invalid access to property or key 'current_scene' on a base object of type 'null instance'.
          at: _on_tree_changed (res://scripts/autoload/power_fantasy_effects_manager.gd:230)
ERROR: Parameter "data.tree" is null.
   at: get_tree (scene/main/node.h:446)
SCRIPT ERROR: Invalid access to property or key 'current_scene' on a base object of type 'null instance'.
          at: _on_tree_changed (res://scripts/autoload/black_metal_effects_manager.gd:151)
ERROR: Parameter "data.tree" is null.
   at: get_tree (scene/main/node.h:446)
SCRIPT ERROR: Invalid access to property or key 'current_scene' on a base object of type 'null instance'.
          at: _on_tree_changed (res://scripts/autoload/flashbang_player_effects_manager.gd:232)
ERROR: Parameter "data.tree" is null.
   at: get_tree (scene/main/node.h:446)
SCRIPT ERROR: Invalid access to property or key 'current_scene' on a base object of type 'null instance'.
          at: _on_tree_changed (res://scripts/autoload/persist_manager.gd:290)
ERROR: Parameter "data.tree" is null.
   at: get_tree (scene/main/node.h:446)
SCRIPT ERROR: Invalid access to property or key 'current_scene' on a base object of type 'null instance'.
          at: _on_tree_changed (res://scripts/autoload/screen_shake_manager.gd:171)
ERROR: Parameter "data.tree" is null.
   at: get_tree (scene/main/node.h:446)
SCRIPT ERROR: Invalid access to property or key 'current_scene' on a base object of type 'null instance'.
          at: _on_tree_changed (res://scripts/autoload/impact_effects_manager.gd:1054)
ERROR: Parameter "data.tree" is null.
   at: get_tree (scene/main/node.h:446)
SCRIPT ERROR: Invalid access to property or key 'current_scene' on a base object of type 'null instance'.
          at: _on_tree_changed (res://scripts/autoload/penultimate_hit_effects_manager.gd:551)
ERROR: Parameter "data.tree" is null.
   at: get_tree (scene/main/node.h:446)
SCRIPT ERROR: Invalid access to property or key 'current_scene' on a base object of type 'null instance'.
          at: _on_tree_changed (res://scripts/autoload/last_chance_effects_manager.gd:1418)
ERROR: Parameter "data.tree" is null.
   at: get_tree (scene/main/node.h:446)
SCRIPT ERROR: Invalid access to property or key 'current_scene' on a base object of type 'null instance'.
          at: _on_tree_changed (res://scripts/autoload/cinema_effects_manager.gd:661)
ERROR: Parameter "data.tree" is null.
   at: get_tree (scene/main/node.h:446)
SCRIPT ERROR: Invalid access to property or key 'current_scene' on a base object of type 'null instance'.
          at: _on_tree_changed (res://scripts/autoload/power_fantasy_effects_manager.gd:230)
ERROR: Parameter "data.tree" is null.
   at: get_tree (scene/main/node.h:446)
SCRIPT ERROR: Invalid access to property or key 'current_scene' on a base object of type 'null instance'.
          at: _on_tree_changed (res://scripts/autoload/black_metal_effects_manager.gd:151)
ERROR: Parameter "data.tree" is null.
   at: get_tree (scene/main/node.h:446)
SCRIPT ERROR: Invalid access to property or key 'current_scene' on a base object of type 'null instance'.
          at: _on_tree_changed (res://scripts/autoload/flashbang_player_effects_manager.gd:232)
ERROR: Parameter "data.tree" is null.
   at: get_tree (scene/main/node.h:446)
SCRIPT ERROR: Invalid access to property or key 'current_scene' on a base object of type 'null instance'.
          at: _on_tree_changed (res://scripts/autoload/persist_manager.gd:290)
ERROR: Parameter "data.tree" is null.
   at: get_tree (scene/main/node.h:446)
SCRIPT ERROR: Invalid access to property or key 'current_scene' on a base object of type 'null instance'.
          at: _on_tree_changed (res://scripts/autoload/screen_shake_manager.gd:171)
ERROR: Parameter "data.tree" is null.
   at: get_tree (scene/main/node.h:446)
SCRIPT ERROR: Invalid access to property or key 'current_scene' on a base object of type 'null instance'.
          at: _on_tree_changed (res://scripts/autoload/impact_effects_manager.gd:1054)
ERROR: Parameter "data.tree" is null.
   at: get_tree (scene/main/node.h:446)
SCRIPT ERROR: Invalid access to property or key 'current_scene' on a base object of type 'null instance'.
          at: _on_tree_changed (res://scripts/autoload/penultimate_hit_effects_manager.gd:551)
ERROR: Parameter "data.tree" is null.
   at: get_tree (scene/main/node.h:446)
SCRIPT ERROR: Invalid access to property or key 'current_scene' on a base object of type 'null instance'.
          at: _on_tree_changed (res://scripts/autoload/last_chance_effects_manager.gd:1418)
ERROR: Parameter "data.tree" is null.
   at: get_tree (scene/main/node.h:446)
SCRIPT ERROR: Invalid access to property or key 'current_scene' on a base object of type 'null instance'.
          at: _on_tree_changed (res://scripts/autoload/cinema_effects_manager.gd:661)
ERROR: Parameter "data.tree" is null.
   at: get_tree (scene/main/node.h:446)
SCRIPT ERROR: Invalid access to property or key 'current_scene' on a base object of type 'null instance'.
          at: _on_tree_changed (res://scripts/autoload/power_fantasy_effects_manager.gd:230)
ERROR: Parameter "data.tree" is null.
   at: get_tree (scene/main/node.h:446)
SCRIPT ERROR: Invalid access to property or key 'current_scene' on a base object of type 'null instance'.
          at: _on_tree_changed (res://scripts/autoload/black_metal_effects_manager.gd:151)
ERROR: Parameter "data.tree" is null.
   at: get_tree (scene/main/node.h:446)
SCRIPT ERROR: Invalid access to property or key 'current_scene' on a base object of type 'null instance'.
          at: _on_tree_changed (res://scripts/autoload/flashbang_player_effects_manager.gd:232)
ERROR: Parameter "data.tree" is null.
   at: get_tree (scene/main/node.h:446)
SCRIPT ERROR: Invalid access to property or key 'current_scene' on a base object of type 'null instance'.
          at: _on_tree_changed (res://scripts/autoload/persist_manager.gd:290)
ERROR: Parameter "data.tree" is null.
   at: get_tree (scene/main/node.h:446)
SCRIPT ERROR: Invalid access to property or key 'current_scene' on a base object of type 'null instance'.
          at: _on_tree_changed (res://scripts/autoload/screen_shake_manager.gd:171)
ERROR: Parameter "data.tree" is null.
   at: get_tree (scene/main/node.h:446)
SCRIPT ERROR: Invalid access to property or key 'current_scene' on a base object of type 'null instance'.
          at: _on_tree_changed (res://scripts/autoload/impact_effects_manager.gd:1054)
ERROR: Parameter "data.tree" is null.
   at: get_tree (scene/main/node.h:446)
SCRIPT ERROR: Invalid access to property or key 'current_scene' on a base object of type 'null instance'.
          at: _on_tree_changed (res://scripts/autoload/penultimate_hit_effects_manager.gd:551)
ERROR: Parameter "data.tree" is null.
   at: get_tree (scene/main/node.h:446)
SCRIPT ERROR: Invalid access to property or key 'current_scene' on a base object of type 'null instance'.
          at: _on_tree_changed (res://scripts/autoload/last_chance_effects_manager.gd:1418)
ERROR: Parameter "data.tree" is null.
   at: get_tree (scene/main/node.h:446)
SCRIPT ERROR: Invalid access to property or key 'current_scene' on a base object of type 'null instance'.
          at: _on_tree_changed (res://scripts/autoload/cinema_effects_manager.gd:661)
ERROR: Parameter "data.tree" is null.
   at: get_tree (scene/main/node.h:446)
SCRIPT ERROR: Invalid access to property or key 'current_scene' on a base object of type 'null instance'.
          at: _on_tree_changed (res://scripts/autoload/power_fantasy_effects_manager.gd:230)
ERROR: Parameter "data.tree" is null.
   at: get_tree (scene/main/node.h:446)
SCRIPT ERROR: Invalid access to property or key 'current_scene' on a base object of type 'null instance'.
          at: _on_tree_changed (res://scripts/autoload/black_metal_effects_manager.gd:151)
ERROR: Parameter "data.tree" is null.
   at: get_tree (scene/main/node.h:446)
SCRIPT ERROR: Invalid access to property or key 'current_scene' on a base object of type 'null instance'.
          at: _on_tree_changed (res://scripts/autoload/flashbang_player_effects_manager.gd:232)
ERROR: Parameter "data.tree" is null.
   at: get_tree (scene/main/node.h:446)
SCRIPT ERROR: Invalid access to property or key 'current_scene' on a base object of type 'null instance'.
          at: _on_tree_changed (res://scripts/autoload/persist_manager.gd:290)
ERROR: Parameter "data.tree" is null.
   at: get_tree (scene/main/node.h:446)
SCRIPT ERROR: Invalid access to property or key 'current_scene' on a base object of type 'null instance'.
          at: _on_tree_changed (res://scripts/autoload/screen_shake_manager.gd:171)
ERROR: Parameter "data.tree" is null.
   at: get_tree (scene/main/node.h:446)
SCRIPT ERROR: Invalid access to property or key 'current_scene' on a base object of type 'null instance'.
          at: _on_tree_changed (res://scripts/autoload/impact_effects_manager.gd:1054)
ERROR: Parameter "data.tree" is null.
   at: get_tree (scene/main/node.h:446)
SCRIPT ERROR: Invalid access to property or key 'current_scene' on a base object of type 'null instance'.
          at: _on_tree_changed (res://scripts/autoload/penultimate_hit_effects_manager.gd:551)
ERROR: Parameter "data.tree" is null.
   at: get_tree (scene/main/node.h:446)
SCRIPT ERROR: Invalid access to property or key 'current_scene' on a base object of type 'null instance'.
          at: _on_tree_changed (res://scripts/autoload/last_chance_effects_manager.gd:1418)
ERROR: Parameter "data.tree" is null.
   at: get_tree (scene/main/node.h:446)
SCRIPT ERROR: Invalid access to property or key 'current_scene' on a base object of type 'null instance'.
          at: _on_tree_changed (res://scripts/autoload/cinema_effects_manager.gd:661)
ERROR: Parameter "data.tree" is null.
   at: get_tree (scene/main/node.h:446)
SCRIPT ERROR: Invalid access to property or key 'current_scene' on a base object of type 'null instance'.
          at: _on_tree_changed (res://scripts/autoload/power_fantasy_effects_manager.gd:230)
ERROR: Parameter "data.tree" is null.
   at: get_tree (scene/main/node.h:446)
SCRIPT ERROR: Invalid access to property or key 'current_scene' on a base object of type 'null instance'.
          at: _on_tree_changed (res://scripts/autoload/black_metal_effects_manager.gd:151)
ERROR: Parameter "data.tree" is null.
   at: get_tree (scene/main/node.h:446)
SCRIPT ERROR: Invalid access to property or key 'current_scene' on a base object of type 'null instance'.
          at: _on_tree_changed (res://scripts/autoload/flashbang_player_effects_manager.gd:232)
ERROR: Parameter "data.tree" is null.
   at: get_tree (scene/main/node.h:446)
SCRIPT ERROR: Invalid access to property or key 'current_scene' on a base object of type 'null instance'.
          at: _on_tree_changed (res://scripts/autoload/persist_manager.gd:290)
ERROR: Parameter "data.tree" is null.
   at: get_tree (scene/main/node.h:446)
SCRIPT ERROR: Invalid access to property or key 'current_scene' on a base object of type 'null instance'.
          at: _on_tree_changed (res://scripts/autoload/screen_shake_manager.gd:171)
ERROR: Parameter "data.tree" is null.
   at: get_tree (scene/main/node.h:446)
SCRIPT ERROR: Invalid access to property or key 'current_scene' on a base object of type 'null instance'.
          at: _on_tree_changed (res://scripts/autoload/impact_effects_manager.gd:1054)
ERROR: Parameter "data.tree" is null.
   at: get_tree (scene/main/node.h:446)
SCRIPT ERROR: Invalid access to property or key 'current_scene' on a base object of type 'null instance'.
          at: _on_tree_changed (res://scripts/autoload/penultimate_hit_effects_manager.gd:551)
ERROR: Parameter "data.tree" is null.
   at: get_tree (scene/main/node.h:446)
SCRIPT ERROR: Invalid access to property or key 'current_scene' on a base object of type 'null instance'.
          at: _on_tree_changed (res://scripts/autoload/last_chance_effects_manager.gd:1418)
ERROR: Parameter "data.tree" is null.
   at: get_tree (scene/main/node.h:446)
SCRIPT ERROR: Invalid access to property or key 'current_scene' on a base object of type 'null instance'.
          at: _on_tree_changed (res://scripts/autoload/cinema_effects_manager.gd:661)
ERROR: Parameter "data.tree" is null.
   at: get_tree (scene/main/node.h:446)
SCRIPT ERROR: Invalid access to property or key 'current_scene' on a base object of type 'null instance'.
          at: _on_tree_changed (res://scripts/autoload/power_fantasy_effects_manager.gd:230)
ERROR: Parameter "data.tree" is null.
   at: get_tree (scene/main/node.h:446)
SCRIPT ERROR: Invalid access to property or key 'current_scene' on a base object of type 'null instance'.
          at: _on_tree_changed (res://scripts/autoload/black_metal_effects_manager.gd:151)
ERROR: Parameter "data.tree" is null.
   at: get_tree (scene/main/node.h:446)
SCRIPT ERROR: Invalid access to property or key 'current_scene' on a base object of type 'null instance'.
          at: _on_tree_changed (res://scripts/autoload/flashbang_player_effects_manager.gd:232)
ERROR: Parameter "data.tree" is null.
   at: get_tree (scene/main/node.h:446)
SCRIPT ERROR: Invalid access to property or key 'current_scene' on a base object of type 'null instance'.
          at: _on_tree_changed (res://scripts/autoload/persist_manager.gd:290)
ERROR: Parameter "data.tree" is null.
   at: get_tree (scene/main/node.h:446)
SCRIPT ERROR: Invalid access to property or key 'current_scene' on a base object of type 'null instance'.
          at: _on_tree_changed (res://scripts/autoload/screen_shake_manager.gd:171)
ERROR: Parameter "data.tree" is null.
   at: get_tree (scene/main/node.h:446)
SCRIPT ERROR: Invalid access to property or key 'current_scene' on a base object of type 'null instance'.
          at: _on_tree_changed (res://scripts/autoload/impact_effects_manager.gd:1054)
ERROR: Parameter "data.tree" is null.
   at: get_tree (scene/main/node.h:446)
SCRIPT ERROR: Invalid access to property or key 'current_scene' on a base object of type 'null instance'.
          at: _on_tree_changed (res://scripts/autoload/penultimate_hit_effects_manager.gd:551)
ERROR: Parameter "data.tree" is null.
   at: get_tree (scene/main/node.h:446)
SCRIPT ERROR: Invalid access to property or key 'current_scene' on a base object of type 'null instance'.
          at: _on_tree_changed (res://scripts/autoload/last_chance_effects_manager.gd:1418)
ERROR: Parameter "data.tree" is null.
   at: get_tree (scene/main/node.h:446)
SCRIPT ERROR: Invalid access to property or key 'current_scene' on a base object of type 'null instance'.
          at: _on_tree_changed (res://scripts/autoload/cinema_effects_manager.gd:661)
ERROR: Parameter "data.tree" is null.
   at: get_tree (scene/main/node.h:446)
SCRIPT ERROR: Invalid access to property or key 'current_scene' on a base object of type 'null instance'.
          at: _on_tree_changed (res://scripts/autoload/power_fantasy_effects_manager.gd:230)
ERROR: Parameter "data.tree" is null.
   at: get_tree (scene/main/node.h:446)
SCRIPT ERROR: Invalid access to property or key 'current_scene' on a base object of type 'null instance'.
          at: _on_tree_changed (res://scripts/autoload/black_metal_effects_manager.gd:151)
ERROR: Parameter "data.tree" is null.
   at: get_tree (scene/main/node.h:446)
SCRIPT ERROR: Invalid access to property or key 'current_scene' on a base object of type 'null instance'.
          at: _on_tree_changed (res://scripts/autoload/flashbang_player_effects_manager.gd:232)
ERROR: Parameter "data.tree" is null.
   at: get_tree (scene/main/node.h:446)
SCRIPT ERROR: Invalid access to property or key 'current_scene' on a base object of type 'null instance'.
          at: _on_tree_changed (res://scripts/autoload/persist_manager.gd:290)
ERROR: Parameter "data.tree" is null.
   at: get_tree (scene/main/node.h:446)
SCRIPT ERROR: Invalid access to property or key 'current_scene' on a base object of type 'null instance'.
          at: _on_tree_changed (res://scripts/autoload/screen_shake_manager.gd:171)
ERROR: Parameter "data.tree" is null.
   at: get_tree (scene/main/node.h:446)
SCRIPT ERROR: Invalid access to property or key 'current_scene' on a base object of type 'null instance'.
          at: _on_tree_changed (res://scripts/autoload/impact_effects_manager.gd:1054)
ERROR: Parameter "data.tree" is null.
   at: get_tree (scene/main/node.h:446)
SCRIPT ERROR: Invalid access to property or key 'current_scene' on a base object of type 'null instance'.
          at: _on_tree_changed (res://scripts/autoload/penultimate_hit_effects_manager.gd:551)
ERROR: Parameter "data.tree" is null.
   at: get_tree (scene/main/node.h:446)
SCRIPT ERROR: Invalid access to property or key 'current_scene' on a base object of type 'null instance'.
          at: _on_tree_changed (res://scripts/autoload/last_chance_effects_manager.gd:1418)
ERROR: Parameter "data.tree" is null.
   at: get_tree (scene/main/node.h:446)
SCRIPT ERROR: Invalid access to property or key 'current_scene' on a base object of type 'null instance'.
          at: _on_tree_changed (res://scripts/autoload/cinema_effects_manager.gd:661)
ERROR: Parameter "data.tree" is null.
   at: get_tree (scene/main/node.h:446)
SCRIPT ERROR: Invalid access to property or key 'current_scene' on a base object of type 'null instance'.
          at: _on_tree_changed (res://scripts/autoload/power_fantasy_effects_manager.gd:230)
ERROR: Parameter "data.tree" is null.
   at: get_tree (scene/main/node.h:446)
SCRIPT ERROR: Invalid access to property or key 'current_scene' on a base object of type 'null instance'.
          at: _on_tree_changed (res://scripts/autoload/black_metal_effects_manager.gd:151)
ERROR: Parameter "data.tree" is null.
   at: get_tree (scene/main/node.h:446)
SCRIPT ERROR: Invalid access to property or key 'current_scene' on a base object of type 'null instance'.
          at: _on_tree_changed (res://scripts/autoload/flashbang_player_effects_manager.gd:232)
ERROR: Parameter "data.tree" is null.
   at: get_tree (scene/main/node.h:446)
SCRIPT ERROR: Invalid access to property or key 'current_scene' on a base object of type 'null instance'.
          at: _on_tree_changed (res://scripts/autoload/persist_manager.gd:290)
ERROR: Parameter "data.tree" is null.
   at: get_tree (scene/main/node.h:446)
SCRIPT ERROR: Invalid access to property or key 'current_scene' on a base object of type 'null instance'.
          at: _on_tree_changed (res://scripts/autoload/screen_shake_manager.gd:171)
ERROR: Parameter "data.tree" is null.
   at: get_tree (scene/main/node.h:446)
SCRIPT ERROR: Invalid access to property or key 'current_scene' on a base object of type 'null instance'.
          at: _on_tree_changed (res://scripts/autoload/impact_effects_manager.gd:1054)
ERROR: Parameter "data.tree" is null.
   at: get_tree (scene/main/node.h:446)
SCRIPT ERROR: Invalid access to property or key 'current_scene' on a base object of type 'null instance'.
          at: _on_tree_changed (res://scripts/autoload/penultimate_hit_effects_manager.gd:551)
ERROR: Parameter "data.tree" is null.
   at: get_tree (scene/main/node.h:446)
SCRIPT ERROR: Invalid access to property or key 'current_scene' on a base object of type 'null instance'.
          at: _on_tree_changed (res://scripts/autoload/last_chance_effects_manager.gd:1418)
ERROR: Parameter "data.tree" is null.
   at: get_tree (scene/main/node.h:446)
SCRIPT ERROR: Invalid access to property or key 'current_scene' on a base object of type 'null instance'.
          at: _on_tree_changed (res://scripts/autoload/cinema_effects_manager.gd:661)
ERROR: Parameter "data.tree" is null.
   at: get_tree (scene/main/node.h:446)
SCRIPT ERROR: Invalid access to property or key 'current_scene' on a base object of type 'null instance'.
          at: _on_tree_changed (res://scripts/autoload/power_fantasy_effects_manager.gd:230)
ERROR: Parameter "data.tree" is null.
   at: get_tree (scene/main/node.h:446)
SCRIPT ERROR: Invalid access to property or key 'current_scene' on a base object of type 'null instance'.
          at: _on_tree_changed (res://scripts/autoload/black_metal_effects_manager.gd:151)
ERROR: Parameter "data.tree" is null.
   at: get_tree (scene/main/node.h:446)
SCRIPT ERROR: Invalid access to property or key 'current_scene' on a base object of type 'null instance'.
          at: _on_tree_changed (res://scripts/autoload/flashbang_player_effects_manager.gd:232)
ERROR: Parameter "data.tree" is null.
   at: get_tree (scene/main/node.h:446)
SCRIPT ERROR: Invalid access to property or key 'current_scene' on a base object of type 'null instance'.
          at: _on_tree_changed (res://scripts/autoload/persist_manager.gd:290)
ERROR: Parameter "data.tree" is null.
   at: get_tree (scene/main/node.h:446)
SCRIPT ERROR: Invalid access to property or key 'current_scene' on a base object of type 'null instance'.
          at: _on_tree_changed (res://scripts/autoload/screen_shake_manager.gd:171)
ERROR: Parameter "data.tree" is null.
   at: get_tree (scene/main/node.h:446)
SCRIPT ERROR: Invalid access to property or key 'current_scene' on a base object of type 'null instance'.
          at: _on_tree_changed (res://scripts/autoload/impact_effects_manager.gd:1054)
ERROR: Parameter "data.tree" is null.
   at: get_tree (scene/main/node.h:446)
SCRIPT ERROR: Invalid access to property or key 'current_scene' on a base object of type 'null instance'.
          at: _on_tree_changed (res://scripts/autoload/penultimate_hit_effects_manager.gd:551)
ERROR: Parameter "data.tree" is null.
   at: get_tree (scene/main/node.h:446)
SCRIPT ERROR: Invalid access to property or key 'current_scene' on a base object of type 'null instance'.
          at: _on_tree_changed (res://scripts/autoload/last_chance_effects_manager.gd:1418)
ERROR: Parameter "data.tree" is null.
   at: get_tree (scene/main/node.h:446)
SCRIPT ERROR: Invalid access to property or key 'current_scene' on a base object of type 'null instance'.
          at: _on_tree_changed (res://scripts/autoload/cinema_effects_manager.gd:661)
ERROR: Parameter "data.tree" is null.
   at: get_tree (scene/main/node.h:446)
SCRIPT ERROR: Invalid access to property or key 'current_scene' on a base object of type 'null instance'.
          at: _on_tree_changed (res://scripts/autoload/power_fantasy_effects_manager.gd:230)
ERROR: Parameter "data.tree" is null.
   at: get_tree (scene/main/node.h:446)
SCRIPT ERROR: Invalid access to property or key 'current_scene' on a base object of type 'null instance'.
          at: _on_tree_changed (res://scripts/autoload/black_metal_effects_manager.gd:151)
ERROR: Parameter "data.tree" is null.
   at: get_tree (scene/main/node.h:446)
SCRIPT ERROR: Invalid access to property or key 'current_scene' on a base object of type 'null instance'.
          at: _on_tree_changed (res://scripts/autoload/flashbang_player_effects_manager.gd:232)
ERROR: Parameter "data.tree" is null.
   at: get_tree (scene/main/node.h:446)
SCRIPT ERROR: Invalid access to property or key 'current_scene' on a base object of type 'null instance'.
          at: _on_tree_changed (res://scripts/autoload/persist_manager.gd:290)
ERROR: Parameter "data.tree" is null.
   at: get_tree (scene/main/node.h:446)
SCRIPT ERROR: Invalid access to property or key 'current_scene' on a base object of type 'null instance'.
          at: _on_tree_changed (res://scripts/autoload/screen_shake_manager.gd:171)
ERROR: Parameter "data.tree" is null.
   at: get_tree (scene/main/node.h:446)
SCRIPT ERROR: Invalid access to property or key 'current_scene' on a base object of type 'null instance'.
          at: _on_tree_changed (res://scripts/autoload/impact_effects_manager.gd:1054)
ERROR: Parameter "data.tree" is null.
   at: get_tree (scene/main/node.h:446)
SCRIPT ERROR: Invalid access to property or key 'current_scene' on a base object of type 'null instance'.
          at: _on_tree_changed (res://scripts/autoload/penultimate_hit_effects_manager.gd:551)
ERROR: Parameter "data.tree" is null.
   at: get_tree (scene/main/node.h:446)
SCRIPT ERROR: Invalid access to property or key 'current_scene' on a base object of type 'null instance'.
          at: _on_tree_changed (res://scripts/autoload/last_chance_effects_manager.gd:1418)
ERROR: Parameter "data.tree" is null.
   at: get_tree (scene/main/node.h:446)
SCRIPT ERROR: Invalid access to property or key 'current_scene' on a base object of type 'null instance'.
          at: _on_tree_changed (res://scripts/autoload/cinema_effects_manager.gd:661)
ERROR: Parameter "data.tree" is null.
   at: get_tree (scene/main/node.h:446)
SCRIPT ERROR: Invalid access to property or key 'current_scene' on a base object of type 'null instance'.
          at: _on_tree_changed (res://scripts/autoload/power_fantasy_effects_manager.gd:230)
ERROR: Parameter "data.tree" is null.
   at: get_tree (scene/main/node.h:446)
SCRIPT ERROR: Invalid access to property or key 'current_scene' on a base object of type 'null instance'.
          at: _on_tree_changed (res://scripts/autoload/black_metal_effects_manager.gd:151)
ERROR: Parameter "data.tree" is null.
   at: get_tree (scene/main/node.h:446)
SCRIPT ERROR: Invalid access to property or key 'current_scene' on a base object of type 'null instance'.
          at: _on_tree_changed (res://scripts/autoload/flashbang_player_effects_manager.gd:232)
ERROR: Parameter "data.tree" is null.
   at: get_tree (scene/main/node.h:446)
SCRIPT ERROR: Invalid access to property or key 'current_scene' on a base object of type 'null instance'.
          at: _on_tree_changed (res://scripts/autoload/persist_manager.gd:290)
ERROR: Parameter "data.tree" is null.
   at: get_tree (scene/main/node.h:446)
SCRIPT ERROR: Invalid access to property or key 'current_scene' on a base object of type 'null instance'.
          at: _on_tree_changed (res://scripts/autoload/screen_shake_manager.gd:171)
ERROR: Parameter "data.tree" is null.
   at: get_tree (scene/main/node.h:446)
SCRIPT ERROR: Invalid access to property or key 'current_scene' on a base object of type 'null instance'.
          at: _on_tree_changed (res://scripts/autoload/impact_effects_manager.gd:1054)
ERROR: Parameter "data.tree" is null.
   at: get_tree (scene/main/node.h:446)
SCRIPT ERROR: Invalid access to property or key 'current_scene' on a base object of type 'null instance'.
          at: _on_tree_changed (res://scripts/autoload/penultimate_hit_effects_manager.gd:551)
ERROR: Parameter "data.tree" is null.
   at: get_tree (scene/main/node.h:446)
SCRIPT ERROR: Invalid access to property or key 'current_scene' on a base object of type 'null instance'.
          at: _on_tree_changed (res://scripts/autoload/last_chance_effects_manager.gd:1418)
ERROR: Parameter "data.tree" is null.
   at: get_tree (scene/main/node.h:446)
SCRIPT ERROR: Invalid access to property or key 'current_scene' on a base object of type 'null instance'.
          at: _on_tree_changed (res://scripts/autoload/cinema_effects_manager.gd:661)
ERROR: Parameter "data.tree" is null.
   at: get_tree (scene/main/node.h:446)
SCRIPT ERROR: Invalid access to property or key 'current_scene' on a base object of type 'null instance'.
          at: _on_tree_changed (res://scripts/autoload/power_fantasy_effects_manager.gd:230)
ERROR: Parameter "data.tree" is null.
   at: get_tree (scene/main/node.h:446)
SCRIPT ERROR: Invalid access to property or key 'current_scene' on a base object of type 'null instance'.
          at: _on_tree_changed (res://scripts/autoload/black_metal_effects_manager.gd:151)
ERROR: Parameter "data.tree" is null.
   at: get_tree (scene/main/node.h:446)
SCRIPT ERROR: Invalid access to property or key 'current_scene' on a base object of type 'null instance'.
          at: _on_tree_changed (res://scripts/autoload/flashbang_player_effects_manager.gd:232)
ERROR: Parameter "data.tree" is null.
   at: get_tree (scene/main/node.h:446)
SCRIPT ERROR: Invalid access to property or key 'current_scene' on a base object of type 'null instance'.
          at: _on_tree_changed (res://scripts/autoload/persist_manager.gd:290)
ERROR: Parameter "data.tree" is null.
   at: get_tree (scene/main/node.h:446)
SCRIPT ERROR: Invalid access to property or key 'current_scene' on a base object of type 'null instance'.
          at: _on_tree_changed (res://scripts/autoload/screen_shake_manager.gd:171)
ERROR: Parameter "data.tree" is null.
   at: get_tree (scene/main/node.h:446)
SCRIPT ERROR: Invalid access to property or key 'current_scene' on a base object of type 'null instance'.
          at: _on_tree_changed (res://scripts/autoload/impact_effects_manager.gd:1054)
ERROR: Parameter "data.tree" is null.
   at: get_tree (scene/main/node.h:446)
SCRIPT ERROR: Invalid access to property or key 'current_scene' on a base object of type 'null instance'.
          at: _on_tree_changed (res://scripts/autoload/penultimate_hit_effects_manager.gd:551)
ERROR: Parameter "data.tree" is null.
   at: get_tree (scene/main/node.h:446)
SCRIPT ERROR: Invalid access to property or key 'current_scene' on a base object of type 'null instance'.
          at: _on_tree_changed (res://scripts/autoload/last_chance_effects_manager.gd:1418)
ERROR: Parameter "data.tree" is null.
   at: get_tree (scene/main/node.h:446)
SCRIPT ERROR: Invalid access to property or key 'current_scene' on a base object of type 'null instance'.
          at: _on_tree_changed (res://scripts/autoload/cinema_effects_manager.gd:661)
ERROR: Parameter "data.tree" is null.
   at: get_tree (scene/main/node.h:446)
SCRIPT ERROR: Invalid access to property or key 'current_scene' on a base object of type 'null instance'.
          at: _on_tree_changed (res://scripts/autoload/power_fantasy_effects_manager.gd:230)
ERROR: Parameter "data.tree" is null.
   at: get_tree (scene/main/node.h:446)
SCRIPT ERROR: Invalid access to property or key 'current_scene' on a base object of type 'null instance'.
          at: _on_tree_changed (res://scripts/autoload/black_metal_effects_manager.gd:151)
ERROR: Parameter "data.tree" is null.
   at: get_tree (scene/main/node.h:446)
SCRIPT ERROR: Invalid access to property or key 'current_scene' on a base object of type 'null instance'.
          at: _on_tree_changed (res://scripts/autoload/flashbang_player_effects_manager.gd:232)
ERROR: Parameter "data.tree" is null.
   at: get_tree (scene/main/node.h:446)
SCRIPT ERROR: Invalid access to property or key 'current_scene' on a base object of type 'null instance'.
          at: _on_tree_changed (res://scripts/autoload/persist_manager.gd:290)
ERROR: Parameter "data.tree" is null.
   at: get_tree (scene/main/node.h:446)
SCRIPT ERROR: Invalid access to property or key 'current_scene' on a base object of type 'null instance'.
          at: _on_tree_changed (res://scripts/autoload/screen_shake_manager.gd:171)
ERROR: Parameter "data.tree" is null.
   at: get_tree (scene/main/node.h:446)
SCRIPT ERROR: Invalid access to property or key 'current_scene' on a base object of type 'null instance'.
          at: _on_tree_changed (res://scripts/autoload/impact_effects_manager.gd:1054)
ERROR: Parameter "data.tree" is null.
   at: get_tree (scene/main/node.h:446)
SCRIPT ERROR: Invalid access to property or key 'current_scene' on a base object of type 'null instance'.
          at: _on_tree_changed (res://scripts/autoload/penultimate_hit_effects_manager.gd:551)
ERROR: Parameter "data.tree" is null.
   at: get_tree (scene/main/node.h:446)
SCRIPT ERROR: Invalid access to property or key 'current_scene' on a base object of type 'null instance'.
          at: _on_tree_changed (res://scripts/autoload/last_chance_effects_manager.gd:1418)
ERROR: Parameter "data.tree" is null.
   at: get_tree (scene/main/node.h:446)
SCRIPT ERROR: Invalid access to property or key 'current_scene' on a base object of type 'null instance'.
          at: _on_tree_changed (res://scripts/autoload/cinema_effects_manager.gd:661)
ERROR: Parameter "data.tree" is null.
   at: get_tree (scene/main/node.h:446)
SCRIPT ERROR: Invalid access to property or key 'current_scene' on a base object of type 'null instance'.
          at: _on_tree_changed (res://scripts/autoload/power_fantasy_effects_manager.gd:230)
ERROR: Parameter "data.tree" is null.
   at: get_tree (scene/main/node.h:446)
SCRIPT ERROR: Invalid access to property or key 'current_scene' on a base object of type 'null instance'.
          at: _on_tree_changed (res://scripts/autoload/black_metal_effects_manager.gd:151)
ERROR: Parameter "data.tree" is null.
   at: get_tree (scene/main/node.h:446)
SCRIPT ERROR: Invalid access to property or key 'current_scene' on a base object of type 'null instance'.
          at: _on_tree_changed (res://scripts/autoload/flashbang_player_effects_manager.gd:232)
ERROR: Parameter "data.tree" is null.
   at: get_tree (scene/main/node.h:446)
SCRIPT ERROR: Invalid access to property or key 'current_scene' on a base object of type 'null instance'.
          at: _on_tree_changed (res://scripts/autoload/persist_manager.gd:290)
ERROR: Parameter "data.tree" is null.
   at: get_tree (scene/main/node.h:446)
SCRIPT ERROR: Invalid access to property or key 'current_scene' on a base object of type 'null instance'.
          at: _on_tree_changed (res://scripts/autoload/screen_shake_manager.gd:171)
ERROR: Parameter "data.tree" is null.
   at: get_tree (scene/main/node.h:446)
SCRIPT ERROR: Invalid access to property or key 'current_scene' on a base object of type 'null instance'.
          at: _on_tree_changed (res://scripts/autoload/impact_effects_manager.gd:1054)
ERROR: Parameter "data.tree" is null.
   at: get_tree (scene/main/node.h:446)
SCRIPT ERROR: Invalid access to property or key 'current_scene' on a base object of type 'null instance'.
          at: _on_tree_changed (res://scripts/autoload/penultimate_hit_effects_manager.gd:551)
ERROR: Parameter "data.tree" is null.
   at: get_tree (scene/main/node.h:446)
SCRIPT ERROR: Invalid access to property or key 'current_scene' on a base object of type 'null instance'.
          at: _on_tree_changed (res://scripts/autoload/last_chance_effects_manager.gd:1418)
ERROR: Parameter "data.tree" is null.
   at: get_tree (scene/main/node.h:446)
SCRIPT ERROR: Invalid access to property or key 'current_scene' on a base object of type 'null instance'.
          at: _on_tree_changed (res://scripts/autoload/cinema_effects_manager.gd:661)
ERROR: Parameter "data.tree" is null.
   at: get_tree (scene/main/node.h:446)
SCRIPT ERROR: Invalid access to property or key 'current_scene' on a base object of type 'null instance'.
          at: _on_tree_changed (res://scripts/autoload/power_fantasy_effects_manager.gd:230)
ERROR: Parameter "data.tree" is null.
   at: get_tree (scene/main/node.h:446)
SCRIPT ERROR: Invalid access to property or key 'current_scene' on a base object of type 'null instance'.
          at: _on_tree_changed (res://scripts/autoload/black_metal_effects_manager.gd:151)
ERROR: Parameter "data.tree" is null.
   at: get_tree (scene/main/node.h:446)
SCRIPT ERROR: Invalid access to property or key 'current_scene' on a base object of type 'null instance'.
          at: _on_tree_changed (res://scripts/autoload/flashbang_player_effects_manager.gd:232)
ERROR: Parameter "data.tree" is null.
   at: get_tree (scene/main/node.h:446)
SCRIPT ERROR: Invalid access to property or key 'current_scene' on a base object of type 'null instance'.
          at: _on_tree_changed (res://scripts/autoload/persist_manager.gd:290)
ERROR: Parameter "data.tree" is null.
   at: get_tree (scene/main/node.h:446)
SCRIPT ERROR: Invalid access to property or key 'current_scene' on a base object of type 'null instance'.
          at: _on_tree_changed (res://scripts/autoload/screen_shake_manager.gd:171)
ERROR: Parameter "data.tree" is null.
   at: get_tree (scene/main/node.h:446)
SCRIPT ERROR: Invalid access to property or key 'current_scene' on a base object of type 'null instance'.
          at: _on_tree_changed (res://scripts/autoload/impact_effects_manager.gd:1054)
ERROR: Parameter "data.tree" is null.
   at: get_tree (scene/main/node.h:446)
SCRIPT ERROR: Invalid access to property or key 'current_scene' on a base object of type 'null instance'.
          at: _on_tree_changed (res://scripts/autoload/penultimate_hit_effects_manager.gd:551)
ERROR: Parameter "data.tree" is null.
   at: get_tree (scene/main/node.h:446)
SCRIPT ERROR: Invalid access to property or key 'current_scene' on a base object of type 'null instance'.
          at: _on_tree_changed (res://scripts/autoload/last_chance_effects_manager.gd:1418)
ERROR: Parameter "data.tree" is null.
   at: get_tree (scene/main/node.h:446)
SCRIPT ERROR: Invalid access to property or key 'current_scene' on a base object of type 'null instance'.
          at: _on_tree_changed (res://scripts/autoload/cinema_effects_manager.gd:661)
ERROR: Parameter "data.tree" is null.
   at: get_tree (scene/main/node.h:446)
SCRIPT ERROR: Invalid access to property or key 'current_scene' on a base object of type 'null instance'.
          at: _on_tree_changed (res://scripts/autoload/power_fantasy_effects_manager.gd:230)
ERROR: Parameter "data.tree" is null.
   at: get_tree (scene/main/node.h:446)
SCRIPT ERROR: Invalid access to property or key 'current_scene' on a base object of type 'null instance'.
          at: _on_tree_changed (res://scripts/autoload/black_metal_effects_manager.gd:151)
ERROR: Parameter "data.tree" is null.
   at: get_tree (scene/main/node.h:446)
SCRIPT ERROR: Invalid access to property or key 'current_scene' on a base object of type 'null instance'.
          at: _on_tree_changed (res://scripts/autoload/flashbang_player_effects_manager.gd:232)
ERROR: Parameter "data.tree" is null.
   at: get_tree (scene/main/node.h:446)
SCRIPT ERROR: Invalid access to property or key 'current_scene' on a base object of type 'null instance'.
          at: _on_tree_changed (res://scripts/autoload/persist_manager.gd:290)
ERROR: Parameter "data.tree" is null.
   at: get_tree (scene/main/node.h:446)
SCRIPT ERROR: Invalid access to property or key 'current_scene' on a base object of type 'null instance'.
          at: _on_tree_changed (res://scripts/autoload/screen_shake_manager.gd:171)
ERROR: Parameter "data.tree" is null.
   at: get_tree (scene/main/node.h:446)
SCRIPT ERROR: Invalid access to property or key 'current_scene' on a base object of type 'null instance'.
          at: _on_tree_changed (res://scripts/autoload/impact_effects_manager.gd:1054)
ERROR: Parameter "data.tree" is null.
   at: get_tree (scene/main/node.h:446)
SCRIPT ERROR: Invalid access to property or key 'current_scene' on a base object of type 'null instance'.
          at: _on_tree_changed (res://scripts/autoload/penultimate_hit_effects_manager.gd:551)
ERROR: Parameter "data.tree" is null.
   at: get_tree (scene/main/node.h:446)
SCRIPT ERROR: Invalid access to property or key 'current_scene' on a base object of type 'null instance'.
          at: _on_tree_changed (res://scripts/autoload/last_chance_effects_manager.gd:1418)
ERROR: Parameter "data.tree" is null.
   at: get_tree (scene/main/node.h:446)
SCRIPT ERROR: Invalid access to property or key 'current_scene' on a base object of type 'null instance'.
          at: _on_tree_changed (res://scripts/autoload/cinema_effects_manager.gd:661)
ERROR: Parameter "data.tree" is null.
   at: get_tree (scene/main/node.h:446)
SCRIPT ERROR: Invalid access to property or key 'current_scene' on a base object of type 'null instance'.
          at: _on_tree_changed (res://scripts/autoload/power_fantasy_effects_manager.gd:230)
ERROR: Parameter "data.tree" is null.
   at: get_tree (scene/main/node.h:446)
SCRIPT ERROR: Invalid access to property or key 'current_scene' on a base object of type 'null instance'.
          at: _on_tree_changed (res://scripts/autoload/black_metal_effects_manager.gd:151)
ERROR: Parameter "data.tree" is null.
   at: get_tree (scene/main/node.h:446)
SCRIPT ERROR: Invalid access to property or key 'current_scene' on a base object of type 'null instance'.
          at: _on_tree_changed (res://scripts/autoload/flashbang_player_effects_manager.gd:232)
ERROR: Parameter "data.tree" is null.
   at: get_tree (scene/main/node.h:446)
SCRIPT ERROR: Invalid access to property or key 'current_scene' on a base object of type 'null instance'.
          at: _on_tree_changed (res://scripts/autoload/persist_manager.gd:290)
ERROR: Parameter "data.tree" is null.
   at: get_tree (scene/main/node.h:446)
SCRIPT ERROR: Invalid access to property or key 'current_scene' on a base object of type 'null instance'.
          at: _on_tree_changed (res://scripts/autoload/screen_shake_manager.gd:171)
ERROR: Parameter "data.tree" is null.
   at: get_tree (scene/main/node.h:446)
SCRIPT ERROR: Invalid access to property or key 'current_scene' on a base object of type 'null instance'.
          at: _on_tree_changed (res://scripts/autoload/impact_effects_manager.gd:1054)
ERROR: Parameter "data.tree" is null.
   at: get_tree (scene/main/node.h:446)
SCRIPT ERROR: Invalid access to property or key 'current_scene' on a base object of type 'null instance'.
          at: _on_tree_changed (res://scripts/autoload/penultimate_hit_effects_manager.gd:551)
ERROR: Parameter "data.tree" is null.
   at: get_tree (scene/main/node.h:446)
SCRIPT ERROR: Invalid access to property or key 'current_scene' on a base object of type 'null instance'.
          at: _on_tree_changed (res://scripts/autoload/last_chance_effects_manager.gd:1418)
ERROR: Parameter "data.tree" is null.
   at: get_tree (scene/main/node.h:446)
SCRIPT ERROR: Invalid access to property or key 'current_scene' on a base object of type 'null instance'.
          at: _on_tree_changed (res://scripts/autoload/cinema_effects_manager.gd:661)
ERROR: Parameter "data.tree" is null.
   at: get_tree (scene/main/node.h:446)
SCRIPT ERROR: Invalid access to property or key 'current_scene' on a base object of type 'null instance'.
          at: _on_tree_changed (res://scripts/autoload/power_fantasy_effects_manager.gd:230)
ERROR: Parameter "data.tree" is null.
   at: get_tree (scene/main/node.h:446)
SCRIPT ERROR: Invalid access to property or key 'current_scene' on a base object of type 'null instance'.
          at: _on_tree_changed (res://scripts/autoload/black_metal_effects_manager.gd:151)
ERROR: Parameter "data.tree" is null.
   at: get_tree (scene/main/node.h:446)
SCRIPT ERROR: Invalid access to property or key 'current_scene' on a base object of type 'null instance'.
          at: _on_tree_changed (res://scripts/autoload/flashbang_player_effects_manager.gd:232)
ERROR: Parameter "data.tree" is null.
   at: get_tree (scene/main/node.h:446)
SCRIPT ERROR: Invalid access to property or key 'current_scene' on a base object of type 'null instance'.
          at: _on_tree_changed (res://scripts/autoload/persist_manager.gd:290)
ERROR: Parameter "data.tree" is null.
   at: get_tree (scene/main/node.h:446)
SCRIPT ERROR: Invalid access to property or key 'current_scene' on a base object of type 'null instance'.
          at: _on_tree_changed (res://scripts/autoload/screen_shake_manager.gd:171)
ERROR: Parameter "data.tree" is null.
   at: get_tree (scene/main/node.h:446)
SCRIPT ERROR: Invalid access to property or key 'current_scene' on a base object of type 'null instance'.
          at: _on_tree_changed (res://scripts/autoload/impact_effects_manager.gd:1054)
ERROR: Parameter "data.tree" is null.
   at: get_tree (scene/main/node.h:446)
SCRIPT ERROR: Invalid access to property or key 'current_scene' on a base object of type 'null instance'.
          at: _on_tree_changed (res://scripts/autoload/penultimate_hit_effects_manager.gd:551)
ERROR: Parameter "data.tree" is null.
   at: get_tree (scene/main/node.h:446)
SCRIPT ERROR: Invalid access to property or key 'current_scene' on a base object of type 'null instance'.
          at: _on_tree_changed (res://scripts/autoload/last_chance_effects_manager.gd:1418)
ERROR: Parameter "data.tree" is null.
   at: get_tree (scene/main/node.h:446)
SCRIPT ERROR: Invalid access to property or key 'current_scene' on a base object of type 'null instance'.
          at: _on_tree_changed (res://scripts/autoload/cinema_effects_manager.gd:661)
ERROR: Parameter "data.tree" is null.
   at: get_tree (scene/main/node.h:446)
SCRIPT ERROR: Invalid access to property or key 'current_scene' on a base object of type 'null instance'.
          at: _on_tree_changed (res://scripts/autoload/power_fantasy_effects_manager.gd:230)
ERROR: Parameter "data.tree" is null.
   at: get_tree (scene/main/node.h:446)
SCRIPT ERROR: Invalid access to property or key 'current_scene' on a base object of type 'null instance'.
          at: _on_tree_changed (res://scripts/autoload/black_metal_effects_manager.gd:151)
ERROR: Parameter "data.tree" is null.
   at: get_tree (scene/main/node.h:446)
SCRIPT ERROR: Invalid access to property or key 'current_scene' on a base object of type 'null instance'.
          at: _on_tree_changed (res://scripts/autoload/flashbang_player_effects_manager.gd:232)
ERROR: Parameter "data.tree" is null.
   at: get_tree (scene/main/node.h:446)
SCRIPT ERROR: Invalid access to property or key 'current_scene' on a base object of type 'null instance'.
          at: _on_tree_changed (res://scripts/autoload/persist_manager.gd:290)
ERROR: Parameter "data.tree" is null.
   at: get_tree (scene/main/node.h:446)
SCRIPT ERROR: Invalid access to property or key 'current_scene' on a base object of type 'null instance'.
          at: _on_tree_changed (res://scripts/autoload/screen_shake_manager.gd:171)
ERROR: Parameter "data.tree" is null.
   at: get_tree (scene/main/node.h:446)
SCRIPT ERROR: Invalid access to property or key 'current_scene' on a base object of type 'null instance'.
          at: _on_tree_changed (res://scripts/autoload/impact_effects_manager.gd:1054)
ERROR: Parameter "data.tree" is null.
   at: get_tree (scene/main/node.h:446)
SCRIPT ERROR: Invalid access to property or key 'current_scene' on a base object of type 'null instance'.
          at: _on_tree_changed (res://scripts/autoload/penultimate_hit_effects_manager.gd:551)
ERROR: Parameter "data.tree" is null.
   at: get_tree (scene/main/node.h:446)
SCRIPT ERROR: Invalid access to property or key 'current_scene' on a base object of type 'null instance'.
          at: _on_tree_changed (res://scripts/autoload/last_chance_effects_manager.gd:1418)
ERROR: Parameter "data.tree" is null.
   at: get_tree (scene/main/node.h:446)
SCRIPT ERROR: Invalid access to property or key 'current_scene' on a base object of type 'null instance'.
          at: _on_tree_changed (res://scripts/autoload/cinema_effects_manager.gd:661)
ERROR: Parameter "data.tree" is null.
   at: get_tree (scene/main/node.h:446)
SCRIPT ERROR: Invalid access to property or key 'current_scene' on a base object of type 'null instance'.
          at: _on_tree_changed (res://scripts/autoload/power_fantasy_effects_manager.gd:230)
ERROR: Parameter "data.tree" is null.
   at: get_tree (scene/main/node.h:446)
SCRIPT ERROR: Invalid access to property or key 'current_scene' on a base object of type 'null instance'.
          at: _on_tree_changed (res://scripts/autoload/black_metal_effects_manager.gd:151)
ERROR: Parameter "data.tree" is null.
   at: get_tree (scene/main/node.h:446)
SCRIPT ERROR: Invalid access to property or key 'current_scene' on a base object of type 'null instance'.
          at: _on_tree_changed (res://scripts/autoload/flashbang_player_effects_manager.gd:232)
ERROR: Parameter "data.tree" is null.
   at: get_tree (scene/main/node.h:446)
SCRIPT ERROR: Invalid access to property or key 'current_scene' on a base object of type 'null instance'.
          at: _on_tree_changed (res://scripts/autoload/persist_manager.gd:290)
ERROR: Parameter "data.tree" is null.
   at: get_tree (scene/main/node.h:446)
SCRIPT ERROR: Invalid access to property or key 'current_scene' on a base object of type 'null instance'.
          at: _on_tree_changed (res://scripts/autoload/screen_shake_manager.gd:171)
ERROR: Parameter "data.tree" is null.
   at: get_tree (scene/main/node.h:446)
SCRIPT ERROR: Invalid access to property or key 'current_scene' on a base object of type 'null instance'.
          at: _on_tree_changed (res://scripts/autoload/impact_effects_manager.gd:1054)
ERROR: Parameter "data.tree" is null.
   at: get_tree (scene/main/node.h:446)
SCRIPT ERROR: Invalid access to property or key 'current_scene' on a base object of type 'null instance'.
          at: _on_tree_changed (res://scripts/autoload/penultimate_hit_effects_manager.gd:551)
ERROR: Parameter "data.tree" is null.
   at: get_tree (scene/main/node.h:446)
SCRIPT ERROR: Invalid access to property or key 'current_scene' on a base object of type 'null instance'.
          at: _on_tree_changed (res://scripts/autoload/last_chance_effects_manager.gd:1418)
ERROR: Parameter "data.tree" is null.
   at: get_tree (scene/main/node.h:446)
SCRIPT ERROR: Invalid access to property or key 'current_scene' on a base object of type 'null instance'.
          at: _on_tree_changed (res://scripts/autoload/cinema_effects_manager.gd:661)
ERROR: Parameter "data.tree" is null.
   at: get_tree (scene/main/node.h:446)
SCRIPT ERROR: Invalid access to property or key 'current_scene' on a base object of type 'null instance'.
          at: _on_tree_changed (res://scripts/autoload/power_fantasy_effects_manager.gd:230)
ERROR: Parameter "data.tree" is null.
   at: get_tree (scene/main/node.h:446)
SCRIPT ERROR: Invalid access to property or key 'current_scene' on a base object of type 'null instance'.
          at: _on_tree_changed (res://scripts/autoload/black_metal_effects_manager.gd:151)
ERROR: Parameter "data.tree" is null.
   at: get_tree (scene/main/node.h:446)
SCRIPT ERROR: Invalid access to property or key 'current_scene' on a base object of type 'null instance'.
          at: _on_tree_changed (res://scripts/autoload/flashbang_player_effects_manager.gd:232)
ERROR: Parameter "data.tree" is null.
   at: get_tree (scene/main/node.h:446)
SCRIPT ERROR: Invalid access to property or key 'current_scene' on a base object of type 'null instance'.
          at: _on_tree_changed (res://scripts/autoload/persist_manager.gd:290)
ERROR: Parameter "data.tree" is null.
   at: get_tree (scene/main/node.h:446)
SCRIPT ERROR: Invalid access to property or key 'current_scene' on a base object of type 'null instance'.
          at: _on_tree_changed (res://scripts/autoload/screen_shake_manager.gd:171)
ERROR: Parameter "data.tree" is null.
   at: get_tree (scene/main/node.h:446)
SCRIPT ERROR: Invalid access to property or key 'current_scene' on a base object of type 'null instance'.
          at: _on_tree_changed (res://scripts/autoload/impact_effects_manager.gd:1054)
ERROR: Parameter "data.tree" is null.
   at: get_tree (scene/main/node.h:446)
SCRIPT ERROR: Invalid access to property or key 'current_scene' on a base object of type 'null instance'.
          at: _on_tree_changed (res://scripts/autoload/penultimate_hit_effects_manager.gd:551)
ERROR: Parameter "data.tree" is null.
   at: get_tree (scene/main/node.h:446)
SCRIPT ERROR: Invalid access to property or key 'current_scene' on a base object of type 'null instance'.
          at: _on_tree_changed (res://scripts/autoload/last_chance_effects_manager.gd:1418)
ERROR: Parameter "data.tree" is null.
   at: get_tree (scene/main/node.h:446)
SCRIPT ERROR: Invalid access to property or key 'current_scene' on a base object of type 'null instance'.
          at: _on_tree_changed (res://scripts/autoload/cinema_effects_manager.gd:661)
ERROR: Parameter "data.tree" is null.
   at: get_tree (scene/main/node.h:446)
SCRIPT ERROR: Invalid access to property or key 'current_scene' on a base object of type 'null instance'.
          at: _on_tree_changed (res://scripts/autoload/power_fantasy_effects_manager.gd:230)
ERROR: Parameter "data.tree" is null.
   at: get_tree (scene/main/node.h:446)
SCRIPT ERROR: Invalid access to property or key 'current_scene' on a base object of type 'null instance'.
          at: _on_tree_changed (res://scripts/autoload/black_metal_effects_manager.gd:151)
ERROR: Parameter "data.tree" is null.
   at: get_tree (scene/main/node.h:446)
SCRIPT ERROR: Invalid access to property or key 'current_scene' on a base object of type 'null instance'.
          at: _on_tree_changed (res://scripts/autoload/flashbang_player_effects_manager.gd:232)
ERROR: Parameter "data.tree" is null.
   at: get_tree (scene/main/node.h:446)
SCRIPT ERROR: Invalid access to property or key 'current_scene' on a base object of type 'null instance'.
          at: _on_tree_changed (res://scripts/autoload/persist_manager.gd:290)
ERROR: Parameter "data.tree" is null.
   at: get_tree (scene/main/node.h:446)
SCRIPT ERROR: Invalid access to property or key 'current_scene' on a base object of type 'null instance'.
          at: _on_tree_changed (res://scripts/autoload/screen_shake_manager.gd:171)
ERROR: Parameter "data.tree" is null.
   at: get_tree (scene/main/node.h:446)
SCRIPT ERROR: Invalid access to property or key 'current_scene' on a base object of type 'null instance'.
          at: _on_tree_changed (res://scripts/autoload/impact_effects_manager.gd:1054)
ERROR: Parameter "data.tree" is null.
   at: get_tree (scene/main/node.h:446)
SCRIPT ERROR: Invalid access to property or key 'current_scene' on a base object of type 'null instance'.
          at: _on_tree_changed (res://scripts/autoload/penultimate_hit_effects_manager.gd:551)
ERROR: Parameter "data.tree" is null.
   at: get_tree (scene/main/node.h:446)
SCRIPT ERROR: Invalid access to property or key 'current_scene' on a base object of type 'null instance'.
          at: _on_tree_changed (res://scripts/autoload/last_chance_effects_manager.gd:1418)
ERROR: Parameter "data.tree" is null.
   at: get_tree (scene/main/node.h:446)
SCRIPT ERROR: Invalid access to property or key 'current_scene' on a base object of type 'null instance'.
          at: _on_tree_changed (res://scripts/autoload/cinema_effects_manager.gd:661)
ERROR: Parameter "data.tree" is null.
   at: get_tree (scene/main/node.h:446)
SCRIPT ERROR: Invalid access to property or key 'current_scene' on a base object of type 'null instance'.
          at: _on_tree_changed (res://scripts/autoload/power_fantasy_effects_manager.gd:230)
ERROR: Parameter "data.tree" is null.
   at: get_tree (scene/main/node.h:446)
SCRIPT ERROR: Invalid access to property or key 'current_scene' on a base object of type 'null instance'.
          at: _on_tree_changed (res://scripts/autoload/black_metal_effects_manager.gd:151)
ERROR: Parameter "data.tree" is null.
   at: get_tree (scene/main/node.h:446)
SCRIPT ERROR: Invalid access to property or key 'current_scene' on a base object of type 'null instance'.
          at: _on_tree_changed (res://scripts/autoload/flashbang_player_effects_manager.gd:232)
ERROR: Parameter "data.tree" is null.
   at: get_tree (scene/main/node.h:446)
SCRIPT ERROR: Invalid access to property or key 'current_scene' on a base object of type 'null instance'.
          at: _on_tree_changed (res://scripts/autoload/persist_manager.gd:290)
ERROR: Parameter "data.tree" is null.
   at: get_tree (scene/main/node.h:446)
SCRIPT ERROR: Invalid access to property or key 'current_scene' on a base object of type 'null instance'.
          at: _on_tree_changed (res://scripts/autoload/screen_shake_manager.gd:171)
ERROR: Parameter "data.tree" is null.
   at: get_tree (scene/main/node.h:446)
SCRIPT ERROR: Invalid access to property or key 'current_scene' on a base object of type 'null instance'.
          at: _on_tree_changed (res://scripts/autoload/impact_effects_manager.gd:1054)
ERROR: Parameter "data.tree" is null.
   at: get_tree (scene/main/node.h:446)
SCRIPT ERROR: Invalid access to property or key 'current_scene' on a base object of type 'null instance'.
          at: _on_tree_changed (res://scripts/autoload/penultimate_hit_effects_manager.gd:551)
ERROR: Parameter "data.tree" is null.
   at: get_tree (scene/main/node.h:446)
SCRIPT ERROR: Invalid access to property or key 'current_scene' on a base object of type 'null instance'.
          at: _on_tree_changed (res://scripts/autoload/last_chance_effects_manager.gd:1418)
ERROR: Parameter "data.tree" is null.
   at: get_tree (scene/main/node.h:446)
SCRIPT ERROR: Invalid access to property or key 'current_scene' on a base object of type 'null instance'.
          at: _on_tree_changed (res://scripts/autoload/cinema_effects_manager.gd:661)
ERROR: Parameter "data.tree" is null.
   at: get_tree (scene/main/node.h:446)
SCRIPT ERROR: Invalid access to property or key 'current_scene' on a base object of type 'null instance'.
          at: _on_tree_changed (res://scripts/autoload/power_fantasy_effects_manager.gd:230)
ERROR: Parameter "data.tree" is null.
   at: get_tree (scene/main/node.h:446)
SCRIPT ERROR: Invalid access to property or key 'current_scene' on a base object of type 'null instance'.
          at: _on_tree_changed (res://scripts/autoload/black_metal_effects_manager.gd:151)
ERROR: Parameter "data.tree" is null.
   at: get_tree (scene/main/node.h:446)
SCRIPT ERROR: Invalid access to property or key 'current_scene' on a base object of type 'null instance'.
          at: _on_tree_changed (res://scripts/autoload/flashbang_player_effects_manager.gd:232)
ERROR: Parameter "data.tree" is null.
   at: get_tree (scene/main/node.h:446)
SCRIPT ERROR: Invalid access to property or key 'current_scene' on a base object of type 'null instance'.
          at: _on_tree_changed (res://scripts/autoload/persist_manager.gd:290)
ERROR: Parameter "data.tree" is null.
   at: get_tree (scene/main/node.h:446)
SCRIPT ERROR: Invalid access to property or key 'current_scene' on a base object of type 'null instance'.
          at: _on_tree_changed (res://scripts/autoload/screen_shake_manager.gd:171)
ERROR: Parameter "data.tree" is null.
   at: get_tree (scene/main/node.h:446)
SCRIPT ERROR: Invalid access to property or key 'current_scene' on a base object of type 'null instance'.
          at: _on_tree_changed (res://scripts/autoload/impact_effects_manager.gd:1054)
ERROR: Parameter "data.tree" is null.
   at: get_tree (scene/main/node.h:446)
SCRIPT ERROR: Invalid access to property or key 'current_scene' on a base object of type 'null instance'.
          at: _on_tree_changed (res://scripts/autoload/penultimate_hit_effects_manager.gd:551)
ERROR: Parameter "data.tree" is null.
   at: get_tree (scene/main/node.h:446)
SCRIPT ERROR: Invalid access to property or key 'current_scene' on a base object of type 'null instance'.
          at: _on_tree_changed (res://scripts/autoload/last_chance_effects_manager.gd:1418)
ERROR: Parameter "data.tree" is null.
   at: get_tree (scene/main/node.h:446)
SCRIPT ERROR: Invalid access to property or key 'current_scene' on a base object of type 'null instance'.
          at: _on_tree_changed (res://scripts/autoload/cinema_effects_manager.gd:661)
ERROR: Parameter "data.tree" is null.
   at: get_tree (scene/main/node.h:446)
SCRIPT ERROR: Invalid access to property or key 'current_scene' on a base object of type 'null instance'.
          at: _on_tree_changed (res://scripts/autoload/power_fantasy_effects_manager.gd:230)
ERROR: Parameter "data.tree" is null.
   at: get_tree (scene/main/node.h:446)
SCRIPT ERROR: Invalid access to property or key 'current_scene' on a base object of type 'null instance'.
          at: _on_tree_changed (res://scripts/autoload/black_metal_effects_manager.gd:151)
ERROR: Parameter "data.tree" is null.
   at: get_tree (scene/main/node.h:446)
SCRIPT ERROR: Invalid access to property or key 'current_scene' on a base object of type 'null instance'.
          at: _on_tree_changed (res://scripts/autoload/flashbang_player_effects_manager.gd:232)
ERROR: Parameter "data.tree" is null.
   at: get_tree (scene/main/node.h:446)
SCRIPT ERROR: Invalid access to property or key 'current_scene' on a base object of type 'null instance'.
          at: _on_tree_changed (res://scripts/autoload/persist_manager.gd:290)
ERROR: Parameter "data.tree" is null.
   at: get_tree (scene/main/node.h:446)
SCRIPT ERROR: Invalid access to property or key 'current_scene' on a base object of type 'null instance'.
          at: _on_tree_changed (res://scripts/autoload/screen_shake_manager.gd:171)
ERROR: Parameter "data.tree" is null.
   at: get_tree (scene/main/node.h:446)
SCRIPT ERROR: Invalid access to property or key 'current_scene' on a base object of type 'null instance'.
          at: _on_tree_changed (res://scripts/autoload/impact_effects_manager.gd:1054)
ERROR: Parameter "data.tree" is null.
   at: get_tree (scene/main/node.h:446)
SCRIPT ERROR: Invalid access to property or key 'current_scene' on a base object of type 'null instance'.
          at: _on_tree_changed (res://scripts/autoload/penultimate_hit_effects_manager.gd:551)
ERROR: Parameter "data.tree" is null.
   at: get_tree (scene/main/node.h:446)
SCRIPT ERROR: Invalid access to property or key 'current_scene' on a base object of type 'null instance'.
          at: _on_tree_changed (res://scripts/autoload/last_chance_effects_manager.gd:1418)
ERROR: Parameter "data.tree" is null.
   at: get_tree (scene/main/node.h:446)
SCRIPT ERROR: Invalid access to property or key 'current_scene' on a base object of type 'null instance'.
          at: _on_tree_changed (res://scripts/autoload/cinema_effects_manager.gd:661)
ERROR: Parameter "data.tree" is null.
   at: get_tree (scene/main/node.h:446)
SCRIPT ERROR: Invalid access to property or key 'current_scene' on a base object of type 'null instance'.
          at: _on_tree_changed (res://scripts/autoload/power_fantasy_effects_manager.gd:230)
ERROR: Parameter "data.tree" is null.
   at: get_tree (scene/main/node.h:446)
SCRIPT ERROR: Invalid access to property or key 'current_scene' on a base object of type 'null instance'.
          at: _on_tree_changed (res://scripts/autoload/black_metal_effects_manager.gd:151)
ERROR: Parameter "data.tree" is null.
   at: get_tree (scene/main/node.h:446)
SCRIPT ERROR: Invalid access to property or key 'current_scene' on a base object of type 'null instance'.
          at: _on_tree_changed (res://scripts/autoload/flashbang_player_effects_manager.gd:232)
ERROR: Parameter "data.tree" is null.
   at: get_tree (scene/main/node.h:446)
SCRIPT ERROR: Invalid access to property or key 'current_scene' on a base object of type 'null instance'.
          at: _on_tree_changed (res://scripts/autoload/persist_manager.gd:290)
ERROR: Parameter "data.tree" is null.
   at: get_tree (scene/main/node.h:446)
SCRIPT ERROR: Invalid access to property or key 'current_scene' on a base object of type 'null instance'.
          at: _on_tree_changed (res://scripts/autoload/screen_shake_manager.gd:171)
ERROR: Parameter "data.tree" is null.
   at: get_tree (scene/main/node.h:446)
SCRIPT ERROR: Invalid access to property or key 'current_scene' on a base object of type 'null instance'.
          at: _on_tree_changed (res://scripts/autoload/impact_effects_manager.gd:1054)
ERROR: Parameter "data.tree" is null.
   at: get_tree (scene/main/node.h:446)
SCRIPT ERROR: Invalid access to property or key 'current_scene' on a base object of type 'null instance'.
          at: _on_tree_changed (res://scripts/autoload/penultimate_hit_effects_manager.gd:551)
ERROR: Parameter "data.tree" is null.
   at: get_tree (scene/main/node.h:446)
SCRIPT ERROR: Invalid access to property or key 'current_scene' on a base object of type 'null instance'.
          at: _on_tree_changed (res://scripts/autoload/last_chance_effects_manager.gd:1418)
ERROR: Parameter "data.tree" is null.
   at: get_tree (scene/main/node.h:446)
SCRIPT ERROR: Invalid access to property or key 'current_scene' on a base object of type 'null instance'.
          at: _on_tree_changed (res://scripts/autoload/cinema_effects_manager.gd:661)
ERROR: Parameter "data.tree" is null.
   at: get_tree (scene/main/node.h:446)
SCRIPT ERROR: Invalid access to property or key 'current_scene' on a base object of type 'null instance'.
          at: _on_tree_changed (res://scripts/autoload/power_fantasy_effects_manager.gd:230)
ERROR: Parameter "data.tree" is null.
   at: get_tree (scene/main/node.h:446)
SCRIPT ERROR: Invalid access to property or key 'current_scene' on a base object of type 'null instance'.
          at: _on_tree_changed (res://scripts/autoload/black_metal_effects_manager.gd:151)
ERROR: Parameter "data.tree" is null.
   at: get_tree (scene/main/node.h:446)
SCRIPT ERROR: Invalid access to property or key 'current_scene' on a base object of type 'null instance'.
          at: _on_tree_changed (res://scripts/autoload/flashbang_player_effects_manager.gd:232)
ERROR: Parameter "data.tree" is null.
   at: get_tree (scene/main/node.h:446)
SCRIPT ERROR: Invalid access to property or key 'current_scene' on a base object of type 'null instance'.
          at: _on_tree_changed (res://scripts/autoload/persist_manager.gd:290)
ERROR: Parameter "data.tree" is null.
   at: get_tree (scene/main/node.h:446)
SCRIPT ERROR: Invalid access to property or key 'current_scene' on a base object of type 'null instance'.
          at: _on_tree_changed (res://scripts/autoload/screen_shake_manager.gd:171)
ERROR: Parameter "data.tree" is null.
   at: get_tree (scene/main/node.h:446)
SCRIPT ERROR: Invalid access to property or key 'current_scene' on a base object of type 'null instance'.
          at: _on_tree_changed (res://scripts/autoload/impact_effects_manager.gd:1054)
ERROR: Parameter "data.tree" is null.
   at: get_tree (scene/main/node.h:446)
SCRIPT ERROR: Invalid access to property or key 'current_scene' on a base object of type 'null instance'.
          at: _on_tree_changed (res://scripts/autoload/penultimate_hit_effects_manager.gd:551)
ERROR: Parameter "data.tree" is null.
   at: get_tree (scene/main/node.h:446)
SCRIPT ERROR: Invalid access to property or key 'current_scene' on a base object of type 'null instance'.
          at: _on_tree_changed (res://scripts/autoload/last_chance_effects_manager.gd:1418)
ERROR: Parameter "data.tree" is null.
   at: get_tree (scene/main/node.h:446)
SCRIPT ERROR: Invalid access to property or key 'current_scene' on a base object of type 'null instance'.
          at: _on_tree_changed (res://scripts/autoload/cinema_effects_manager.gd:661)
ERROR: Parameter "data.tree" is null.
   at: get_tree (scene/main/node.h:446)
SCRIPT ERROR: Invalid access to property or key 'current_scene' on a base object of type 'null instance'.
          at: _on_tree_changed (res://scripts/autoload/power_fantasy_effects_manager.gd:230)
ERROR: Parameter "data.tree" is null.
   at: get_tree (scene/main/node.h:446)
SCRIPT ERROR: Invalid access to property or key 'current_scene' on a base object of type 'null instance'.
          at: _on_tree_changed (res://scripts/autoload/black_metal_effects_manager.gd:151)
ERROR: Parameter "data.tree" is null.
   at: get_tree (scene/main/node.h:446)
SCRIPT ERROR: Invalid access to property or key 'current_scene' on a base object of type 'null instance'.
          at: _on_tree_changed (res://scripts/autoload/flashbang_player_effects_manager.gd:232)
ERROR: Parameter "data.tree" is null.
   at: get_tree (scene/main/node.h:446)
SCRIPT ERROR: Invalid access to property or key 'current_scene' on a base object of type 'null instance'.
          at: _on_tree_changed (res://scripts/autoload/persist_manager.gd:290)
ERROR: Parameter "data.tree" is null.
   at: get_tree (scene/main/node.h:446)
SCRIPT ERROR: Invalid access to property or key 'current_scene' on a base object of type 'null instance'.
          at: _on_tree_changed (res://scripts/autoload/screen_shake_manager.gd:171)
ERROR: Parameter "data.tree" is null.
   at: get_tree (scene/main/node.h:446)
SCRIPT ERROR: Invalid access to property or key 'current_scene' on a base object of type 'null instance'.
          at: _on_tree_changed (res://scripts/autoload/impact_effects_manager.gd:1054)
ERROR: Parameter "data.tree" is null.
   at: get_tree (scene/main/node.h:446)
SCRIPT ERROR: Invalid access to property or key 'current_scene' on a base object of type 'null instance'.
          at: _on_tree_changed (res://scripts/autoload/penultimate_hit_effects_manager.gd:551)
ERROR: Parameter "data.tree" is null.
   at: get_tree (scene/main/node.h:446)
SCRIPT ERROR: Invalid access to property or key 'current_scene' on a base object of type 'null instance'.
          at: _on_tree_changed (res://scripts/autoload/last_chance_effects_manager.gd:1418)
ERROR: Parameter "data.tree" is null.
   at: get_tree (scene/main/node.h:446)
SCRIPT ERROR: Invalid access to property or key 'current_scene' on a base object of type 'null instance'.
          at: _on_tree_changed (res://scripts/autoload/cinema_effects_manager.gd:661)
ERROR: Parameter "data.tree" is null.
   at: get_tree (scene/main/node.h:446)
SCRIPT ERROR: Invalid access to property or key 'current_scene' on a base object of type 'null instance'.
          at: _on_tree_changed (res://scripts/autoload/power_fantasy_effects_manager.gd:230)
ERROR: Parameter "data.tree" is null.
   at: get_tree (scene/main/node.h:446)
SCRIPT ERROR: Invalid access to property or key 'current_scene' on a base object of type 'null instance'.
          at: _on_tree_changed (res://scripts/autoload/black_metal_effects_manager.gd:151)
ERROR: Parameter "data.tree" is null.
   at: get_tree (scene/main/node.h:446)
SCRIPT ERROR: Invalid access to property or key 'current_scene' on a base object of type 'null instance'.
          at: _on_tree_changed (res://scripts/autoload/flashbang_player_effects_manager.gd:232)
ERROR: Parameter "data.tree" is null.
   at: get_tree (scene/main/node.h:446)
SCRIPT ERROR: Invalid access to property or key 'current_scene' on a base object of type 'null instance'.
          at: _on_tree_changed (res://scripts/autoload/persist_manager.gd:290)
ERROR: Parameter "data.tree" is null.
   at: get_tree (scene/main/node.h:446)
SCRIPT ERROR: Invalid access to property or key 'current_scene' on a base object of type 'null instance'.
          at: _on_tree_changed (res://scripts/autoload/screen_shake_manager.gd:171)
ERROR: Parameter "data.tree" is null.
   at: get_tree (scene/main/node.h:446)
SCRIPT ERROR: Invalid access to property or key 'current_scene' on a base object of type 'null instance'.
          at: _on_tree_changed (res://scripts/autoload/impact_effects_manager.gd:1054)
ERROR: Parameter "data.tree" is null.
   at: get_tree (scene/main/node.h:446)
SCRIPT ERROR: Invalid access to property or key 'current_scene' on a base object of type 'null instance'.
          at: _on_tree_changed (res://scripts/autoload/penultimate_hit_effects_manager.gd:551)
ERROR: Parameter "data.tree" is null.
   at: get_tree (scene/main/node.h:446)
SCRIPT ERROR: Invalid access to property or key 'current_scene' on a base object of type 'null instance'.
          at: _on_tree_changed (res://scripts/autoload/last_chance_effects_manager.gd:1418)
ERROR: Parameter "data.tree" is null.
   at: get_tree (scene/main/node.h:446)
SCRIPT ERROR: Invalid access to property or key 'current_scene' on a base object of type 'null instance'.
          at: _on_tree_changed (res://scripts/autoload/cinema_effects_manager.gd:661)
ERROR: Parameter "data.tree" is null.
   at: get_tree (scene/main/node.h:446)
SCRIPT ERROR: Invalid access to property or key 'current_scene' on a base object of type 'null instance'.
          at: _on_tree_changed (res://scripts/autoload/power_fantasy_effects_manager.gd:230)
ERROR: Parameter "data.tree" is null.
   at: get_tree (scene/main/node.h:446)
SCRIPT ERROR: Invalid access to property or key 'current_scene' on a base object of type 'null instance'.
          at: _on_tree_changed (res://scripts/autoload/black_metal_effects_manager.gd:151)
ERROR: Parameter "data.tree" is null.
   at: get_tree (scene/main/node.h:446)
SCRIPT ERROR: Invalid access to property or key 'current_scene' on a base object of type 'null instance'.
          at: _on_tree_changed (res://scripts/autoload/flashbang_player_effects_manager.gd:232)
ERROR: Parameter "data.tree" is null.
   at: get_tree (scene/main/node.h:446)
SCRIPT ERROR: Invalid access to property or key 'current_scene' on a base object of type 'null instance'.
          at: _on_tree_changed (res://scripts/autoload/persist_manager.gd:290)
ERROR: Parameter "data.tree" is null.
   at: get_tree (scene/main/node.h:446)
SCRIPT ERROR: Invalid access to property or key 'current_scene' on a base object of type 'null instance'.
          at: _on_tree_changed (res://scripts/autoload/screen_shake_manager.gd:171)
ERROR: Parameter "data.tree" is null.
   at: get_tree (scene/main/node.h:446)
SCRIPT ERROR: Invalid access to property or key 'current_scene' on a base object of type 'null instance'.
          at: _on_tree_changed (res://scripts/autoload/impact_effects_manager.gd:1054)
ERROR: Parameter "data.tree" is null.
   at: get_tree (scene/main/node.h:446)
SCRIPT ERROR: Invalid access to property or key 'current_scene' on a base object of type 'null instance'.
          at: _on_tree_changed (res://scripts/autoload/penultimate_hit_effects_manager.gd:551)
ERROR: Parameter "data.tree" is null.
   at: get_tree (scene/main/node.h:446)
SCRIPT ERROR: Invalid access to property or key 'current_scene' on a base object of type 'null instance'.
          at: _on_tree_changed (res://scripts/autoload/last_chance_effects_manager.gd:1418)
ERROR: Parameter "data.tree" is null.
   at: get_tree (scene/main/node.h:446)
SCRIPT ERROR: Invalid access to property or key 'current_scene' on a base object of type 'null instance'.
          at: _on_tree_changed (res://scripts/autoload/cinema_effects_manager.gd:661)
ERROR: Parameter "data.tree" is null.
   at: get_tree (scene/main/node.h:446)
SCRIPT ERROR: Invalid access to property or key 'current_scene' on a base object of type 'null instance'.
          at: _on_tree_changed (res://scripts/autoload/power_fantasy_effects_manager.gd:230)
ERROR: Parameter "data.tree" is null.
   at: get_tree (scene/main/node.h:446)
SCRIPT ERROR: Invalid access to property or key 'current_scene' on a base object of type 'null instance'.
          at: _on_tree_changed (res://scripts/autoload/black_metal_effects_manager.gd:151)
ERROR: Parameter "data.tree" is null.
   at: get_tree (scene/main/node.h:446)
SCRIPT ERROR: Invalid access to property or key 'current_scene' on a base object of type 'null instance'.
          at: _on_tree_changed (res://scripts/autoload/flashbang_player_effects_manager.gd:232)
ERROR: Parameter "data.tree" is null.
   at: get_tree (scene/main/node.h:446)
SCRIPT ERROR: Invalid access to property or key 'current_scene' on a base object of type 'null instance'.
          at: _on_tree_changed (res://scripts/autoload/persist_manager.gd:290)
ERROR: Parameter "data.tree" is null.
   at: get_tree (scene/main/node.h:446)
SCRIPT ERROR: Invalid access to property or key 'current_scene' on a base object of type 'null instance'.
          at: _on_tree_changed (res://scripts/autoload/screen_shake_manager.gd:171)
ERROR: Parameter "data.tree" is null.
   at: get_tree (scene/main/node.h:446)
SCRIPT ERROR: Invalid access to property or key 'current_scene' on a base object of type 'null instance'.
          at: _on_tree_changed (res://scripts/autoload/impact_effects_manager.gd:1054)
ERROR: Parameter "data.tree" is null.
   at: get_tree (scene/main/node.h:446)
SCRIPT ERROR: Invalid access to property or key 'current_scene' on a base object of type 'null instance'.
          at: _on_tree_changed (res://scripts/autoload/penultimate_hit_effects_manager.gd:551)
ERROR: Parameter "data.tree" is null.
   at: get_tree (scene/main/node.h:446)
SCRIPT ERROR: Invalid access to property or key 'current_scene' on a base object of type 'null instance'.
          at: _on_tree_changed (res://scripts/autoload/last_chance_effects_manager.gd:1418)
ERROR: Parameter "data.tree" is null.
   at: get_tree (scene/main/node.h:446)
SCRIPT ERROR: Invalid access to property or key 'current_scene' on a base object of type 'null instance'.
          at: _on_tree_changed (res://scripts/autoload/cinema_effects_manager.gd:661)
ERROR: Parameter "data.tree" is null.
   at: get_tree (scene/main/node.h:446)
SCRIPT ERROR: Invalid access to property or key 'current_scene' on a base object of type 'null instance'.
          at: _on_tree_changed (res://scripts/autoload/power_fantasy_effects_manager.gd:230)
ERROR: Parameter "data.tree" is null.
   at: get_tree (scene/main/node.h:446)
SCRIPT ERROR: Invalid access to property or key 'current_scene' on a base object of type 'null instance'.
          at: _on_tree_changed (res://scripts/autoload/black_metal_effects_manager.gd:151)
ERROR: Parameter "data.tree" is null.
   at: get_tree (scene/main/node.h:446)
SCRIPT ERROR: Invalid access to property or key 'current_scene' on a base object of type 'null instance'.
          at: _on_tree_changed (res://scripts/autoload/flashbang_player_effects_manager.gd:232)
ERROR: Parameter "data.tree" is null.
   at: get_tree (scene/main/node.h:446)
SCRIPT ERROR: Invalid access to property or key 'current_scene' on a base object of type 'null instance'.
          at: _on_tree_changed (res://scripts/autoload/persist_manager.gd:290)
ERROR: Parameter "data.tree" is null.
   at: get_tree (scene/main/node.h:446)
SCRIPT ERROR: Invalid access to property or key 'current_scene' on a base object of type 'null instance'.
          at: _on_tree_changed (res://scripts/autoload/hit_effects_manager.gd:192)
ERROR: Parameter "data.tree" is null.
   at: get_tree (scene/main/node.h:446)
SCRIPT ERROR: Invalid access to property or key 'current_scene' on a base object of type 'null instance'.
          at: _on_tree_changed (res://scripts/autoload/screen_shake_manager.gd:171)
ERROR: Parameter "data.tree" is null.
   at: get_tree (scene/main/node.h:446)
SCRIPT ERROR: Invalid access to property or key 'current_scene' on a base object of type 'null instance'.
          at: _on_tree_changed (res://scripts/autoload/impact_effects_manager.gd:1054)
ERROR: Parameter "data.tree" is null.
   at: get_tree (scene/main/node.h:446)
SCRIPT ERROR: Invalid access to property or key 'current_scene' on a base object of type 'null instance'.
          at: _on_tree_changed (res://scripts/autoload/penultimate_hit_effects_manager.gd:551)
ERROR: Parameter "data.tree" is null.
   at: get_tree (scene/main/node.h:446)
SCRIPT ERROR: Invalid access to property or key 'current_scene' on a base object of type 'null instance'.
          at: _on_tree_changed (res://scripts/autoload/last_chance_effects_manager.gd:1418)
ERROR: Parameter "data.tree" is null.
   at: get_tree (scene/main/node.h:446)
SCRIPT ERROR: Invalid access to property or key 'current_scene' on a base object of type 'null instance'.
          at: _on_tree_changed (res://scripts/autoload/cinema_effects_manager.gd:661)
ERROR: Parameter "data.tree" is null.
   at: get_tree (scene/main/node.h:446)
SCRIPT ERROR: Invalid access to property or key 'current_scene' on a base object of type 'null instance'.
          at: _on_tree_changed (res://scripts/autoload/power_fantasy_effects_manager.gd:230)
ERROR: Parameter "data.tree" is null.
   at: get_tree (scene/main/node.h:446)
SCRIPT ERROR: Invalid access to property or key 'current_scene' on a base object of type 'null instance'.
          at: _on_tree_changed (res://scripts/autoload/black_metal_effects_manager.gd:151)
ERROR: Parameter "data.tree" is null.
   at: get_tree (scene/main/node.h:446)
SCRIPT ERROR: Invalid access to property or key 'current_scene' on a base object of type 'null instance'.
          at: _on_tree_changed (res://scripts/autoload/flashbang_player_effects_manager.gd:232)
ERROR: Parameter "data.tree" is null.
   at: get_tree (scene/main/node.h:446)
SCRIPT ERROR: Invalid access to property or key 'current_scene' on a base object of type 'null instance'.
          at: _on_tree_changed (res://scripts/autoload/persist_manager.gd:290)
ERROR: Parameter "data.tree" is null.
   at: get_tree (scene/main/node.h:446)
SCRIPT ERROR: Invalid access to property or key 'current_scene' on a base object of type 'null instance'.
          at: _on_tree_changed (res://scripts/autoload/hit_effects_manager.gd:192)
ERROR: Parameter "data.tree" is null.
   at: get_tree (scene/main/node.h:446)
SCRIPT ERROR: Invalid access to property or key 'current_scene' on a base object of type 'null instance'.
          at: _on_tree_changed (res://scripts/autoload/screen_shake_manager.gd:171)
ERROR: Parameter "data.tree" is null.
   at: get_tree (scene/main/node.h:446)
SCRIPT ERROR: Invalid access to property or key 'current_scene' on a base object of type 'null instance'.
          at: _on_tree_changed (res://scripts/autoload/impact_effects_manager.gd:1054)
ERROR: Parameter "data.tree" is null.
   at: get_tree (scene/main/node.h:446)
SCRIPT ERROR: Invalid access to property or key 'current_scene' on a base object of type 'null instance'.
          at: _on_tree_changed (res://scripts/autoload/penultimate_hit_effects_manager.gd:551)
ERROR: Parameter "data.tree" is null.
   at: get_tree (scene/main/node.h:446)
SCRIPT ERROR: Invalid access to property or key 'current_scene' on a base object of type 'null instance'.
          at: _on_tree_changed (res://scripts/autoload/last_chance_effects_manager.gd:1418)
ERROR: Parameter "data.tree" is null.
   at: get_tree (scene/main/node.h:446)
SCRIPT ERROR: Invalid access to property or key 'current_scene' on a base object of type 'null instance'.
          at: _on_tree_changed (res://scripts/autoload/cinema_effects_manager.gd:661)
ERROR: Parameter "data.tree" is null.
   at: get_tree (scene/main/node.h:446)
SCRIPT ERROR: Invalid access to property or key 'current_scene' on a base object of type 'null instance'.
          at: _on_tree_changed (res://scripts/autoload/power_fantasy_effects_manager.gd:230)
ERROR: Parameter "data.tree" is null.
   at: get_tree (scene/main/node.h:446)
SCRIPT ERROR: Invalid access to property or key 'current_scene' on a base object of type 'null instance'.
          at: _on_tree_changed (res://scripts/autoload/black_metal_effects_manager.gd:151)
ERROR: Parameter "data.tree" is null.
   at: get_tree (scene/main/node.h:446)
SCRIPT ERROR: Invalid access to property or key 'current_scene' on a base object of type 'null instance'.
          at: _on_tree_changed (res://scripts/autoload/flashbang_player_effects_manager.gd:232)
ERROR: Parameter "data.tree" is null.
   at: get_tree (scene/main/node.h:446)
SCRIPT ERROR: Invalid access to property or key 'current_scene' on a base object of type 'null instance'.
          at: _on_tree_changed (res://scripts/autoload/persist_manager.gd:290)
ERROR: Parameter "data.tree" is null.
   at: get_tree (scene/main/node.h:446)
SCRIPT ERROR: Invalid access to property or key 'current_scene' on a base object of type 'null instance'.
          at: _on_tree_changed (res://scripts/autoload/hit_effects_manager.gd:192)
ERROR: Parameter "data.tree" is null.
   at: get_tree (scene/main/node.h:446)
SCRIPT ERROR: Invalid access to property or key 'current_scene' on a base object of type 'null instance'.
          at: _on_tree_changed (res://scripts/autoload/screen_shake_manager.gd:171)
ERROR: Parameter "data.tree" is null.
   at: get_tree (scene/main/node.h:446)
SCRIPT ERROR: Invalid access to property or key 'current_scene' on a base object of type 'null instance'.
          at: _on_tree_changed (res://scripts/autoload/impact_effects_manager.gd:1054)
ERROR: Parameter "data.tree" is null.
   at: get_tree (scene/main/node.h:446)
SCRIPT ERROR: Invalid access to property or key 'current_scene' on a base object of type 'null instance'.
          at: _on_tree_changed (res://scripts/autoload/penultimate_hit_effects_manager.gd:551)
ERROR: Parameter "data.tree" is null.
   at: get_tree (scene/main/node.h:446)
SCRIPT ERROR: Invalid access to property or key 'current_scene' on a base object of type 'null instance'.
          at: _on_tree_changed (res://scripts/autoload/last_chance_effects_manager.gd:1418)
ERROR: Parameter "data.tree" is null.
   at: get_tree (scene/main/node.h:446)
SCRIPT ERROR: Invalid access to property or key 'current_scene' on a base object of type 'null instance'.
          at: _on_tree_changed (res://scripts/autoload/cinema_effects_manager.gd:661)
ERROR: Parameter "data.tree" is null.
   at: get_tree (scene/main/node.h:446)
SCRIPT ERROR: Invalid access to property or key 'current_scene' on a base object of type 'null instance'.
          at: _on_tree_changed (res://scripts/autoload/power_fantasy_effects_manager.gd:230)
ERROR: Parameter "data.tree" is null.
   at: get_tree (scene/main/node.h:446)
SCRIPT ERROR: Invalid access to property or key 'current_scene' on a base object of type 'null instance'.
          at: _on_tree_changed (res://scripts/autoload/black_metal_effects_manager.gd:151)
ERROR: Parameter "data.tree" is null.
   at: get_tree (scene/main/node.h:446)
SCRIPT ERROR: Invalid access to property or key 'current_scene' on a base object of type 'null instance'.
          at: _on_tree_changed (res://scripts/autoload/flashbang_player_effects_manager.gd:232)
ERROR: Parameter "data.tree" is null.
   at: get_tree (scene/main/node.h:446)
SCRIPT ERROR: Invalid access to property or key 'current_scene' on a base object of type 'null instance'.
          at: _on_tree_changed (res://scripts/autoload/persist_manager.gd:290)
ERROR: Parameter "data.tree" is null.
   at: get_tree (scene/main/node.h:446)
SCRIPT ERROR: Invalid access to property or key 'current_scene' on a base object of type 'null instance'.
          at: _on_tree_changed (res://scripts/autoload/hit_effects_manager.gd:192)
ERROR: Parameter "data.tree" is null.
   at: get_tree (scene/main/node.h:446)
SCRIPT ERROR: Invalid access to property or key 'current_scene' on a base object of type 'null instance'.
          at: _on_tree_changed (res://scripts/autoload/screen_shake_manager.gd:171)
ERROR: Parameter "data.tree" is null.
   at: get_tree (scene/main/node.h:446)
SCRIPT ERROR: Invalid access to property or key 'current_scene' on a base object of type 'null instance'.
          at: _on_tree_changed (res://scripts/autoload/impact_effects_manager.gd:1054)
ERROR: Parameter "data.tree" is null.
   at: get_tree (scene/main/node.h:446)
SCRIPT ERROR: Invalid access to property or key 'current_scene' on a base object of type 'null instance'.
          at: _on_tree_changed (res://scripts/autoload/penultimate_hit_effects_manager.gd:551)
ERROR: Parameter "data.tree" is null.
   at: get_tree (scene/main/node.h:446)
SCRIPT ERROR: Invalid access to property or key 'current_scene' on a base object of type 'null instance'.
          at: _on_tree_changed (res://scripts/autoload/last_chance_effects_manager.gd:1418)
ERROR: Parameter "data.tree" is null.
   at: get_tree (scene/main/node.h:446)
SCRIPT ERROR: Invalid access to property or key 'current_scene' on a base object of type 'null instance'.
          at: _on_tree_changed (res://scripts/autoload/cinema_effects_manager.gd:661)
ERROR: Parameter "data.tree" is null.
   at: get_tree (scene/main/node.h:446)
SCRIPT ERROR: Invalid access to property or key 'current_scene' on a base object of type 'null instance'.
          at: _on_tree_changed (res://scripts/autoload/power_fantasy_effects_manager.gd:230)
ERROR: Parameter "data.tree" is null.
   at: get_tree (scene/main/node.h:446)
SCRIPT ERROR: Invalid access to property or key 'current_scene' on a base object of type 'null instance'.
          at: _on_tree_changed (res://scripts/autoload/black_metal_effects_manager.gd:151)
ERROR: Parameter "data.tree" is null.
   at: get_tree (scene/main/node.h:446)
SCRIPT ERROR: Invalid access to property or key 'current_scene' on a base object of type 'null instance'.
          at: _on_tree_changed (res://scripts/autoload/flashbang_player_effects_manager.gd:232)
ERROR: Parameter "data.tree" is null.
   at: get_tree (scene/main/node.h:446)
SCRIPT ERROR: Invalid access to property or key 'current_scene' on a base object of type 'null instance'.
          at: _on_tree_changed (res://scripts/autoload/persist_manager.gd:290)
ERROR: Parameter "data.tree" is null.
   at: get_tree (scene/main/node.h:446)
SCRIPT ERROR: Invalid access to property or key 'current_scene' on a base object of type 'null instance'.
          at: _on_tree_changed (res://scripts/autoload/hit_effects_manager.gd:192)
ERROR: Parameter "data.tree" is null.
   at: get_tree (scene/main/node.h:446)
SCRIPT ERROR: Invalid access to property or key 'current_scene' on a base object of type 'null instance'.
          at: _on_tree_changed (res://scripts/autoload/screen_shake_manager.gd:171)
ERROR: Parameter "data.tree" is null.
   at: get_tree (scene/main/node.h:446)
SCRIPT ERROR: Invalid access to property or key 'current_scene' on a base object of type 'null instance'.
          at: _on_tree_changed (res://scripts/autoload/impact_effects_manager.gd:1054)
ERROR: Parameter "data.tree" is null.
   at: get_tree (scene/main/node.h:446)
SCRIPT ERROR: Invalid access to property or key 'current_scene' on a base object of type 'null instance'.
          at: _on_tree_changed (res://scripts/autoload/penultimate_hit_effects_manager.gd:551)
ERROR: Parameter "data.tree" is null.
   at: get_tree (scene/main/node.h:446)
SCRIPT ERROR: Invalid access to property or key 'current_scene' on a base object of type 'null instance'.
          at: _on_tree_changed (res://scripts/autoload/last_chance_effects_manager.gd:1418)
ERROR: Parameter "data.tree" is null.
   at: get_tree (scene/main/node.h:446)
SCRIPT ERROR: Invalid access to property or key 'current_scene' on a base object of type 'null instance'.
          at: _on_tree_changed (res://scripts/autoload/cinema_effects_manager.gd:661)
ERROR: Parameter "data.tree" is null.
   at: get_tree (scene/main/node.h:446)
SCRIPT ERROR: Invalid access to property or key 'current_scene' on a base object of type 'null instance'.
          at: _on_tree_changed (res://scripts/autoload/power_fantasy_effects_manager.gd:230)
ERROR: Parameter "data.tree" is null.
   at: get_tree (scene/main/node.h:446)
SCRIPT ERROR: Invalid access to property or key 'current_scene' on a base object of type 'null instance'.
          at: _on_tree_changed (res://scripts/autoload/black_metal_effects_manager.gd:151)
ERROR: Parameter "data.tree" is null.
   at: get_tree (scene/main/node.h:446)
SCRIPT ERROR: Invalid access to property or key 'current_scene' on a base object of type 'null instance'.
          at: _on_tree_changed (res://scripts/autoload/flashbang_player_effects_manager.gd:232)
ERROR: Parameter "data.tree" is null.
   at: get_tree (scene/main/node.h:446)
SCRIPT ERROR: Invalid access to property or key 'current_scene' on a base object of type 'null instance'.
          at: _on_tree_changed (res://scripts/autoload/persist_manager.gd:290)
ERROR: Parameter "data.tree" is null.
   at: get_tree (scene/main/node.h:446)
SCRIPT ERROR: Invalid access to property or key 'current_scene' on a base object of type 'null instance'.
          at: _on_tree_changed (res://scripts/autoload/hit_effects_manager.gd:192)
ERROR: Parameter "data.tree" is null.
   at: get_tree (scene/main/node.h:446)
SCRIPT ERROR: Invalid access to property or key 'current_scene' on a base object of type 'null instance'.
          at: _on_tree_changed (res://scripts/autoload/screen_shake_manager.gd:171)
ERROR: Parameter "data.tree" is null.
   at: get_tree (scene/main/node.h:446)
SCRIPT ERROR: Invalid access to property or key 'current_scene' on a base object of type 'null instance'.
          at: _on_tree_changed (res://scripts/autoload/impact_effects_manager.gd:1054)
ERROR: Parameter "data.tree" is null.
   at: get_tree (scene/main/node.h:446)
SCRIPT ERROR: Invalid access to property or key 'current_scene' on a base object of type 'null instance'.
          at: _on_tree_changed (res://scripts/autoload/penultimate_hit_effects_manager.gd:551)
ERROR: Parameter "data.tree" is null.
   at: get_tree (scene/main/node.h:446)
SCRIPT ERROR: Invalid access to property or key 'current_scene' on a base object of type 'null instance'.
          at: _on_tree_changed (res://scripts/autoload/last_chance_effects_manager.gd:1418)
ERROR: Parameter "data.tree" is null.
   at: get_tree (scene/main/node.h:446)
SCRIPT ERROR: Invalid access to property or key 'current_scene' on a base object of type 'null instance'.
          at: _on_tree_changed (res://scripts/autoload/cinema_effects_manager.gd:661)
ERROR: Parameter "data.tree" is null.
   at: get_tree (scene/main/node.h:446)
SCRIPT ERROR: Invalid access to property or key 'current_scene' on a base object of type 'null instance'.
          at: _on_tree_changed (res://scripts/autoload/power_fantasy_effects_manager.gd:230)
ERROR: Parameter "data.tree" is null.
   at: get_tree (scene/main/node.h:446)
SCRIPT ERROR: Invalid access to property or key 'current_scene' on a base object of type 'null instance'.
          at: _on_tree_changed (res://scripts/autoload/black_metal_effects_manager.gd:151)
ERROR: Parameter "data.tree" is null.
   at: get_tree (scene/main/node.h:446)
SCRIPT ERROR: Invalid access to property or key 'current_scene' on a base object of type 'null instance'.
          at: _on_tree_changed (res://scripts/autoload/flashbang_player_effects_manager.gd:232)
ERROR: Parameter "data.tree" is null.
   at: get_tree (scene/main/node.h:446)
SCRIPT ERROR: Invalid access to property or key 'current_scene' on a base object of type 'null instance'.
          at: _on_tree_changed (res://scripts/autoload/persist_manager.gd:290)
[19:52:10] [INFO] ------------------------------------------------------------
[19:52:10] [INFO] GAME LOG ENDED: 2026-04-16T19:52:10
[19:52:10] [INFO] ============================================================
ERROR: 3 RID allocations of type 'PN13RendererDummy14TextureStorage12DummyTextureE' were leaked at exit.
ERROR: 1 RID allocations of type 'N13RendererDummy15MaterialStorage11DummyShaderE' were leaked at exit.
WARNING: ObjectDB instances leaked at exit (run with --verbose for details).
     at: cleanup (core/object/object.cpp:2284)
ERROR: 14 resources still in use at exit (run with --verbose for details).
   at: clear (core/io/resource.cpp:604)
