Godot Engine v4.3.stable.mono.official.77dcf97d8 - https://godotengine.org

ERROR: Failed loading resource: res://resources/translations/translations.csv. Make sure resources have been imported by opening the project in the editor at least once.
   at: _load (core/io/resource_loader.cpp:283)
ERROR: Failed to instantiate an autoload, script 'res://Scripts/Autoload/GrenadeTimerHelper.cs' does not inherit from 'Node'.
   at: start (main/main.cpp:3678)
ERROR: Failed to instantiate an autoload, script 'res://Scripts/Autoload/ReplayManager.cs' does not inherit from 'Node'.
   at: start (main/main.cpp:3678)
SCRIPT ERROR: Parse Error: Class "ProjectilePoolManager" hides an autoload singleton.
          at: GDScript::reload (res://scripts/autoload/projectile_pool_manager.gd:2)
ERROR: Failed to load script "res://scripts/autoload/projectile_pool_manager.gd" with error "Parse error".
   at: load (modules/gdscript/gdscript.cpp:2936)
ERROR: Failed to instantiate an autoload, script 'res://scripts/autoload/projectile_pool_manager.gd' does not inherit from 'Node'.
   at: start (main/main.cpp:3678)
SCRIPT ERROR: Parse Error: The variable type is being inferred from a Variant value, so it will be typed as Variant. (Warning treated as error.)
          at: GDScript::reload (res://scripts/autoload/localization_settings.gd:100)
ERROR: Failed to load script "res://scripts/autoload/localization_settings.gd" with error "Parse error".
   at: load (modules/gdscript/gdscript.cpp:2936)
ERROR: Failed to instantiate an autoload, script 'res://scripts/autoload/localization_settings.gd' does not inherit from 'Node'.
   at: start (main/main.cpp:3678)
[00:39:05] [INFO] ============================================================
[00:39:05] [INFO] GAME LOG STARTED
[00:39:05] [INFO] ============================================================
[00:39:05] [INFO] Timestamp: 2026-04-18T00:39:05
[00:39:05] [INFO] Log file: /tmp/godot-4.3-mono/godot/game_log_20260418_003905.txt
[00:39:05] [INFO] Executable: /tmp/godot-4.3-mono/godot/Godot_v4.3-stable_mono_linux.x86_64
[00:39:05] [INFO] OS: Linux
[00:39:05] [INFO] Debug build: true
[00:39:05] [INFO] Engine version: 4.3-stable (official)
[00:39:05] [INFO] Project: Godot Top-Down Template
[00:39:05] [INFO] Build info: not available (build_info.cfg not found)
[00:39:05] [INFO] ------------------------------------------------------------
[00:39:05] [INFO] [GameManager] GameManager ready
[00:39:05] [INFO] [ScoreManager] ScoreManager ready
[HitEffectsManager] Starting saturation shader warmup (Issue #343 fix)...
[00:39:05] [INFO] [SoundPropagation] SoundPropagation autoload initialized
[00:39:05] [INFO] [DifficultyManager] Loaded difficulty: Normal (value: 1)
[ImpactEffectsManager] _ready() STARTING - FULL VERSION...
[ImpactEffectsManager] FileLogger found successfully
[ImpactEffects] Scenes loaded: DustEffect, BloodEffect, SparksEffect, BloodDecal
[00:39:05] [INFO] [ImpactEffects] Scenes loaded: DustEffect, BloodEffect, SparksEffect, BloodDecal
[ImpactEffects] ImpactEffectsManager ready - FULL VERSION with blood effects enabled
[00:39:05] [INFO] [ImpactEffects] ImpactEffectsManager ready - FULL VERSION with blood effects enabled
[ImpactEffects] Explosion light pool initialized: 12 lights pre-created
[00:39:05] [INFO] [ImpactEffects] Explosion light pool initialized: 12 lights pre-created
[ImpactEffects] Dust effect pool initialized: 16 effects pre-created
[00:39:05] [INFO] [ImpactEffects] Dust effect pool initialized: 16 effects pre-created
[ImpactEffects] Starting particle shader warmup (Issue #343 fix)...
[00:39:05] [INFO] [ImpactEffects] Starting particle shader warmup (Issue #343 fix)...
[00:39:05] [INFO] [BloodDecal] Blood puddle created at (640, 360) (added to group)
[00:39:05] [INFO] [PenultimateHit] Saturation shader loaded successfully
[00:39:05] [INFO] [PenultimateHit] Starting shader warmup (Issue #343 fix)...
[00:39:05] [INFO] [PenultimateHit] PenultimateHitEffectsManager ready - Configuration:
[00:39:05] [INFO] [PenultimateHit]   Time scale: 0.10 (10x slowdown)
[00:39:05] [INFO] [PenultimateHit]   Saturation boost: 2.0 (3.0x)
[00:39:05] [INFO] [PenultimateHit]   Contrast boost: 1.0 (2.0x)
[00:39:05] [INFO] [PenultimateHit]   Effect duration: 3.0 real seconds
[00:39:05] [INFO] [LastChance] Last chance shader loaded successfully
[00:39:05] [INFO] [LastChance] Starting shader warmup (Issue #343 fix)...
[00:39:05] [INFO] [LastChance] LastChanceEffectsManager ready - Configuration:
[00:39:05] [INFO] [LastChance]   Freeze duration: 6.0 real seconds
[00:39:05] [INFO] [LastChance]   Sepia intensity: 0.70
[00:39:05] [INFO] [LastChance]   Brightness: 0.60
WARNING: res://scenes/projectiles/FlashbangGrenade.tscn:4 - ext_resource, invalid UID: uid://b7qx4h3k5m2n9 - using text path instead: res://assets/sprites/weapons/flashbang.png
     at: load (scene/resources/resource_format_text.cpp:453)
[00:39:05] [INFO] [GrenadeManager] Loaded grenade scene: res://scenes/projectiles/FlashbangGrenade.tscn
WARNING: res://scenes/projectiles/FragGrenade.tscn:4 - ext_resource, invalid UID: uid://cfrag7qx4h3k5m2 - using text path instead: res://assets/sprites/weapons/frag_grenade.png
     at: load (scene/resources/resource_format_text.cpp:453)
[00:39:05] [INFO] [GrenadeManager] Loaded grenade scene: res://scenes/projectiles/FragGrenade.tscn
WARNING: res://scenes/projectiles/DefensiveGrenade.tscn:4 - ext_resource, invalid UID: uid://cdefgr7qx4h3k5 - using text path instead: res://assets/sprites/weapons/defensive_grenade.png
     at: load (scene/resources/resource_format_text.cpp:453)
[00:39:05] [INFO] [GrenadeManager] Loaded grenade scene: res://scenes/projectiles/DefensiveGrenade.tscn
WARNING: res://scenes/projectiles/AggressionGasGrenade.tscn:4 - ext_resource, invalid UID: uid://cagggas7qx4h3k5 - using text path instead: res://assets/sprites/weapons/aggression_gas_grenade.png
     at: load (scene/resources/resource_format_text.cpp:453)
[00:39:05] [INFO] [GrenadeManager] Loaded grenade scene: res://scenes/projectiles/AggressionGasGrenade.tscn
[00:39:05] [INFO] [GrenadeManager] Loaded grenade scene: res://scenes/projectiles/DroneGrenade.tscn
[00:39:05] [INFO] [ExperimentalSettings] ExperimentalSettings initialized - FOV: true, Complex grenades: false, AI prediction: false, Debug: false, Invincibility: false, Realistic visibility: false, Replay: false, Logging: true, Enemy flashlight blinding: false, FPS counter: false, FPS drop logging: false, All weapons unlocked: false, All maps unlocked: false, Global stuck max time: 20.0s, Nav mesh visible: false, Search path visible: false, Passage waypoints visible: false, Passage waypoints: false, Sound visualizer: false, Enemy path visible: false, Cover raycast visible: false, Tactical group: false, Cover infinite rays: true, Cover sector rays: true, Roguelike unlocked: false
[00:39:05] [INFO] [NavMeshMonitor] NavMeshMonitor ready
[00:39:05] [INFO] [SoundSettings] SoundSettings initialized - effects: 1.00, music: 1.00
[00:39:05] [INFO] [GameplaySettings] GameplaySettings initialized - blood_amount: 1.00, wall_hit_particles: true, revolver_aim_assist: true, combo_font_size: 112
[00:39:05] [INFO] [CinemaEffects] CinemaEffectsManager initializing (v5.3 - overlay approach with simplified death circle)...
[00:39:05] [INFO] [CinemaEffects] Created effects layer at layer 99
[00:39:05] [INFO] [CinemaEffects] Cinema shader loaded successfully (v5.0 - no screen_texture)
[00:39:05] [INFO] [CinemaEffects] Starting cinema shader warmup (Issue #343 fix)...
[00:39:05] [INFO] [CinemaEffects] Cinema film effect initialized (v5.3) - Configuration:
[00:39:05] [INFO] [CinemaEffects]   Approach: Overlay-based (no screen_texture)
[00:39:05] [INFO] [CinemaEffects]   Grain intensity: 0.15
[00:39:05] [INFO] [CinemaEffects]   Warm tint: 0.12 intensity
[00:39:05] [INFO] [CinemaEffects]   Sunny effect: 0.08 intensity
[00:39:05] [INFO] [CinemaEffects]   Vignette: 0.25 intensity
[00:39:05] [INFO] [CinemaEffects]   Film defects: 1.5% probability
[00:39:05] [INFO] [CinemaEffects]   White specks: 0.70 intensity, 4.0% probability
[00:39:05] [INFO] [CinemaEffects]   Death effects: cigarette burn + expanding spots + end of reel circle (160px, blinks 2x)
[00:39:05] [INFO] [CinemaEffects] Enabling effect after 1 frame(s)...
[00:39:05] [INFO] [PowerFantasy] Saturation shader loaded successfully
[00:39:05] [INFO] [PowerFantasy] PowerFantasyEffectsManager ready - Configuration:
[00:39:05] [INFO] [PowerFantasy]   Kill effect duration: 600ms
[00:39:05] [INFO] [PowerFantasy]   Grenade effect duration: 2000ms (2.0s)
[00:39:05] [INFO] [BlackMetalEffectsManager] BlackMetalEffectsManager initializing...
[00:39:05] [INFO] [BlackMetalEffectsManager] Black Metal shader loaded (B&W+red, hint_screen_texture approach)
[00:39:05] [INFO] [BlackMetalEffectsManager] Starting shader warmup (Issue #343 pattern)...
[00:39:05] [INFO] [BlackMetalEffectsManager] Black Metal filter DISABLED
[00:39:05] [INFO] [BlackMetalLightningEffectsManager] BlackMetalLightningEffectsManager initializing...
[00:39:05] [INFO] [BlackMetalLightningEffectsManager] Lightning bolt drawer created (v10 - no shader, pure draw calls)
[00:39:05] [INFO] [BlackMetalLightningEffectsManager] Connected to GameManager.enemy_killed signal
[00:39:05] [INFO] [BlackMetalLightningEffectsManager] Starting shader warmup (Issue #343 pattern)...
[00:39:05] [INFO] [ProgressManager] ProgressManager ready, loaded 0 entries
[00:39:05] [INFO] [FlashbangPlayer] Flashbang player shader loaded successfully
[00:39:05] [INFO] [FlashbangPlayer] Starting shader warmup (Issue #343 fix)...
[00:39:05] [INFO] [FlashbangPlayer] FlashbangPlayerEffectsManager ready
[00:39:05] [INFO] [FlashbangPlayer]   Duration range: 1.0-5.0 seconds
[00:39:05] [INFO] [SceneLoader] SceneLoader initialized
[00:39:05] [INFO] [PersistManager] No saved state found (this is normal on first run)
[00:39:05] [INFO] [PersistManager] PersistManager ready
[00:39:05] [INFO] [UnlockManager] UnlockManager ready
[00:39:05] [INFO] [WeaponHintsSettings] WeaponHintsSettings initialized - mode: ALWAYS, weapons seen: []
[00:39:05] [INFO] [PerformanceSettings] PerformanceSettings initialized - particles: true, blood_decals: true, screen_shake: true, explosion_lights: true, warm_lights: true, ai: true
WARNING: Nodes with non-equal opposite anchors will have their size overridden after _ready(). 
If you want to set size, change the anchors or consider using set_deferred().
     at: _set_size (scene/gui/control.cpp:1448)
WARNING: Nodes with non-equal opposite anchors will have their size overridden after _ready(). 
If you want to set size, change the anchors or consider using set_deferred().
     at: _set_size (scene/gui/control.cpp:1448)
WARNING: Nodes with non-equal opposite anchors will have their size overridden after _ready(). 
If you want to set size, change the anchors or consider using set_deferred().
     at: _set_size (scene/gui/control.cpp:1448)
[00:39:05] [INFO] [UnlockNotificationManager] Connected to items_unlocked_by_condition
[00:39:05] [INFO] [UnlockNotificationManager] Connected to items_unlocked_by_kill_condition
[00:39:06] [INFO] [CinemaEffects] Player not found yet, will connect when scene changes
[00:39:06] [INFO] [PersistManager] First launch detected during GUT test run - skipping difficulty menu pause
[00:39:06] [INFO] [PersistManager] No saved level — starting at default level
[00:39:06] [INFO] [UnlockManager] Reset condition-gated items to locked state
[00:39:06] [INFO] [UnlockManager] Skipped restore for weapon 'silenced_pistol' (condition not met — treating as corrupt save)
[00:39:06] [INFO] [UnlockManager] Skipped restore for weapon 'ak_gl' (condition not met — treating as corrupt save)
[HitEffectsManager] Saturation shader warmup complete in 143 ms
[00:39:06] [INFO] [PenultimateHit] Shader warmup complete in 108 ms
[00:39:06] [INFO] [LastChance] Shader warmup complete in 107 ms
[00:39:06] [INFO] [CinemaEffects] Cinema shader warmup complete in 27 ms
[00:39:06] [INFO] [BlackMetalEffectsManager] Shader warmup complete in 25 ms
[00:39:06] [INFO] [BlackMetalLightningEffectsManager] Shader warmup complete in 0 ms
[00:39:06] [INFO] [FlashbangPlayer] Shader warmup complete in 24 ms
[00:39:06] [INFO] [CinemaEffects] Cinema effect now enabled (after 1 frames delay)


 ---  Gut  ---
[1m[INFO]:  [0musing [/workspace/.local/share/godot/app_userdata/Godot Top-Down Template] for temporary output.
Godot version:  4.3.0
GUT version:  9.2.1
[4m

res://tests/unit/test_weapon_hints_component.gd
[0m* test_hint_auto_dismiss_constant
[32m    [Passed]:  [0m[8.0] expected to equal [8.0]:  HINT_AUTO_DISMISS should be 8.0 seconds
* test_hint_spacing_constant
[32m    [Passed]:  [0m[60.0] expected to equal [60.0]:  HINT_SPACING should be 60.0 px
* test_hint_offset_y_constant
[32m    [Passed]:  [0m[-80.0] expected to equal [-80.0]:  HINT_OFFSET_Y should be -80.0 (above player)
* test_hint_offset_x_constant
[32m    [Passed]:  [0m[-150.0] expected to equal [-150.0]:  HINT_OFFSET_X should be -150.0
* test_hint_min_size_constant
[32m    [Passed]:  [0m[VECTOR2(300, 30)] expected to equal [VECTOR2(300, 30)]:  HINT_MIN_SIZE should be Vector2(300, 30)
* test_hint_fade_in_duration_constant
[32m    [Passed]:  [0m[0.3] expected to equal [0.3]:  HINT_FADE_IN_DURATION should be 0.3 seconds
* test_hint_strikethrough_duration_constant
[32m    [Passed]:  [0m[0.4] expected to equal [0.4]:  HINT_STRIKETHROUGH_DURATION should be 0.4 seconds
* test_hint_fade_out_duration_constant
[32m    [Passed]:  [0m[0.3] expected to equal [0.3]:  HINT_FADE_OUT_DURATION should be 0.3 seconds
* test_initial_state_no_hints_showing
[32m    [Passed]:  [0mHints should not be showing initially
[32m    [Passed]:  [0mHints should not be active initially
[32m    [Passed]:  [0m[""] expected to equal [""]:  Current weapon ID should be empty
[32m    [Passed]:  [0m[0] expected to equal [0]:  Shots fired should be 0
* test_initial_player_ref_null
[32m    [Passed]:  [0mExpected [<null>] to be NULL:  Player reference should be null initially
* test_initial_hint_labels_empty
[32m    [Passed]:  [0m[0] expected to equal [0]:  Hint labels dictionary should be empty
* test_initial_hint_timers_empty
[32m    [Passed]:  [0m[0] expected to equal [0]:  Hint timers dictionary should be empty
* test_auto_dismiss_is_positive
[32m    [Passed]:  [0m[8.0] expected to be > than [0.0]:  HINT_AUTO_DISMISS should be positive
* test_spacing_is_positive
[32m    [Passed]:  [0m[60.0] expected to be > than [0.0]:  HINT_SPACING should be positive
* test_offset_y_is_negative
[32m    [Passed]:  [0m[-80.0] expected to be < than [0.0]:  HINT_OFFSET_Y should be negative (above player)
* test_offset_x_is_negative
[32m    [Passed]:  [0m[-150.0] expected to be < than [0.0]:  HINT_OFFSET_X should be negative (left of center)
* test_fade_in_less_than_auto_dismiss
[32m    [Passed]:  [0m[0.3] expected to be < than [8.0]:  Fade-in duration should be much less than auto-dismiss time
* test_initial_sequential_hint_flags
[32m    [Passed]:  [0mBolt cycle hint should not be revealed initially
[32m    [Passed]:  [0mReload hint should not be revealed initially
[32m    [Passed]:  [0mScope used flag should be false initially
[32m    [Passed]:  [0mHammer cocked flag should be false initially
[32m    [Passed]:  [0mFire mode hint pending should be false initially
[32m    [Passed]:  [0mShotgun full reload active should be false initially
[32m    [Passed]:  [0mAK GL launcher hint shown should be false initially
* test_grenade_hint_shows_when_grenade_prepare_pressed_in_always_mode
[00:39:06] [INFO] [WeaponHintsComponent] Weapon node not found on player for: makarov_pm — hints not connected to actions
[00:39:06] [INFO] [WeaponHintsComponent] Hint sequence started for weapon: makarov_pm
[00:39:06] [INFO] [WeaponHintsComponent] Hint added 'grenade': [color=#ff4444][HINT_GRENADE_HOLD_G_RMB][/color] [color=#888888][HINT_GRENADE_DRAG_RIGHT][/color] [color=#888888][HINT_GRENADE_RELEASE_RMB][/color] [color=#888888][HINT_GRENADE_HOLD_RMB][/color] [color=#888888][HINT_GRENADE_RELEASE_G][/color] [color=#888888][HINT_GRENADE_AIM_RELEASE_RMB][/color]
[00:39:06] [INFO] [WeaponHintsComponent] Grenade hint shown after grenade_prepare
[32m    [Passed]:  [0mGrenade hint should appear when grenade_prepare is pressed and grenades are available
[32m    [Passed]:  [0m[0] expected to equal [0]:  Grenade hint should keep the first G+RMB instruction highlighted until RMB is also held
* test_grenade_hint_does_not_show_before_grenade_prepare_pressed
[00:39:06] [INFO] [WeaponHintsComponent] Weapon node not found on player for: makarov_pm — hints not connected to actions
[00:39:06] [INFO] [WeaponHintsComponent] Hint sequence started for weapon: makarov_pm
[32m    [Passed]:  [0mGrenade hint should stay hidden until grenade_prepare is pressed on non-Labyrinth maps
* test_grenade_hint_uses_player_method_and_stays_visible_until_throw
[00:39:06] [INFO] [WeaponHintsComponent] Weapon node not found on player for: makarov_pm — hints not connected to actions
[00:39:06] [INFO] [WeaponHintsComponent] Hint sequence started for weapon: makarov_pm
[00:39:06] [INFO] [WeaponHintsComponent] Hint added 'grenade': [color=#ff4444][HINT_GRENADE_HOLD_G_RMB][/color] [color=#888888][HINT_GRENADE_DRAG_RIGHT][/color] [color=#888888][HINT_GRENADE_RELEASE_RMB][/color] [color=#888888][HINT_GRENADE_HOLD_RMB][/color] [color=#888888][HINT_GRENADE_RELEASE_G][/color] [color=#888888][HINT_GRENADE_AIM_RELEASE_RMB][/color]
[00:39:06] [INFO] [WeaponHintsComponent] Grenade hint shown after grenade_prepare
[32m    [Passed]:  [0mGrenade hint should appear when GetCurrentGrenades() reports grenades
[32m    [Passed]:  [0mGrenade hint should stay visible after the pin is pulled even when the normal-level grenade count drops to zero
[32m    [Passed]:  [0m[3] expected to equal [3]:  Grenade hint should advance to the second RMB hold step after a valid pin-pull release
[00:39:06] [INFO] [WeaponHintsComponent] Dismissing hint 'grenade'
[00:39:06] [INFO] [WeaponHintsComponent] Grenade thrown — grenade hint dismissed
[32m    [Passed]:  [0mGrenade hint should only start dismissing after grenade_thrown is emitted
* test_grenade_hint_is_not_limited_to_m16_weapon_id
[00:39:06] [INFO] [WeaponHintsComponent] Weapon node not found on player for: makarov_pm — hints not connected to actions
[00:39:06] [INFO] [WeaponHintsComponent] Hint sequence started for weapon: makarov_pm
[00:39:06] [INFO] [WeaponHintsComponent] Hint added 'grenade': [color=#ff4444][HINT_GRENADE_HOLD_G_RMB][/color] [color=#888888][HINT_GRENADE_DRAG_RIGHT][/color] [color=#888888][HINT_GRENADE_RELEASE_RMB][/color] [color=#888888][HINT_GRENADE_HOLD_RMB][/color] [color=#888888][HINT_GRENADE_RELEASE_G][/color] [color=#888888][HINT_GRENADE_AIM_RELEASE_RMB][/color]
[00:39:06] [INFO] [WeaponHintsComponent] Grenade hint shown after grenade_prepare
[32m    [Passed]:  [0mGrenade hint should work on non-tutorial levels even when current weapon ID is not m16
* test_grenade_hint_uses_reviewed_six_step_text_source
[32m    [Passed]:  [0mWeapon hints grenade training should use the reviewed hold G+RMB translation
[32m    [Passed]:  [0mWeapon hints grenade training should include the drag-right action
[32m    [Passed]:  [0mWeapon hints grenade training should include the RMB-release action
[32m    [Passed]:  [0mWeapon hints grenade training should include the second RMB-hold action
[32m    [Passed]:  [0mWeapon hints grenade training should include the G-release action
[32m    [Passed]:  [0mWeapon hints grenade training should include the final aim/release action
* test_grenade_hint_progresses_through_reviewed_sequence
[00:39:06] [INFO] [WeaponHintsComponent] Weapon node not found on player for: makarov_pm — hints not connected to actions
[00:39:06] [INFO] [WeaponHintsComponent] Hint sequence started for weapon: makarov_pm
[00:39:06] [INFO] [WeaponHintsComponent] Hint added 'grenade': [color=#ff4444][HINT_GRENADE_HOLD_G_RMB][/color] [color=#888888][HINT_GRENADE_DRAG_RIGHT][/color] [color=#888888][HINT_GRENADE_RELEASE_RMB][/color] [color=#888888][HINT_GRENADE_HOLD_RMB][/color] [color=#888888][HINT_GRENADE_RELEASE_G][/color] [color=#888888][HINT_GRENADE_AIM_RELEASE_RMB][/color]
[00:39:06] [INFO] [WeaponHintsComponent] Grenade hint shown after grenade_prepare
[32m    [Passed]:  [0m[0] expected to equal [0]:  G alone should show the hint without marking the first action complete
[32m    [Passed]:  [0m[1] expected to equal [1]:  Holding G+RMB should move to the drag-right action
[32m    [Passed]:  [0m[2] expected to equal [2]:  Dragging right should move to the RMB-release action
[32m    [Passed]:  [0m[3] expected to equal [3]:  Releasing RMB after the pin is pulled should move to the second RMB-hold action
[32m    [Passed]:  [0m[4] expected to equal [4]:  Holding RMB again should move to the release-G action
[32m    [Passed]:  [0m[5] expected to equal [5]:  Releasing G while RMB remains held should highlight the final aim/release action
* test_find_weapon_node_maps_silenced_pistol_for_training_hints
[32m    [Passed]:  [0m[SilencedPistol:<Node#96502548700>(test_weapon_hints_component.gd/MockWeapon)] expected to equal [SilencedPistol:<Node#96502548700>(test_weapon_hints_component.gd/MockWeapon)]:  Silenced pistol should map to the C# SilencedPistol node so training can connect
* test_revolver_open_close_without_loading_rolls_reload_hint_back
[00:39:06] [INFO] [WeaponHintsComponent] Revolver reload state 1 → hint step 1 updated
[32m    [Passed]:  [0mOpening the cylinder should advance the reload hint to the insert step
[00:39:06] [INFO] [WeaponHintsComponent] Revolver reload closed without loading — hint rolled back
[32m    [Passed]:  [0mClosing an empty reload should not dismiss the revolver reload hint
[32m    [Passed]:  [0mClosing without loading should not start the dismiss animation
[32m    [Passed]:  [0m[0.0] expected to equal [0.0]:  Closing without loading should clear partial strikethrough progress
[32m    [Passed]:  [0mRollback should clear the revolver loaded-cartridge tracker
[33m    [Orphans]:  [0m2 new orphans in test.
* test_revolver_reload_dismisses_after_cartridge_inserted_then_closed
[00:39:06] [INFO] [WeaponHintsComponent] Revolver reload state 1 → hint step 1 updated
[00:39:06] [INFO] [WeaponHintsComponent] Revolver reload state 2 → hint step 2 updated
[00:39:06] [INFO] [WeaponHintsComponent] Revolver reload completed after cartridge load
[00:39:06] [INFO] [WeaponHintsComponent] Dismissing hint 'reload'
[00:39:06] [INFO] [WeaponHintsComponent] Reload completed — reload hint dismissed for: revolver
[32m    [Passed]:  [0mClosing after inserting a cartridge should dismiss the revolver reload hint
[33m    [Orphans]:  [0m2 new orphans in test.
* test_shotgun_open_close_without_loading_rolls_full_reload_hint_back
ERROR: not all arguments converted during string formatting
   at: validated_evaluate (core/variant/variant_op.h:1006)
[31m    [Failed]:  [0m[0.25] expected to equal [0.0]:  Opening the shotgun bolt should not count as shell loading
      at line -1
ERROR: not all arguments converted during string formatting
   at: validated_evaluate (core/variant/variant_op.h:1006)
[00:39:06] [INFO] [WeaponHintsComponent] Shotgun reload closed without loading — hint rolled back
[32m    [Passed]:  [0mClosing without loading should keep the shotgun full reload hint visible
[32m    [Passed]:  [0mClosing without loading should not dismiss the shotgun full reload hint
[32m    [Passed]:  [0m[0.0] expected to equal [0.0]:  Closing without loading should keep strikethrough cleared
[32m    [Passed]:  [0mRollback should clear the shotgun loaded-shell tracker
[33m    [Orphans]:  [0m2 new orphans in test.
* test_shotgun_full_reload_dismisses_after_shell_loaded_then_closed
ERROR: not all arguments converted during string formatting
   at: validated_evaluate (core/variant/variant_op.h:1006)
ERROR: not all arguments converted during string formatting
   at: validated_evaluate (core/variant/variant_op.h:1006)
[00:39:06] [INFO] [WeaponHintsComponent] Shotgun reload completed after shell load
[00:39:06] [INFO] [WeaponHintsComponent] Dismissing hint 'bolt_cycle'
[00:39:06] [INFO] [WeaponHintsComponent] Reload completed — reload hint dismissed for: shotgun
[32m    [Passed]:  [0mClosing after loading a shell should dismiss the shotgun full reload hint
[33m    [Orphans]:  [0m2 new orphans in test.
[33m[Orphans]:  [0m8 new orphans in script.
[1m28/29 passed.
[0m[4m

res://tests/unit/test_labyrinth_grenade_tutorial.gd
[0m* test_grenade_hint_resets_when_prepare_is_aborted
[32m    [Passed]:  [0m[1] expected to equal [1]:  Only the real G+RMB prepare state should advance the hint to the release step
[32m    [Passed]:  [0m[0.25] expected to equal [0.25]:  First hint segment should be struck through while the prepare state is active
[32m    [Passed]:  [0m[0] expected to equal [0]:  Releasing RMB before the throw is armed should reset the grenade tutorial back to the first step
[32m    [Passed]:  [0m[0.0] expected to equal [0.0]:  Aborting the combo should clear the partial strikethrough progress
[32m    [Passed]:  [0mExpected '[color=#ff4444][G+ПКМ вправо][/color] [color=#888888][G+ПКМ→отпусти G] [ПКМ бросок][/color]' to contain '[color=#ff4444][G+ПКМ вправо][/color]', match_case=After reset the first instruction should be highlighted again
[33m    [Orphans]:  [0m2 new orphans in test.
* test_grenade_hint_advances_to_throw_only_after_g_is_released_while_rmb_stays_held
[32m    [Passed]:  [0m[2] expected to equal [2]:  Releasing G while RMB remains held should move the tutorial to the throw step
[32m    [Passed]:  [0m[0.6] expected to equal [0.6]:  Throw step should extend the strikethrough through the first two segments
[32m    [Passed]:  [0mExpected '[color=#888888][G+ПКМ вправо] [G+ПКМ→отпусти G][/color] [color=#ff4444][ПКМ бросок][/color]' to contain '[color=#ff4444][ПКМ бросок][/color]', match_case=Throw step should highlight the final RMB throw action
[33m    [Orphans]:  [0m2 new orphans in test.
* test_grenade_hint_does_not_advance_without_real_prepare_state
[32m    [Passed]:  [0m[0] expected to equal [0]:  Raw input alone must not advance the grenade tutorial before the grenade state machine arms the throw
[32m    [Passed]:  [0m[0.0] expected to equal [0.0]:  Without the real prepare state, the grenade hint should stay at its initial strikethrough progress
[33m    [Orphans]:  [0m2 new orphans in test.
* test_grenade_hint_press_and_release_g_without_activation_stays_initial
[32m    [Passed]:  [0m[0] expected to equal [0]:  Pressing and releasing G without activating the grenade must leave the tutorial at the initial step
[32m    [Passed]:  [0m[0.0] expected to equal [0.0]:  Pressing and releasing G without activation must not strike through any grenade hint segment
[33m    [Orphans]:  [0m2 new orphans in test.
* test_tutorial_level_resets_grenade_hint_text_and_strikethrough_on_abort
[32m    [Passed]:  [0mTutorial level should have an explicit grenade rollback helper
[32m    [Passed]:  [0mAborted grenade preparation should restore the initial highlighted instruction
[32m    [Passed]:  [0mAborted grenade preparation should clear the already drawn strikethrough
[33m    [Orphans]:  [0m2 new orphans in test.
* test_labyrinth_grenade_hint_does_not_gate_initial_hold_on_timer_state
[32m    [Passed]:  [0mLabyrinth should rebuild the visible grenade hint when a partial attempt rolls back
[32m    [Passed]:  [0mLabyrinth rollback should clear the visible grenade strikethrough
[32m    [Passed]:  [0mLabyrinth should acknowledge the initial G+RMB hold while the C# grenade state is still idle
[32m    [Passed]:  [0mLabyrinth should wait for the C# pin-pull state before completing the RMB-release step
[32m    [Passed]:  [0mLabyrinth must not wait for TimerStarted before acknowledging the initial G+RMB hold, because the C# state changes only after the drag-release completes
[33m    [Orphans]:  [0m2 new orphans in test.
* test_reload_hint_rolls_back_when_reload_sequence_is_canceled
[32m    [Passed]:  [0m[0.17] expected to equal [0.17]:  Completing the first reload action should strike through its segment
[32m    [Passed]:  [0m[0.0] expected to equal [0.0]:  Canceling reload should remove the partial strikethrough
[32m    [Passed]:  [0mExpected '[color=#ff4444][R][/color] [color=#888888][F] [R][/color] reload' to contain '[color=#ff4444][R][/color]', match_case=Canceling reload should highlight the initial R action again
[33m    [Orphans]:  [0m2 new orphans in test.
* test_player_exposes_reload_sequence_canceled_signal
[32m    [Passed]:  [0mPlayer should emit a dedicated signal when the taught reload action rolls back
[32m    [Passed]:  [0mPlayer reload reset should notify tutorial hints about cancellation
[33m    [Orphans]:  [0m2 new orphans in test.
* test_shotgun_reload_hint_resets_when_bolt_is_closed_without_loading_shells
[32m    [Passed]:  [0mClosing the bolt without loading shells must not complete the shotgun reload tutorial
[32m    [Passed]:  [0m[0] expected to equal [0]:  Canceled shotgun reload should not call the reload completion path
[32m    [Passed]:  [0m[0.0] expected to equal [0.0]:  Canceled shotgun reload should keep the strikethrough at the initial state
[32m    [Passed]:  [0mExpected '[color=#ff4444][ПКМ↑ открыть][/color] [color=#888888][СКМ+ПКМ↓ x8] [ПКМ↓ закрыть][/color]' to contain '[color=#ff4444][ПКМ↑ открыть][/color]', match_case=After canceling, the shotgun hint should highlight the initial open action again
[33m    [Orphans]:  [0m4 new orphans in test.
* test_shotgun_reload_hint_completes_only_after_loading_phase_started
[32m    [Passed]:  [0mReturning to idle after entering the loading phase should complete the shotgun reload tutorial
[32m    [Passed]:  [0m[1] expected to equal [1]:  Completed shotgun reload should call the reload completion path exactly once
[33m    [Orphans]:  [0m4 new orphans in test.
* test_training_shotgun_reload_handler_tracks_loaded_shell_before_completion
[32m    [Passed]:  [0mTraining tutorial must track whether the shotgun reload loaded a shell
[32m    [Passed]:  [0mTraining shotgun reload state=0 must complete only after shell loading
[32m    [Passed]:  [0mTraining shotgun reload state=0 before shell loading must roll the hint back
[32m    [Passed]:  [0mTraining shotgun rollback must clear partial strikethrough progress
[33m    [Orphans]:  [0m2 new orphans in test.
* test_training_revolver_open_close_rolls_hint_back_before_insert
[31m    [Failed]:  [0mTraining revolver reload state=0 must not complete/grey out the hint before cartridge insertion
      at line -1
[32m    [Passed]:  [0mTraining revolver open/close without insertion must roll the hint back
[32m    [Passed]:  [0mTraining revolver rollback must clear partial strikethrough progress
[33m    [Orphans]:  [0m2 new orphans in test.
[33m[Orphans]:  [0m28 new orphans in script.
[1m11/12 passed.
[0m



[33m==============================================
[0m[33m= Run Summary
[0m[33m==============================================
[0m[4m
res://tests/unit/test_weapon_hints_component.gd
[0m- test_shotgun_open_close_without_loading_rolls_full_reload_hint_back
[31m    [Failed]:  [0m[0.25] expected to equal [0.0]:  Opening the shotgun bolt should not count as shell loading
          at line -1
[4m
res://tests/unit/test_labyrinth_grenade_tutorial.gd
[0m- test_training_revolver_open_close_rolls_hint_back_before_insert
[31m    [Failed]:  [0mTraining revolver reload state=0 must not complete/grey out the hint before cartridge insertion
          at line -1

---- Totals ----
Scripts           2
Tests             41
  Passing         39
  Failing         2
Asserts           98
Time              0.022s


[33m[Orphans]:  [0m36 new orphans in total.
Note:  This count does not include GUT objects that will be freed upon exit.
       It also does not include any orphans created by global scripts
       loaded before tests were ran.
Total orphans = 39

[31m---- 2 failing tests ----
[0m
ERROR: Parameter "data.tree" is null.
   at: get_tree (scene/main/node.h:446)
SCRIPT ERROR: Invalid access to property or key 'current_scene' on a base object of type 'null instance'.
          at: _on_tree_changed (res://scripts/autoload/persist_manager.gd:304)
ERROR: Parameter "data.tree" is null.
   at: get_tree (scene/main/node.h:446)
SCRIPT ERROR: Invalid access to property or key 'current_scene' on a base object of type 'null instance'.
          at: _on_tree_changed (res://scripts/autoload/persist_manager.gd:304)
ERROR: Parameter "data.tree" is null.
   at: get_tree (scene/main/node.h:446)
SCRIPT ERROR: Invalid access to property or key 'current_scene' on a base object of type 'null instance'.
          at: _on_tree_changed (res://scripts/autoload/persist_manager.gd:304)
ERROR: Parameter "data.tree" is null.
   at: get_tree (scene/main/node.h:446)
SCRIPT ERROR: Invalid access to property or key 'current_scene' on a base object of type 'null instance'.
          at: _on_tree_changed (res://scripts/autoload/persist_manager.gd:304)
ERROR: Parameter "data.tree" is null.
   at: get_tree (scene/main/node.h:446)
SCRIPT ERROR: Invalid access to property or key 'current_scene' on a base object of type 'null instance'.
          at: _on_tree_changed (res://scripts/autoload/persist_manager.gd:304)
ERROR: Parameter "data.tree" is null.
   at: get_tree (scene/main/node.h:446)
SCRIPT ERROR: Invalid access to property or key 'current_scene' on a base object of type 'null instance'.
          at: _on_tree_changed (res://scripts/autoload/persist_manager.gd:304)
ERROR: Parameter "data.tree" is null.
   at: get_tree (scene/main/node.h:446)
SCRIPT ERROR: Invalid access to property or key 'current_scene' on a base object of type 'null instance'.
          at: _on_tree_changed (res://scripts/autoload/persist_manager.gd:304)
ERROR: Parameter "data.tree" is null.
   at: get_tree (scene/main/node.h:446)
SCRIPT ERROR: Invalid access to property or key 'current_scene' on a base object of type 'null instance'.
          at: _on_tree_changed (res://scripts/autoload/persist_manager.gd:304)
ERROR: Parameter "data.tree" is null.
   at: get_tree (scene/main/node.h:446)
SCRIPT ERROR: Invalid access to property or key 'current_scene' on a base object of type 'null instance'.
          at: _on_tree_changed (res://scripts/autoload/persist_manager.gd:304)
ERROR: Parameter "data.tree" is null.
   at: get_tree (scene/main/node.h:446)
SCRIPT ERROR: Invalid access to property or key 'current_scene' on a base object of type 'null instance'.
          at: _on_tree_changed (res://scripts/autoload/flashbang_player_effects_manager.gd:232)
ERROR: Parameter "data.tree" is null.
   at: get_tree (scene/main/node.h:446)
SCRIPT ERROR: Invalid access to property or key 'current_scene' on a base object of type 'null instance'.
          at: _on_tree_changed (res://scripts/autoload/persist_manager.gd:304)
ERROR: Parameter "data.tree" is null.
   at: get_tree (scene/main/node.h:446)
SCRIPT ERROR: Invalid access to property or key 'current_scene' on a base object of type 'null instance'.
          at: _on_tree_changed (res://scripts/autoload/flashbang_player_effects_manager.gd:232)
ERROR: Parameter "data.tree" is null.
   at: get_tree (scene/main/node.h:446)
SCRIPT ERROR: Invalid access to property or key 'current_scene' on a base object of type 'null instance'.
          at: _on_tree_changed (res://scripts/autoload/persist_manager.gd:304)
ERROR: Parameter "data.tree" is null.
   at: get_tree (scene/main/node.h:446)
SCRIPT ERROR: Invalid access to property or key 'current_scene' on a base object of type 'null instance'.
          at: _on_tree_changed (res://scripts/autoload/flashbang_player_effects_manager.gd:232)
ERROR: Parameter "data.tree" is null.
   at: get_tree (scene/main/node.h:446)
SCRIPT ERROR: Invalid access to property or key 'current_scene' on a base object of type 'null instance'.
          at: _on_tree_changed (res://scripts/autoload/persist_manager.gd:304)
ERROR: Parameter "data.tree" is null.
   at: get_tree (scene/main/node.h:446)
SCRIPT ERROR: Invalid access to property or key 'current_scene' on a base object of type 'null instance'.
          at: _on_tree_changed (res://scripts/autoload/flashbang_player_effects_manager.gd:232)
ERROR: Parameter "data.tree" is null.
   at: get_tree (scene/main/node.h:446)
SCRIPT ERROR: Invalid access to property or key 'current_scene' on a base object of type 'null instance'.
          at: _on_tree_changed (res://scripts/autoload/persist_manager.gd:304)
ERROR: Parameter "data.tree" is null.
   at: get_tree (scene/main/node.h:446)
SCRIPT ERROR: Invalid access to property or key 'current_scene' on a base object of type 'null instance'.
          at: _on_tree_changed (res://scripts/autoload/flashbang_player_effects_manager.gd:232)
ERROR: Parameter "data.tree" is null.
   at: get_tree (scene/main/node.h:446)
SCRIPT ERROR: Invalid access to property or key 'current_scene' on a base object of type 'null instance'.
          at: _on_tree_changed (res://scripts/autoload/persist_manager.gd:304)
ERROR: Parameter "data.tree" is null.
   at: get_tree (scene/main/node.h:446)
SCRIPT ERROR: Invalid access to property or key 'current_scene' on a base object of type 'null instance'.
          at: _on_tree_changed (res://scripts/autoload/flashbang_player_effects_manager.gd:232)
ERROR: Parameter "data.tree" is null.
   at: get_tree (scene/main/node.h:446)
SCRIPT ERROR: Invalid access to property or key 'current_scene' on a base object of type 'null instance'.
          at: _on_tree_changed (res://scripts/autoload/persist_manager.gd:304)
ERROR: Parameter "data.tree" is null.
   at: get_tree (scene/main/node.h:446)
SCRIPT ERROR: Invalid access to property or key 'current_scene' on a base object of type 'null instance'.
          at: _on_tree_changed (res://scripts/autoload/flashbang_player_effects_manager.gd:232)
ERROR: Parameter "data.tree" is null.
   at: get_tree (scene/main/node.h:446)
SCRIPT ERROR: Invalid access to property or key 'current_scene' on a base object of type 'null instance'.
          at: _on_tree_changed (res://scripts/autoload/persist_manager.gd:304)
ERROR: Parameter "data.tree" is null.
   at: get_tree (scene/main/node.h:446)
SCRIPT ERROR: Invalid access to property or key 'current_scene' on a base object of type 'null instance'.
          at: _on_tree_changed (res://scripts/autoload/flashbang_player_effects_manager.gd:232)
ERROR: Parameter "data.tree" is null.
   at: get_tree (scene/main/node.h:446)
SCRIPT ERROR: Invalid access to property or key 'current_scene' on a base object of type 'null instance'.
          at: _on_tree_changed (res://scripts/autoload/persist_manager.gd:304)
ERROR: Parameter "data.tree" is null.
   at: get_tree (scene/main/node.h:446)
SCRIPT ERROR: Invalid access to property or key 'current_scene' on a base object of type 'null instance'.
          at: _on_tree_changed (res://scripts/autoload/flashbang_player_effects_manager.gd:232)
ERROR: Parameter "data.tree" is null.
   at: get_tree (scene/main/node.h:446)
SCRIPT ERROR: Invalid access to property or key 'current_scene' on a base object of type 'null instance'.
          at: _on_tree_changed (res://scripts/autoload/persist_manager.gd:304)
ERROR: Parameter "data.tree" is null.
   at: get_tree (scene/main/node.h:446)
SCRIPT ERROR: Invalid access to property or key 'current_scene' on a base object of type 'null instance'.
          at: _on_tree_changed (res://scripts/autoload/black_metal_effects_manager.gd:151)
ERROR: Parameter "data.tree" is null.
   at: get_tree (scene/main/node.h:446)
SCRIPT ERROR: Invalid access to property or key 'current_scene' on a base object of type 'null instance'.
          at: _on_tree_changed (res://scripts/autoload/flashbang_player_effects_manager.gd:232)
ERROR: Parameter "data.tree" is null.
   at: get_tree (scene/main/node.h:446)
SCRIPT ERROR: Invalid access to property or key 'current_scene' on a base object of type 'null instance'.
          at: _on_tree_changed (res://scripts/autoload/persist_manager.gd:304)
ERROR: Parameter "data.tree" is null.
   at: get_tree (scene/main/node.h:446)
SCRIPT ERROR: Invalid access to property or key 'current_scene' on a base object of type 'null instance'.
          at: _on_tree_changed (res://scripts/autoload/black_metal_effects_manager.gd:151)
ERROR: Parameter "data.tree" is null.
   at: get_tree (scene/main/node.h:446)
SCRIPT ERROR: Invalid access to property or key 'current_scene' on a base object of type 'null instance'.
          at: _on_tree_changed (res://scripts/autoload/flashbang_player_effects_manager.gd:232)
ERROR: Parameter "data.tree" is null.
   at: get_tree (scene/main/node.h:446)
SCRIPT ERROR: Invalid access to property or key 'current_scene' on a base object of type 'null instance'.
          at: _on_tree_changed (res://scripts/autoload/persist_manager.gd:304)
ERROR: Parameter "data.tree" is null.
   at: get_tree (scene/main/node.h:446)
SCRIPT ERROR: Invalid access to property or key 'current_scene' on a base object of type 'null instance'.
          at: _on_tree_changed (res://scripts/autoload/black_metal_effects_manager.gd:151)
ERROR: Parameter "data.tree" is null.
   at: get_tree (scene/main/node.h:446)
SCRIPT ERROR: Invalid access to property or key 'current_scene' on a base object of type 'null instance'.
          at: _on_tree_changed (res://scripts/autoload/flashbang_player_effects_manager.gd:232)
ERROR: Parameter "data.tree" is null.
   at: get_tree (scene/main/node.h:446)
SCRIPT ERROR: Invalid access to property or key 'current_scene' on a base object of type 'null instance'.
          at: _on_tree_changed (res://scripts/autoload/persist_manager.gd:304)
ERROR: Parameter "data.tree" is null.
   at: get_tree (scene/main/node.h:446)
SCRIPT ERROR: Invalid access to property or key 'current_scene' on a base object of type 'null instance'.
          at: _on_tree_changed (res://scripts/autoload/power_fantasy_effects_manager.gd:230)
ERROR: Parameter "data.tree" is null.
   at: get_tree (scene/main/node.h:446)
SCRIPT ERROR: Invalid access to property or key 'current_scene' on a base object of type 'null instance'.
          at: _on_tree_changed (res://scripts/autoload/black_metal_effects_manager.gd:151)
ERROR: Parameter "data.tree" is null.
   at: get_tree (scene/main/node.h:446)
SCRIPT ERROR: Invalid access to property or key 'current_scene' on a base object of type 'null instance'.
          at: _on_tree_changed (res://scripts/autoload/flashbang_player_effects_manager.gd:232)
ERROR: Parameter "data.tree" is null.
   at: get_tree (scene/main/node.h:446)
SCRIPT ERROR: Invalid access to property or key 'current_scene' on a base object of type 'null instance'.
          at: _on_tree_changed (res://scripts/autoload/persist_manager.gd:304)
ERROR: Parameter "data.tree" is null.
   at: get_tree (scene/main/node.h:446)
SCRIPT ERROR: Invalid access to property or key 'current_scene' on a base object of type 'null instance'.
          at: _on_tree_changed (res://scripts/autoload/power_fantasy_effects_manager.gd:230)
ERROR: Parameter "data.tree" is null.
   at: get_tree (scene/main/node.h:446)
SCRIPT ERROR: Invalid access to property or key 'current_scene' on a base object of type 'null instance'.
          at: _on_tree_changed (res://scripts/autoload/black_metal_effects_manager.gd:151)
ERROR: Parameter "data.tree" is null.
   at: get_tree (scene/main/node.h:446)
SCRIPT ERROR: Invalid access to property or key 'current_scene' on a base object of type 'null instance'.
          at: _on_tree_changed (res://scripts/autoload/flashbang_player_effects_manager.gd:232)
ERROR: Parameter "data.tree" is null.
   at: get_tree (scene/main/node.h:446)
SCRIPT ERROR: Invalid access to property or key 'current_scene' on a base object of type 'null instance'.
          at: _on_tree_changed (res://scripts/autoload/persist_manager.gd:304)
ERROR: Parameter "data.tree" is null.
   at: get_tree (scene/main/node.h:446)
SCRIPT ERROR: Invalid access to property or key 'current_scene' on a base object of type 'null instance'.
          at: _on_tree_changed (res://scripts/autoload/power_fantasy_effects_manager.gd:230)
ERROR: Parameter "data.tree" is null.
   at: get_tree (scene/main/node.h:446)
SCRIPT ERROR: Invalid access to property or key 'current_scene' on a base object of type 'null instance'.
          at: _on_tree_changed (res://scripts/autoload/black_metal_effects_manager.gd:151)
ERROR: Parameter "data.tree" is null.
   at: get_tree (scene/main/node.h:446)
SCRIPT ERROR: Invalid access to property or key 'current_scene' on a base object of type 'null instance'.
          at: _on_tree_changed (res://scripts/autoload/flashbang_player_effects_manager.gd:232)
ERROR: Parameter "data.tree" is null.
   at: get_tree (scene/main/node.h:446)
SCRIPT ERROR: Invalid access to property or key 'current_scene' on a base object of type 'null instance'.
          at: _on_tree_changed (res://scripts/autoload/persist_manager.gd:304)
ERROR: Parameter "data.tree" is null.
   at: get_tree (scene/main/node.h:446)
SCRIPT ERROR: Invalid access to property or key 'current_scene' on a base object of type 'null instance'.
          at: _on_tree_changed (res://scripts/autoload/cinema_effects_manager.gd:661)
ERROR: Parameter "data.tree" is null.
   at: get_tree (scene/main/node.h:446)
SCRIPT ERROR: Invalid access to property or key 'current_scene' on a base object of type 'null instance'.
          at: _on_tree_changed (res://scripts/autoload/power_fantasy_effects_manager.gd:230)
ERROR: Parameter "data.tree" is null.
   at: get_tree (scene/main/node.h:446)
SCRIPT ERROR: Invalid access to property or key 'current_scene' on a base object of type 'null instance'.
          at: _on_tree_changed (res://scripts/autoload/black_metal_effects_manager.gd:151)
ERROR: Parameter "data.tree" is null.
   at: get_tree (scene/main/node.h:446)
SCRIPT ERROR: Invalid access to property or key 'current_scene' on a base object of type 'null instance'.
          at: _on_tree_changed (res://scripts/autoload/flashbang_player_effects_manager.gd:232)
ERROR: Parameter "data.tree" is null.
   at: get_tree (scene/main/node.h:446)
SCRIPT ERROR: Invalid access to property or key 'current_scene' on a base object of type 'null instance'.
          at: _on_tree_changed (res://scripts/autoload/persist_manager.gd:304)
ERROR: Parameter "data.tree" is null.
   at: get_tree (scene/main/node.h:446)
SCRIPT ERROR: Invalid access to property or key 'current_scene' on a base object of type 'null instance'.
          at: _on_tree_changed (res://scripts/autoload/cinema_effects_manager.gd:661)
ERROR: Parameter "data.tree" is null.
   at: get_tree (scene/main/node.h:446)
SCRIPT ERROR: Invalid access to property or key 'current_scene' on a base object of type 'null instance'.
          at: _on_tree_changed (res://scripts/autoload/power_fantasy_effects_manager.gd:230)
ERROR: Parameter "data.tree" is null.
   at: get_tree (scene/main/node.h:446)
SCRIPT ERROR: Invalid access to property or key 'current_scene' on a base object of type 'null instance'.
          at: _on_tree_changed (res://scripts/autoload/black_metal_effects_manager.gd:151)
ERROR: Parameter "data.tree" is null.
   at: get_tree (scene/main/node.h:446)
SCRIPT ERROR: Invalid access to property or key 'current_scene' on a base object of type 'null instance'.
          at: _on_tree_changed (res://scripts/autoload/flashbang_player_effects_manager.gd:232)
ERROR: Parameter "data.tree" is null.
   at: get_tree (scene/main/node.h:446)
SCRIPT ERROR: Invalid access to property or key 'current_scene' on a base object of type 'null instance'.
          at: _on_tree_changed (res://scripts/autoload/persist_manager.gd:304)
ERROR: Parameter "data.tree" is null.
   at: get_tree (scene/main/node.h:446)
SCRIPT ERROR: Invalid access to property or key 'current_scene' on a base object of type 'null instance'.
          at: _on_tree_changed (res://scripts/autoload/cinema_effects_manager.gd:661)
ERROR: Parameter "data.tree" is null.
   at: get_tree (scene/main/node.h:446)
SCRIPT ERROR: Invalid access to property or key 'current_scene' on a base object of type 'null instance'.
          at: _on_tree_changed (res://scripts/autoload/power_fantasy_effects_manager.gd:230)
ERROR: Parameter "data.tree" is null.
   at: get_tree (scene/main/node.h:446)
SCRIPT ERROR: Invalid access to property or key 'current_scene' on a base object of type 'null instance'.
          at: _on_tree_changed (res://scripts/autoload/black_metal_effects_manager.gd:151)
ERROR: Parameter "data.tree" is null.
   at: get_tree (scene/main/node.h:446)
SCRIPT ERROR: Invalid access to property or key 'current_scene' on a base object of type 'null instance'.
          at: _on_tree_changed (res://scripts/autoload/flashbang_player_effects_manager.gd:232)
ERROR: Parameter "data.tree" is null.
   at: get_tree (scene/main/node.h:446)
SCRIPT ERROR: Invalid access to property or key 'current_scene' on a base object of type 'null instance'.
          at: _on_tree_changed (res://scripts/autoload/persist_manager.gd:304)
ERROR: Parameter "data.tree" is null.
   at: get_tree (scene/main/node.h:446)
SCRIPT ERROR: Invalid access to property or key 'current_scene' on a base object of type 'null instance'.
          at: _on_tree_changed (res://scripts/autoload/cinema_effects_manager.gd:661)
ERROR: Parameter "data.tree" is null.
   at: get_tree (scene/main/node.h:446)
SCRIPT ERROR: Invalid access to property or key 'current_scene' on a base object of type 'null instance'.
          at: _on_tree_changed (res://scripts/autoload/power_fantasy_effects_manager.gd:230)
ERROR: Parameter "data.tree" is null.
   at: get_tree (scene/main/node.h:446)
SCRIPT ERROR: Invalid access to property or key 'current_scene' on a base object of type 'null instance'.
          at: _on_tree_changed (res://scripts/autoload/black_metal_effects_manager.gd:151)
ERROR: Parameter "data.tree" is null.
   at: get_tree (scene/main/node.h:446)
SCRIPT ERROR: Invalid access to property or key 'current_scene' on a base object of type 'null instance'.
          at: _on_tree_changed (res://scripts/autoload/flashbang_player_effects_manager.gd:232)
ERROR: Parameter "data.tree" is null.
   at: get_tree (scene/main/node.h:446)
SCRIPT ERROR: Invalid access to property or key 'current_scene' on a base object of type 'null instance'.
          at: _on_tree_changed (res://scripts/autoload/persist_manager.gd:304)
ERROR: Parameter "data.tree" is null.
   at: get_tree (scene/main/node.h:446)
SCRIPT ERROR: Invalid access to property or key 'current_scene' on a base object of type 'null instance'.
          at: _on_tree_changed (res://scripts/autoload/cinema_effects_manager.gd:661)
ERROR: Parameter "data.tree" is null.
   at: get_tree (scene/main/node.h:446)
SCRIPT ERROR: Invalid access to property or key 'current_scene' on a base object of type 'null instance'.
          at: _on_tree_changed (res://scripts/autoload/power_fantasy_effects_manager.gd:230)
ERROR: Parameter "data.tree" is null.
   at: get_tree (scene/main/node.h:446)
SCRIPT ERROR: Invalid access to property or key 'current_scene' on a base object of type 'null instance'.
          at: _on_tree_changed (res://scripts/autoload/black_metal_effects_manager.gd:151)
ERROR: Parameter "data.tree" is null.
   at: get_tree (scene/main/node.h:446)
SCRIPT ERROR: Invalid access to property or key 'current_scene' on a base object of type 'null instance'.
          at: _on_tree_changed (res://scripts/autoload/flashbang_player_effects_manager.gd:232)
ERROR: Parameter "data.tree" is null.
   at: get_tree (scene/main/node.h:446)
SCRIPT ERROR: Invalid access to property or key 'current_scene' on a base object of type 'null instance'.
          at: _on_tree_changed (res://scripts/autoload/persist_manager.gd:304)
ERROR: Parameter "data.tree" is null.
   at: get_tree (scene/main/node.h:446)
SCRIPT ERROR: Invalid access to property or key 'current_scene' on a base object of type 'null instance'.
          at: _on_tree_changed (res://scripts/autoload/cinema_effects_manager.gd:661)
ERROR: Parameter "data.tree" is null.
   at: get_tree (scene/main/node.h:446)
SCRIPT ERROR: Invalid access to property or key 'current_scene' on a base object of type 'null instance'.
          at: _on_tree_changed (res://scripts/autoload/power_fantasy_effects_manager.gd:230)
ERROR: Parameter "data.tree" is null.
   at: get_tree (scene/main/node.h:446)
SCRIPT ERROR: Invalid access to property or key 'current_scene' on a base object of type 'null instance'.
          at: _on_tree_changed (res://scripts/autoload/black_metal_effects_manager.gd:151)
ERROR: Parameter "data.tree" is null.
   at: get_tree (scene/main/node.h:446)
SCRIPT ERROR: Invalid access to property or key 'current_scene' on a base object of type 'null instance'.
          at: _on_tree_changed (res://scripts/autoload/flashbang_player_effects_manager.gd:232)
ERROR: Parameter "data.tree" is null.
   at: get_tree (scene/main/node.h:446)
SCRIPT ERROR: Invalid access to property or key 'current_scene' on a base object of type 'null instance'.
          at: _on_tree_changed (res://scripts/autoload/persist_manager.gd:304)
ERROR: Parameter "data.tree" is null.
   at: get_tree (scene/main/node.h:446)
SCRIPT ERROR: Invalid access to property or key 'current_scene' on a base object of type 'null instance'.
          at: _on_tree_changed (res://scripts/autoload/cinema_effects_manager.gd:661)
ERROR: Parameter "data.tree" is null.
   at: get_tree (scene/main/node.h:446)
SCRIPT ERROR: Invalid access to property or key 'current_scene' on a base object of type 'null instance'.
          at: _on_tree_changed (res://scripts/autoload/power_fantasy_effects_manager.gd:230)
ERROR: Parameter "data.tree" is null.
   at: get_tree (scene/main/node.h:446)
SCRIPT ERROR: Invalid access to property or key 'current_scene' on a base object of type 'null instance'.
          at: _on_tree_changed (res://scripts/autoload/black_metal_effects_manager.gd:151)
ERROR: Parameter "data.tree" is null.
   at: get_tree (scene/main/node.h:446)
SCRIPT ERROR: Invalid access to property or key 'current_scene' on a base object of type 'null instance'.
          at: _on_tree_changed (res://scripts/autoload/flashbang_player_effects_manager.gd:232)
ERROR: Parameter "data.tree" is null.
   at: get_tree (scene/main/node.h:446)
SCRIPT ERROR: Invalid access to property or key 'current_scene' on a base object of type 'null instance'.
          at: _on_tree_changed (res://scripts/autoload/persist_manager.gd:304)
ERROR: Parameter "data.tree" is null.
   at: get_tree (scene/main/node.h:446)
SCRIPT ERROR: Invalid access to property or key 'current_scene' on a base object of type 'null instance'.
          at: _on_tree_changed (res://scripts/autoload/cinema_effects_manager.gd:661)
ERROR: Parameter "data.tree" is null.
   at: get_tree (scene/main/node.h:446)
SCRIPT ERROR: Invalid access to property or key 'current_scene' on a base object of type 'null instance'.
          at: _on_tree_changed (res://scripts/autoload/power_fantasy_effects_manager.gd:230)
ERROR: Parameter "data.tree" is null.
   at: get_tree (scene/main/node.h:446)
SCRIPT ERROR: Invalid access to property or key 'current_scene' on a base object of type 'null instance'.
          at: _on_tree_changed (res://scripts/autoload/black_metal_effects_manager.gd:151)
ERROR: Parameter "data.tree" is null.
   at: get_tree (scene/main/node.h:446)
SCRIPT ERROR: Invalid access to property or key 'current_scene' on a base object of type 'null instance'.
          at: _on_tree_changed (res://scripts/autoload/flashbang_player_effects_manager.gd:232)
ERROR: Parameter "data.tree" is null.
   at: get_tree (scene/main/node.h:446)
SCRIPT ERROR: Invalid access to property or key 'current_scene' on a base object of type 'null instance'.
          at: _on_tree_changed (res://scripts/autoload/persist_manager.gd:304)
ERROR: Parameter "data.tree" is null.
   at: get_tree (scene/main/node.h:446)
SCRIPT ERROR: Invalid access to property or key 'current_scene' on a base object of type 'null instance'.
          at: _on_tree_changed (res://scripts/autoload/cinema_effects_manager.gd:661)
ERROR: Parameter "data.tree" is null.
   at: get_tree (scene/main/node.h:446)
SCRIPT ERROR: Invalid access to property or key 'current_scene' on a base object of type 'null instance'.
          at: _on_tree_changed (res://scripts/autoload/power_fantasy_effects_manager.gd:230)
ERROR: Parameter "data.tree" is null.
   at: get_tree (scene/main/node.h:446)
SCRIPT ERROR: Invalid access to property or key 'current_scene' on a base object of type 'null instance'.
          at: _on_tree_changed (res://scripts/autoload/black_metal_effects_manager.gd:151)
ERROR: Parameter "data.tree" is null.
   at: get_tree (scene/main/node.h:446)
SCRIPT ERROR: Invalid access to property or key 'current_scene' on a base object of type 'null instance'.
          at: _on_tree_changed (res://scripts/autoload/flashbang_player_effects_manager.gd:232)
ERROR: Parameter "data.tree" is null.
   at: get_tree (scene/main/node.h:446)
SCRIPT ERROR: Invalid access to property or key 'current_scene' on a base object of type 'null instance'.
          at: _on_tree_changed (res://scripts/autoload/persist_manager.gd:304)
ERROR: Parameter "data.tree" is null.
   at: get_tree (scene/main/node.h:446)
SCRIPT ERROR: Invalid access to property or key 'current_scene' on a base object of type 'null instance'.
          at: _on_tree_changed (res://scripts/autoload/cinema_effects_manager.gd:661)
ERROR: Parameter "data.tree" is null.
   at: get_tree (scene/main/node.h:446)
SCRIPT ERROR: Invalid access to property or key 'current_scene' on a base object of type 'null instance'.
          at: _on_tree_changed (res://scripts/autoload/power_fantasy_effects_manager.gd:230)
ERROR: Parameter "data.tree" is null.
   at: get_tree (scene/main/node.h:446)
SCRIPT ERROR: Invalid access to property or key 'current_scene' on a base object of type 'null instance'.
          at: _on_tree_changed (res://scripts/autoload/black_metal_effects_manager.gd:151)
ERROR: Parameter "data.tree" is null.
   at: get_tree (scene/main/node.h:446)
SCRIPT ERROR: Invalid access to property or key 'current_scene' on a base object of type 'null instance'.
          at: _on_tree_changed (res://scripts/autoload/flashbang_player_effects_manager.gd:232)
ERROR: Parameter "data.tree" is null.
   at: get_tree (scene/main/node.h:446)
SCRIPT ERROR: Invalid access to property or key 'current_scene' on a base object of type 'null instance'.
          at: _on_tree_changed (res://scripts/autoload/persist_manager.gd:304)
ERROR: Parameter "data.tree" is null.
   at: get_tree (scene/main/node.h:446)
SCRIPT ERROR: Invalid access to property or key 'current_scene' on a base object of type 'null instance'.
          at: _on_tree_changed (res://scripts/autoload/cinema_effects_manager.gd:661)
ERROR: Parameter "data.tree" is null.
   at: get_tree (scene/main/node.h:446)
SCRIPT ERROR: Invalid access to property or key 'current_scene' on a base object of type 'null instance'.
          at: _on_tree_changed (res://scripts/autoload/power_fantasy_effects_manager.gd:230)
ERROR: Parameter "data.tree" is null.
   at: get_tree (scene/main/node.h:446)
SCRIPT ERROR: Invalid access to property or key 'current_scene' on a base object of type 'null instance'.
          at: _on_tree_changed (res://scripts/autoload/black_metal_effects_manager.gd:151)
ERROR: Parameter "data.tree" is null.
   at: get_tree (scene/main/node.h:446)
SCRIPT ERROR: Invalid access to property or key 'current_scene' on a base object of type 'null instance'.
          at: _on_tree_changed (res://scripts/autoload/flashbang_player_effects_manager.gd:232)
ERROR: Parameter "data.tree" is null.
   at: get_tree (scene/main/node.h:446)
SCRIPT ERROR: Invalid access to property or key 'current_scene' on a base object of type 'null instance'.
          at: _on_tree_changed (res://scripts/autoload/persist_manager.gd:304)
ERROR: Parameter "data.tree" is null.
   at: get_tree (scene/main/node.h:446)
SCRIPT ERROR: Invalid access to property or key 'current_scene' on a base object of type 'null instance'.
          at: _on_tree_changed (res://scripts/autoload/cinema_effects_manager.gd:661)
ERROR: Parameter "data.tree" is null.
   at: get_tree (scene/main/node.h:446)
SCRIPT ERROR: Invalid access to property or key 'current_scene' on a base object of type 'null instance'.
          at: _on_tree_changed (res://scripts/autoload/power_fantasy_effects_manager.gd:230)
ERROR: Parameter "data.tree" is null.
   at: get_tree (scene/main/node.h:446)
SCRIPT ERROR: Invalid access to property or key 'current_scene' on a base object of type 'null instance'.
          at: _on_tree_changed (res://scripts/autoload/black_metal_effects_manager.gd:151)
ERROR: Parameter "data.tree" is null.
   at: get_tree (scene/main/node.h:446)
SCRIPT ERROR: Invalid access to property or key 'current_scene' on a base object of type 'null instance'.
          at: _on_tree_changed (res://scripts/autoload/flashbang_player_effects_manager.gd:232)
ERROR: Parameter "data.tree" is null.
   at: get_tree (scene/main/node.h:446)
SCRIPT ERROR: Invalid access to property or key 'current_scene' on a base object of type 'null instance'.
          at: _on_tree_changed (res://scripts/autoload/persist_manager.gd:304)
ERROR: Parameter "data.tree" is null.
   at: get_tree (scene/main/node.h:446)
SCRIPT ERROR: Invalid access to property or key 'current_scene' on a base object of type 'null instance'.
          at: _on_tree_changed (res://scripts/autoload/cinema_effects_manager.gd:661)
ERROR: Parameter "data.tree" is null.
   at: get_tree (scene/main/node.h:446)
SCRIPT ERROR: Invalid access to property or key 'current_scene' on a base object of type 'null instance'.
          at: _on_tree_changed (res://scripts/autoload/power_fantasy_effects_manager.gd:230)
ERROR: Parameter "data.tree" is null.
   at: get_tree (scene/main/node.h:446)
SCRIPT ERROR: Invalid access to property or key 'current_scene' on a base object of type 'null instance'.
          at: _on_tree_changed (res://scripts/autoload/black_metal_effects_manager.gd:151)
ERROR: Parameter "data.tree" is null.
   at: get_tree (scene/main/node.h:446)
SCRIPT ERROR: Invalid access to property or key 'current_scene' on a base object of type 'null instance'.
          at: _on_tree_changed (res://scripts/autoload/flashbang_player_effects_manager.gd:232)
ERROR: Parameter "data.tree" is null.
   at: get_tree (scene/main/node.h:446)
SCRIPT ERROR: Invalid access to property or key 'current_scene' on a base object of type 'null instance'.
          at: _on_tree_changed (res://scripts/autoload/persist_manager.gd:304)
ERROR: Parameter "data.tree" is null.
   at: get_tree (scene/main/node.h:446)
SCRIPT ERROR: Invalid access to property or key 'current_scene' on a base object of type 'null instance'.
          at: _on_tree_changed (res://scripts/autoload/cinema_effects_manager.gd:661)
ERROR: Parameter "data.tree" is null.
   at: get_tree (scene/main/node.h:446)
SCRIPT ERROR: Invalid access to property or key 'current_scene' on a base object of type 'null instance'.
          at: _on_tree_changed (res://scripts/autoload/power_fantasy_effects_manager.gd:230)
ERROR: Parameter "data.tree" is null.
   at: get_tree (scene/main/node.h:446)
SCRIPT ERROR: Invalid access to property or key 'current_scene' on a base object of type 'null instance'.
          at: _on_tree_changed (res://scripts/autoload/black_metal_effects_manager.gd:151)
ERROR: Parameter "data.tree" is null.
   at: get_tree (scene/main/node.h:446)
SCRIPT ERROR: Invalid access to property or key 'current_scene' on a base object of type 'null instance'.
          at: _on_tree_changed (res://scripts/autoload/flashbang_player_effects_manager.gd:232)
ERROR: Parameter "data.tree" is null.
   at: get_tree (scene/main/node.h:446)
SCRIPT ERROR: Invalid access to property or key 'current_scene' on a base object of type 'null instance'.
          at: _on_tree_changed (res://scripts/autoload/persist_manager.gd:304)
ERROR: Parameter "data.tree" is null.
   at: get_tree (scene/main/node.h:446)
SCRIPT ERROR: Invalid access to property or key 'current_scene' on a base object of type 'null instance'.
          at: _on_tree_changed (res://scripts/autoload/cinema_effects_manager.gd:661)
ERROR: Parameter "data.tree" is null.
   at: get_tree (scene/main/node.h:446)
SCRIPT ERROR: Invalid access to property or key 'current_scene' on a base object of type 'null instance'.
          at: _on_tree_changed (res://scripts/autoload/power_fantasy_effects_manager.gd:230)
ERROR: Parameter "data.tree" is null.
   at: get_tree (scene/main/node.h:446)
SCRIPT ERROR: Invalid access to property or key 'current_scene' on a base object of type 'null instance'.
          at: _on_tree_changed (res://scripts/autoload/black_metal_effects_manager.gd:151)
ERROR: Parameter "data.tree" is null.
   at: get_tree (scene/main/node.h:446)
SCRIPT ERROR: Invalid access to property or key 'current_scene' on a base object of type 'null instance'.
          at: _on_tree_changed (res://scripts/autoload/flashbang_player_effects_manager.gd:232)
ERROR: Parameter "data.tree" is null.
   at: get_tree (scene/main/node.h:446)
SCRIPT ERROR: Invalid access to property or key 'current_scene' on a base object of type 'null instance'.
          at: _on_tree_changed (res://scripts/autoload/persist_manager.gd:304)
ERROR: Parameter "data.tree" is null.
   at: get_tree (scene/main/node.h:446)
SCRIPT ERROR: Invalid access to property or key 'current_scene' on a base object of type 'null instance'.
          at: _on_tree_changed (res://scripts/autoload/cinema_effects_manager.gd:661)
ERROR: Parameter "data.tree" is null.
   at: get_tree (scene/main/node.h:446)
SCRIPT ERROR: Invalid access to property or key 'current_scene' on a base object of type 'null instance'.
          at: _on_tree_changed (res://scripts/autoload/power_fantasy_effects_manager.gd:230)
ERROR: Parameter "data.tree" is null.
   at: get_tree (scene/main/node.h:446)
SCRIPT ERROR: Invalid access to property or key 'current_scene' on a base object of type 'null instance'.
          at: _on_tree_changed (res://scripts/autoload/black_metal_effects_manager.gd:151)
ERROR: Parameter "data.tree" is null.
   at: get_tree (scene/main/node.h:446)
SCRIPT ERROR: Invalid access to property or key 'current_scene' on a base object of type 'null instance'.
          at: _on_tree_changed (res://scripts/autoload/flashbang_player_effects_manager.gd:232)
ERROR: Parameter "data.tree" is null.
   at: get_tree (scene/main/node.h:446)
SCRIPT ERROR: Invalid access to property or key 'current_scene' on a base object of type 'null instance'.
          at: _on_tree_changed (res://scripts/autoload/persist_manager.gd:304)
ERROR: Parameter "data.tree" is null.
   at: get_tree (scene/main/node.h:446)
SCRIPT ERROR: Invalid access to property or key 'current_scene' on a base object of type 'null instance'.
          at: _on_tree_changed (res://scripts/autoload/cinema_effects_manager.gd:661)
ERROR: Parameter "data.tree" is null.
   at: get_tree (scene/main/node.h:446)
SCRIPT ERROR: Invalid access to property or key 'current_scene' on a base object of type 'null instance'.
          at: _on_tree_changed (res://scripts/autoload/power_fantasy_effects_manager.gd:230)
ERROR: Parameter "data.tree" is null.
   at: get_tree (scene/main/node.h:446)
SCRIPT ERROR: Invalid access to property or key 'current_scene' on a base object of type 'null instance'.
          at: _on_tree_changed (res://scripts/autoload/black_metal_effects_manager.gd:151)
ERROR: Parameter "data.tree" is null.
   at: get_tree (scene/main/node.h:446)
SCRIPT ERROR: Invalid access to property or key 'current_scene' on a base object of type 'null instance'.
          at: _on_tree_changed (res://scripts/autoload/flashbang_player_effects_manager.gd:232)
ERROR: Parameter "data.tree" is null.
   at: get_tree (scene/main/node.h:446)
SCRIPT ERROR: Invalid access to property or key 'current_scene' on a base object of type 'null instance'.
          at: _on_tree_changed (res://scripts/autoload/persist_manager.gd:304)
ERROR: Parameter "data.tree" is null.
   at: get_tree (scene/main/node.h:446)
SCRIPT ERROR: Invalid access to property or key 'current_scene' on a base object of type 'null instance'.
          at: _on_tree_changed (res://scripts/autoload/cinema_effects_manager.gd:661)
ERROR: Parameter "data.tree" is null.
   at: get_tree (scene/main/node.h:446)
SCRIPT ERROR: Invalid access to property or key 'current_scene' on a base object of type 'null instance'.
          at: _on_tree_changed (res://scripts/autoload/power_fantasy_effects_manager.gd:230)
ERROR: Parameter "data.tree" is null.
   at: get_tree (scene/main/node.h:446)
SCRIPT ERROR: Invalid access to property or key 'current_scene' on a base object of type 'null instance'.
          at: _on_tree_changed (res://scripts/autoload/black_metal_effects_manager.gd:151)
ERROR: Parameter "data.tree" is null.
   at: get_tree (scene/main/node.h:446)
SCRIPT ERROR: Invalid access to property or key 'current_scene' on a base object of type 'null instance'.
          at: _on_tree_changed (res://scripts/autoload/flashbang_player_effects_manager.gd:232)
ERROR: Parameter "data.tree" is null.
   at: get_tree (scene/main/node.h:446)
SCRIPT ERROR: Invalid access to property or key 'current_scene' on a base object of type 'null instance'.
          at: _on_tree_changed (res://scripts/autoload/persist_manager.gd:304)
ERROR: Parameter "data.tree" is null.
   at: get_tree (scene/main/node.h:446)
SCRIPT ERROR: Invalid access to property or key 'current_scene' on a base object of type 'null instance'.
          at: _on_tree_changed (res://scripts/autoload/cinema_effects_manager.gd:661)
ERROR: Parameter "data.tree" is null.
   at: get_tree (scene/main/node.h:446)
SCRIPT ERROR: Invalid access to property or key 'current_scene' on a base object of type 'null instance'.
          at: _on_tree_changed (res://scripts/autoload/power_fantasy_effects_manager.gd:230)
ERROR: Parameter "data.tree" is null.
   at: get_tree (scene/main/node.h:446)
SCRIPT ERROR: Invalid access to property or key 'current_scene' on a base object of type 'null instance'.
          at: _on_tree_changed (res://scripts/autoload/black_metal_effects_manager.gd:151)
ERROR: Parameter "data.tree" is null.
   at: get_tree (scene/main/node.h:446)
SCRIPT ERROR: Invalid access to property or key 'current_scene' on a base object of type 'null instance'.
          at: _on_tree_changed (res://scripts/autoload/flashbang_player_effects_manager.gd:232)
ERROR: Parameter "data.tree" is null.
   at: get_tree (scene/main/node.h:446)
SCRIPT ERROR: Invalid access to property or key 'current_scene' on a base object of type 'null instance'.
          at: _on_tree_changed (res://scripts/autoload/persist_manager.gd:304)
ERROR: Parameter "data.tree" is null.
   at: get_tree (scene/main/node.h:446)
SCRIPT ERROR: Invalid access to property or key 'current_scene' on a base object of type 'null instance'.
          at: _on_tree_changed (res://scripts/autoload/last_chance_effects_manager.gd:1418)
ERROR: Parameter "data.tree" is null.
   at: get_tree (scene/main/node.h:446)
SCRIPT ERROR: Invalid access to property or key 'current_scene' on a base object of type 'null instance'.
          at: _on_tree_changed (res://scripts/autoload/cinema_effects_manager.gd:661)
ERROR: Parameter "data.tree" is null.
   at: get_tree (scene/main/node.h:446)
SCRIPT ERROR: Invalid access to property or key 'current_scene' on a base object of type 'null instance'.
          at: _on_tree_changed (res://scripts/autoload/power_fantasy_effects_manager.gd:230)
ERROR: Parameter "data.tree" is null.
   at: get_tree (scene/main/node.h:446)
SCRIPT ERROR: Invalid access to property or key 'current_scene' on a base object of type 'null instance'.
          at: _on_tree_changed (res://scripts/autoload/black_metal_effects_manager.gd:151)
ERROR: Parameter "data.tree" is null.
   at: get_tree (scene/main/node.h:446)
SCRIPT ERROR: Invalid access to property or key 'current_scene' on a base object of type 'null instance'.
          at: _on_tree_changed (res://scripts/autoload/flashbang_player_effects_manager.gd:232)
ERROR: Parameter "data.tree" is null.
   at: get_tree (scene/main/node.h:446)
SCRIPT ERROR: Invalid access to property or key 'current_scene' on a base object of type 'null instance'.
          at: _on_tree_changed (res://scripts/autoload/persist_manager.gd:304)
ERROR: Parameter "data.tree" is null.
   at: get_tree (scene/main/node.h:446)
SCRIPT ERROR: Invalid access to property or key 'current_scene' on a base object of type 'null instance'.
          at: _on_tree_changed (res://scripts/autoload/last_chance_effects_manager.gd:1418)
ERROR: Parameter "data.tree" is null.
   at: get_tree (scene/main/node.h:446)
SCRIPT ERROR: Invalid access to property or key 'current_scene' on a base object of type 'null instance'.
          at: _on_tree_changed (res://scripts/autoload/cinema_effects_manager.gd:661)
ERROR: Parameter "data.tree" is null.
   at: get_tree (scene/main/node.h:446)
SCRIPT ERROR: Invalid access to property or key 'current_scene' on a base object of type 'null instance'.
          at: _on_tree_changed (res://scripts/autoload/power_fantasy_effects_manager.gd:230)
ERROR: Parameter "data.tree" is null.
   at: get_tree (scene/main/node.h:446)
SCRIPT ERROR: Invalid access to property or key 'current_scene' on a base object of type 'null instance'.
          at: _on_tree_changed (res://scripts/autoload/black_metal_effects_manager.gd:151)
ERROR: Parameter "data.tree" is null.
   at: get_tree (scene/main/node.h:446)
SCRIPT ERROR: Invalid access to property or key 'current_scene' on a base object of type 'null instance'.
          at: _on_tree_changed (res://scripts/autoload/flashbang_player_effects_manager.gd:232)
ERROR: Parameter "data.tree" is null.
   at: get_tree (scene/main/node.h:446)
SCRIPT ERROR: Invalid access to property or key 'current_scene' on a base object of type 'null instance'.
          at: _on_tree_changed (res://scripts/autoload/persist_manager.gd:304)
ERROR: Parameter "data.tree" is null.
   at: get_tree (scene/main/node.h:446)
SCRIPT ERROR: Invalid access to property or key 'current_scene' on a base object of type 'null instance'.
          at: _on_tree_changed (res://scripts/autoload/last_chance_effects_manager.gd:1418)
ERROR: Parameter "data.tree" is null.
   at: get_tree (scene/main/node.h:446)
SCRIPT ERROR: Invalid access to property or key 'current_scene' on a base object of type 'null instance'.
          at: _on_tree_changed (res://scripts/autoload/cinema_effects_manager.gd:661)
ERROR: Parameter "data.tree" is null.
   at: get_tree (scene/main/node.h:446)
SCRIPT ERROR: Invalid access to property or key 'current_scene' on a base object of type 'null instance'.
          at: _on_tree_changed (res://scripts/autoload/power_fantasy_effects_manager.gd:230)
ERROR: Parameter "data.tree" is null.
   at: get_tree (scene/main/node.h:446)
SCRIPT ERROR: Invalid access to property or key 'current_scene' on a base object of type 'null instance'.
          at: _on_tree_changed (res://scripts/autoload/black_metal_effects_manager.gd:151)
ERROR: Parameter "data.tree" is null.
   at: get_tree (scene/main/node.h:446)
SCRIPT ERROR: Invalid access to property or key 'current_scene' on a base object of type 'null instance'.
          at: _on_tree_changed (res://scripts/autoload/flashbang_player_effects_manager.gd:232)
ERROR: Parameter "data.tree" is null.
   at: get_tree (scene/main/node.h:446)
SCRIPT ERROR: Invalid access to property or key 'current_scene' on a base object of type 'null instance'.
          at: _on_tree_changed (res://scripts/autoload/persist_manager.gd:304)
ERROR: Parameter "data.tree" is null.
   at: get_tree (scene/main/node.h:446)
SCRIPT ERROR: Invalid access to property or key 'current_scene' on a base object of type 'null instance'.
          at: _on_tree_changed (res://scripts/autoload/penultimate_hit_effects_manager.gd:551)
ERROR: Parameter "data.tree" is null.
   at: get_tree (scene/main/node.h:446)
SCRIPT ERROR: Invalid access to property or key 'current_scene' on a base object of type 'null instance'.
          at: _on_tree_changed (res://scripts/autoload/last_chance_effects_manager.gd:1418)
ERROR: Parameter "data.tree" is null.
   at: get_tree (scene/main/node.h:446)
SCRIPT ERROR: Invalid access to property or key 'current_scene' on a base object of type 'null instance'.
          at: _on_tree_changed (res://scripts/autoload/cinema_effects_manager.gd:661)
ERROR: Parameter "data.tree" is null.
   at: get_tree (scene/main/node.h:446)
SCRIPT ERROR: Invalid access to property or key 'current_scene' on a base object of type 'null instance'.
          at: _on_tree_changed (res://scripts/autoload/power_fantasy_effects_manager.gd:230)
ERROR: Parameter "data.tree" is null.
   at: get_tree (scene/main/node.h:446)
SCRIPT ERROR: Invalid access to property or key 'current_scene' on a base object of type 'null instance'.
          at: _on_tree_changed (res://scripts/autoload/black_metal_effects_manager.gd:151)
ERROR: Parameter "data.tree" is null.
   at: get_tree (scene/main/node.h:446)
SCRIPT ERROR: Invalid access to property or key 'current_scene' on a base object of type 'null instance'.
          at: _on_tree_changed (res://scripts/autoload/flashbang_player_effects_manager.gd:232)
ERROR: Parameter "data.tree" is null.
   at: get_tree (scene/main/node.h:446)
SCRIPT ERROR: Invalid access to property or key 'current_scene' on a base object of type 'null instance'.
          at: _on_tree_changed (res://scripts/autoload/persist_manager.gd:304)
ERROR: Parameter "data.tree" is null.
   at: get_tree (scene/main/node.h:446)
SCRIPT ERROR: Invalid access to property or key 'current_scene' on a base object of type 'null instance'.
          at: _on_tree_changed (res://scripts/autoload/penultimate_hit_effects_manager.gd:551)
ERROR: Parameter "data.tree" is null.
   at: get_tree (scene/main/node.h:446)
SCRIPT ERROR: Invalid access to property or key 'current_scene' on a base object of type 'null instance'.
          at: _on_tree_changed (res://scripts/autoload/last_chance_effects_manager.gd:1418)
ERROR: Parameter "data.tree" is null.
   at: get_tree (scene/main/node.h:446)
SCRIPT ERROR: Invalid access to property or key 'current_scene' on a base object of type 'null instance'.
          at: _on_tree_changed (res://scripts/autoload/cinema_effects_manager.gd:661)
ERROR: Parameter "data.tree" is null.
   at: get_tree (scene/main/node.h:446)
SCRIPT ERROR: Invalid access to property or key 'current_scene' on a base object of type 'null instance'.
          at: _on_tree_changed (res://scripts/autoload/power_fantasy_effects_manager.gd:230)
ERROR: Parameter "data.tree" is null.
   at: get_tree (scene/main/node.h:446)
SCRIPT ERROR: Invalid access to property or key 'current_scene' on a base object of type 'null instance'.
          at: _on_tree_changed (res://scripts/autoload/black_metal_effects_manager.gd:151)
ERROR: Parameter "data.tree" is null.
   at: get_tree (scene/main/node.h:446)
SCRIPT ERROR: Invalid access to property or key 'current_scene' on a base object of type 'null instance'.
          at: _on_tree_changed (res://scripts/autoload/flashbang_player_effects_manager.gd:232)
ERROR: Parameter "data.tree" is null.
   at: get_tree (scene/main/node.h:446)
SCRIPT ERROR: Invalid access to property or key 'current_scene' on a base object of type 'null instance'.
          at: _on_tree_changed (res://scripts/autoload/persist_manager.gd:304)
ERROR: Parameter "data.tree" is null.
   at: get_tree (scene/main/node.h:446)
SCRIPT ERROR: Invalid access to property or key 'current_scene' on a base object of type 'null instance'.
          at: _on_tree_changed (res://scripts/autoload/penultimate_hit_effects_manager.gd:551)
ERROR: Parameter "data.tree" is null.
   at: get_tree (scene/main/node.h:446)
SCRIPT ERROR: Invalid access to property or key 'current_scene' on a base object of type 'null instance'.
          at: _on_tree_changed (res://scripts/autoload/last_chance_effects_manager.gd:1418)
ERROR: Parameter "data.tree" is null.
   at: get_tree (scene/main/node.h:446)
SCRIPT ERROR: Invalid access to property or key 'current_scene' on a base object of type 'null instance'.
          at: _on_tree_changed (res://scripts/autoload/cinema_effects_manager.gd:661)
ERROR: Parameter "data.tree" is null.
   at: get_tree (scene/main/node.h:446)
SCRIPT ERROR: Invalid access to property or key 'current_scene' on a base object of type 'null instance'.
          at: _on_tree_changed (res://scripts/autoload/power_fantasy_effects_manager.gd:230)
ERROR: Parameter "data.tree" is null.
   at: get_tree (scene/main/node.h:446)
SCRIPT ERROR: Invalid access to property or key 'current_scene' on a base object of type 'null instance'.
          at: _on_tree_changed (res://scripts/autoload/black_metal_effects_manager.gd:151)
ERROR: Parameter "data.tree" is null.
   at: get_tree (scene/main/node.h:446)
SCRIPT ERROR: Invalid access to property or key 'current_scene' on a base object of type 'null instance'.
          at: _on_tree_changed (res://scripts/autoload/flashbang_player_effects_manager.gd:232)
ERROR: Parameter "data.tree" is null.
   at: get_tree (scene/main/node.h:446)
SCRIPT ERROR: Invalid access to property or key 'current_scene' on a base object of type 'null instance'.
          at: _on_tree_changed (res://scripts/autoload/persist_manager.gd:304)
ERROR: Parameter "data.tree" is null.
   at: get_tree (scene/main/node.h:446)
SCRIPT ERROR: Invalid access to property or key 'current_scene' on a base object of type 'null instance'.
          at: _on_tree_changed (res://scripts/autoload/penultimate_hit_effects_manager.gd:551)
ERROR: Parameter "data.tree" is null.
   at: get_tree (scene/main/node.h:446)
SCRIPT ERROR: Invalid access to property or key 'current_scene' on a base object of type 'null instance'.
          at: _on_tree_changed (res://scripts/autoload/last_chance_effects_manager.gd:1418)
ERROR: Parameter "data.tree" is null.
   at: get_tree (scene/main/node.h:446)
SCRIPT ERROR: Invalid access to property or key 'current_scene' on a base object of type 'null instance'.
          at: _on_tree_changed (res://scripts/autoload/cinema_effects_manager.gd:661)
ERROR: Parameter "data.tree" is null.
   at: get_tree (scene/main/node.h:446)
SCRIPT ERROR: Invalid access to property or key 'current_scene' on a base object of type 'null instance'.
          at: _on_tree_changed (res://scripts/autoload/power_fantasy_effects_manager.gd:230)
ERROR: Parameter "data.tree" is null.
   at: get_tree (scene/main/node.h:446)
SCRIPT ERROR: Invalid access to property or key 'current_scene' on a base object of type 'null instance'.
          at: _on_tree_changed (res://scripts/autoload/black_metal_effects_manager.gd:151)
ERROR: Parameter "data.tree" is null.
   at: get_tree (scene/main/node.h:446)
SCRIPT ERROR: Invalid access to property or key 'current_scene' on a base object of type 'null instance'.
          at: _on_tree_changed (res://scripts/autoload/flashbang_player_effects_manager.gd:232)
ERROR: Parameter "data.tree" is null.
   at: get_tree (scene/main/node.h:446)
SCRIPT ERROR: Invalid access to property or key 'current_scene' on a base object of type 'null instance'.
          at: _on_tree_changed (res://scripts/autoload/persist_manager.gd:304)
ERROR: Parameter "data.tree" is null.
   at: get_tree (scene/main/node.h:446)
SCRIPT ERROR: Invalid access to property or key 'current_scene' on a base object of type 'null instance'.
          at: _on_tree_changed (res://scripts/autoload/penultimate_hit_effects_manager.gd:551)
ERROR: Parameter "data.tree" is null.
   at: get_tree (scene/main/node.h:446)
SCRIPT ERROR: Invalid access to property or key 'current_scene' on a base object of type 'null instance'.
          at: _on_tree_changed (res://scripts/autoload/last_chance_effects_manager.gd:1418)
ERROR: Parameter "data.tree" is null.
   at: get_tree (scene/main/node.h:446)
SCRIPT ERROR: Invalid access to property or key 'current_scene' on a base object of type 'null instance'.
          at: _on_tree_changed (res://scripts/autoload/cinema_effects_manager.gd:661)
ERROR: Parameter "data.tree" is null.
   at: get_tree (scene/main/node.h:446)
SCRIPT ERROR: Invalid access to property or key 'current_scene' on a base object of type 'null instance'.
          at: _on_tree_changed (res://scripts/autoload/power_fantasy_effects_manager.gd:230)
ERROR: Parameter "data.tree" is null.
   at: get_tree (scene/main/node.h:446)
SCRIPT ERROR: Invalid access to property or key 'current_scene' on a base object of type 'null instance'.
          at: _on_tree_changed (res://scripts/autoload/black_metal_effects_manager.gd:151)
ERROR: Parameter "data.tree" is null.
   at: get_tree (scene/main/node.h:446)
SCRIPT ERROR: Invalid access to property or key 'current_scene' on a base object of type 'null instance'.
          at: _on_tree_changed (res://scripts/autoload/flashbang_player_effects_manager.gd:232)
ERROR: Parameter "data.tree" is null.
   at: get_tree (scene/main/node.h:446)
SCRIPT ERROR: Invalid access to property or key 'current_scene' on a base object of type 'null instance'.
          at: _on_tree_changed (res://scripts/autoload/persist_manager.gd:304)
ERROR: Parameter "data.tree" is null.
   at: get_tree (scene/main/node.h:446)
SCRIPT ERROR: Invalid access to property or key 'current_scene' on a base object of type 'null instance'.
          at: _on_tree_changed (res://scripts/autoload/penultimate_hit_effects_manager.gd:551)
ERROR: Parameter "data.tree" is null.
   at: get_tree (scene/main/node.h:446)
SCRIPT ERROR: Invalid access to property or key 'current_scene' on a base object of type 'null instance'.
          at: _on_tree_changed (res://scripts/autoload/last_chance_effects_manager.gd:1418)
ERROR: Parameter "data.tree" is null.
   at: get_tree (scene/main/node.h:446)
SCRIPT ERROR: Invalid access to property or key 'current_scene' on a base object of type 'null instance'.
          at: _on_tree_changed (res://scripts/autoload/cinema_effects_manager.gd:661)
ERROR: Parameter "data.tree" is null.
   at: get_tree (scene/main/node.h:446)
SCRIPT ERROR: Invalid access to property or key 'current_scene' on a base object of type 'null instance'.
          at: _on_tree_changed (res://scripts/autoload/power_fantasy_effects_manager.gd:230)
ERROR: Parameter "data.tree" is null.
   at: get_tree (scene/main/node.h:446)
SCRIPT ERROR: Invalid access to property or key 'current_scene' on a base object of type 'null instance'.
          at: _on_tree_changed (res://scripts/autoload/black_metal_effects_manager.gd:151)
ERROR: Parameter "data.tree" is null.
   at: get_tree (scene/main/node.h:446)
SCRIPT ERROR: Invalid access to property or key 'current_scene' on a base object of type 'null instance'.
          at: _on_tree_changed (res://scripts/autoload/flashbang_player_effects_manager.gd:232)
ERROR: Parameter "data.tree" is null.
   at: get_tree (scene/main/node.h:446)
SCRIPT ERROR: Invalid access to property or key 'current_scene' on a base object of type 'null instance'.
          at: _on_tree_changed (res://scripts/autoload/persist_manager.gd:304)
ERROR: Parameter "data.tree" is null.
   at: get_tree (scene/main/node.h:446)
SCRIPT ERROR: Invalid access to property or key 'current_scene' on a base object of type 'null instance'.
          at: _on_tree_changed (res://scripts/autoload/penultimate_hit_effects_manager.gd:551)
ERROR: Parameter "data.tree" is null.
   at: get_tree (scene/main/node.h:446)
SCRIPT ERROR: Invalid access to property or key 'current_scene' on a base object of type 'null instance'.
          at: _on_tree_changed (res://scripts/autoload/last_chance_effects_manager.gd:1418)
ERROR: Parameter "data.tree" is null.
   at: get_tree (scene/main/node.h:446)
SCRIPT ERROR: Invalid access to property or key 'current_scene' on a base object of type 'null instance'.
          at: _on_tree_changed (res://scripts/autoload/cinema_effects_manager.gd:661)
ERROR: Parameter "data.tree" is null.
   at: get_tree (scene/main/node.h:446)
SCRIPT ERROR: Invalid access to property or key 'current_scene' on a base object of type 'null instance'.
          at: _on_tree_changed (res://scripts/autoload/power_fantasy_effects_manager.gd:230)
ERROR: Parameter "data.tree" is null.
   at: get_tree (scene/main/node.h:446)
SCRIPT ERROR: Invalid access to property or key 'current_scene' on a base object of type 'null instance'.
          at: _on_tree_changed (res://scripts/autoload/black_metal_effects_manager.gd:151)
ERROR: Parameter "data.tree" is null.
   at: get_tree (scene/main/node.h:446)
SCRIPT ERROR: Invalid access to property or key 'current_scene' on a base object of type 'null instance'.
          at: _on_tree_changed (res://scripts/autoload/flashbang_player_effects_manager.gd:232)
ERROR: Parameter "data.tree" is null.
   at: get_tree (scene/main/node.h:446)
SCRIPT ERROR: Invalid access to property or key 'current_scene' on a base object of type 'null instance'.
          at: _on_tree_changed (res://scripts/autoload/persist_manager.gd:304)
ERROR: Parameter "data.tree" is null.
   at: get_tree (scene/main/node.h:446)
SCRIPT ERROR: Invalid access to property or key 'current_scene' on a base object of type 'null instance'.
          at: _on_tree_changed (res://scripts/autoload/penultimate_hit_effects_manager.gd:551)
ERROR: Parameter "data.tree" is null.
   at: get_tree (scene/main/node.h:446)
SCRIPT ERROR: Invalid access to property or key 'current_scene' on a base object of type 'null instance'.
          at: _on_tree_changed (res://scripts/autoload/last_chance_effects_manager.gd:1418)
ERROR: Parameter "data.tree" is null.
   at: get_tree (scene/main/node.h:446)
SCRIPT ERROR: Invalid access to property or key 'current_scene' on a base object of type 'null instance'.
          at: _on_tree_changed (res://scripts/autoload/cinema_effects_manager.gd:661)
ERROR: Parameter "data.tree" is null.
   at: get_tree (scene/main/node.h:446)
SCRIPT ERROR: Invalid access to property or key 'current_scene' on a base object of type 'null instance'.
          at: _on_tree_changed (res://scripts/autoload/power_fantasy_effects_manager.gd:230)
ERROR: Parameter "data.tree" is null.
   at: get_tree (scene/main/node.h:446)
SCRIPT ERROR: Invalid access to property or key 'current_scene' on a base object of type 'null instance'.
          at: _on_tree_changed (res://scripts/autoload/black_metal_effects_manager.gd:151)
ERROR: Parameter "data.tree" is null.
   at: get_tree (scene/main/node.h:446)
SCRIPT ERROR: Invalid access to property or key 'current_scene' on a base object of type 'null instance'.
          at: _on_tree_changed (res://scripts/autoload/flashbang_player_effects_manager.gd:232)
ERROR: Parameter "data.tree" is null.
   at: get_tree (scene/main/node.h:446)
SCRIPT ERROR: Invalid access to property or key 'current_scene' on a base object of type 'null instance'.
          at: _on_tree_changed (res://scripts/autoload/persist_manager.gd:304)
ERROR: Parameter "data.tree" is null.
   at: get_tree (scene/main/node.h:446)
SCRIPT ERROR: Invalid access to property or key 'current_scene' on a base object of type 'null instance'.
          at: _on_tree_changed (res://scripts/autoload/penultimate_hit_effects_manager.gd:551)
ERROR: Parameter "data.tree" is null.
   at: get_tree (scene/main/node.h:446)
SCRIPT ERROR: Invalid access to property or key 'current_scene' on a base object of type 'null instance'.
          at: _on_tree_changed (res://scripts/autoload/last_chance_effects_manager.gd:1418)
ERROR: Parameter "data.tree" is null.
   at: get_tree (scene/main/node.h:446)
SCRIPT ERROR: Invalid access to property or key 'current_scene' on a base object of type 'null instance'.
          at: _on_tree_changed (res://scripts/autoload/cinema_effects_manager.gd:661)
ERROR: Parameter "data.tree" is null.
   at: get_tree (scene/main/node.h:446)
SCRIPT ERROR: Invalid access to property or key 'current_scene' on a base object of type 'null instance'.
          at: _on_tree_changed (res://scripts/autoload/power_fantasy_effects_manager.gd:230)
ERROR: Parameter "data.tree" is null.
   at: get_tree (scene/main/node.h:446)
SCRIPT ERROR: Invalid access to property or key 'current_scene' on a base object of type 'null instance'.
          at: _on_tree_changed (res://scripts/autoload/black_metal_effects_manager.gd:151)
ERROR: Parameter "data.tree" is null.
   at: get_tree (scene/main/node.h:446)
SCRIPT ERROR: Invalid access to property or key 'current_scene' on a base object of type 'null instance'.
          at: _on_tree_changed (res://scripts/autoload/flashbang_player_effects_manager.gd:232)
ERROR: Parameter "data.tree" is null.
   at: get_tree (scene/main/node.h:446)
SCRIPT ERROR: Invalid access to property or key 'current_scene' on a base object of type 'null instance'.
          at: _on_tree_changed (res://scripts/autoload/persist_manager.gd:304)
ERROR: Parameter "data.tree" is null.
   at: get_tree (scene/main/node.h:446)
SCRIPT ERROR: Invalid access to property or key 'current_scene' on a base object of type 'null instance'.
          at: _on_tree_changed (res://scripts/autoload/penultimate_hit_effects_manager.gd:551)
ERROR: Parameter "data.tree" is null.
   at: get_tree (scene/main/node.h:446)
SCRIPT ERROR: Invalid access to property or key 'current_scene' on a base object of type 'null instance'.
          at: _on_tree_changed (res://scripts/autoload/last_chance_effects_manager.gd:1418)
ERROR: Parameter "data.tree" is null.
   at: get_tree (scene/main/node.h:446)
SCRIPT ERROR: Invalid access to property or key 'current_scene' on a base object of type 'null instance'.
          at: _on_tree_changed (res://scripts/autoload/cinema_effects_manager.gd:661)
ERROR: Parameter "data.tree" is null.
   at: get_tree (scene/main/node.h:446)
SCRIPT ERROR: Invalid access to property or key 'current_scene' on a base object of type 'null instance'.
          at: _on_tree_changed (res://scripts/autoload/power_fantasy_effects_manager.gd:230)
ERROR: Parameter "data.tree" is null.
   at: get_tree (scene/main/node.h:446)
SCRIPT ERROR: Invalid access to property or key 'current_scene' on a base object of type 'null instance'.
          at: _on_tree_changed (res://scripts/autoload/black_metal_effects_manager.gd:151)
ERROR: Parameter "data.tree" is null.
   at: get_tree (scene/main/node.h:446)
SCRIPT ERROR: Invalid access to property or key 'current_scene' on a base object of type 'null instance'.
          at: _on_tree_changed (res://scripts/autoload/flashbang_player_effects_manager.gd:232)
ERROR: Parameter "data.tree" is null.
   at: get_tree (scene/main/node.h:446)
SCRIPT ERROR: Invalid access to property or key 'current_scene' on a base object of type 'null instance'.
          at: _on_tree_changed (res://scripts/autoload/persist_manager.gd:304)
ERROR: Parameter "data.tree" is null.
   at: get_tree (scene/main/node.h:446)
SCRIPT ERROR: Invalid access to property or key 'current_scene' on a base object of type 'null instance'.
          at: _on_tree_changed (res://scripts/autoload/penultimate_hit_effects_manager.gd:551)
ERROR: Parameter "data.tree" is null.
   at: get_tree (scene/main/node.h:446)
SCRIPT ERROR: Invalid access to property or key 'current_scene' on a base object of type 'null instance'.
          at: _on_tree_changed (res://scripts/autoload/last_chance_effects_manager.gd:1418)
ERROR: Parameter "data.tree" is null.
   at: get_tree (scene/main/node.h:446)
SCRIPT ERROR: Invalid access to property or key 'current_scene' on a base object of type 'null instance'.
          at: _on_tree_changed (res://scripts/autoload/cinema_effects_manager.gd:661)
ERROR: Parameter "data.tree" is null.
   at: get_tree (scene/main/node.h:446)
SCRIPT ERROR: Invalid access to property or key 'current_scene' on a base object of type 'null instance'.
          at: _on_tree_changed (res://scripts/autoload/power_fantasy_effects_manager.gd:230)
ERROR: Parameter "data.tree" is null.
   at: get_tree (scene/main/node.h:446)
SCRIPT ERROR: Invalid access to property or key 'current_scene' on a base object of type 'null instance'.
          at: _on_tree_changed (res://scripts/autoload/black_metal_effects_manager.gd:151)
ERROR: Parameter "data.tree" is null.
   at: get_tree (scene/main/node.h:446)
SCRIPT ERROR: Invalid access to property or key 'current_scene' on a base object of type 'null instance'.
          at: _on_tree_changed (res://scripts/autoload/flashbang_player_effects_manager.gd:232)
ERROR: Parameter "data.tree" is null.
   at: get_tree (scene/main/node.h:446)
SCRIPT ERROR: Invalid access to property or key 'current_scene' on a base object of type 'null instance'.
          at: _on_tree_changed (res://scripts/autoload/persist_manager.gd:304)
ERROR: Parameter "data.tree" is null.
   at: get_tree (scene/main/node.h:446)
SCRIPT ERROR: Invalid access to property or key 'current_scene' on a base object of type 'null instance'.
          at: _on_tree_changed (res://scripts/autoload/penultimate_hit_effects_manager.gd:551)
ERROR: Parameter "data.tree" is null.
   at: get_tree (scene/main/node.h:446)
SCRIPT ERROR: Invalid access to property or key 'current_scene' on a base object of type 'null instance'.
          at: _on_tree_changed (res://scripts/autoload/last_chance_effects_manager.gd:1418)
ERROR: Parameter "data.tree" is null.
   at: get_tree (scene/main/node.h:446)
SCRIPT ERROR: Invalid access to property or key 'current_scene' on a base object of type 'null instance'.
          at: _on_tree_changed (res://scripts/autoload/cinema_effects_manager.gd:661)
ERROR: Parameter "data.tree" is null.
   at: get_tree (scene/main/node.h:446)
SCRIPT ERROR: Invalid access to property or key 'current_scene' on a base object of type 'null instance'.
          at: _on_tree_changed (res://scripts/autoload/power_fantasy_effects_manager.gd:230)
ERROR: Parameter "data.tree" is null.
   at: get_tree (scene/main/node.h:446)
SCRIPT ERROR: Invalid access to property or key 'current_scene' on a base object of type 'null instance'.
          at: _on_tree_changed (res://scripts/autoload/black_metal_effects_manager.gd:151)
ERROR: Parameter "data.tree" is null.
   at: get_tree (scene/main/node.h:446)
SCRIPT ERROR: Invalid access to property or key 'current_scene' on a base object of type 'null instance'.
          at: _on_tree_changed (res://scripts/autoload/flashbang_player_effects_manager.gd:232)
ERROR: Parameter "data.tree" is null.
   at: get_tree (scene/main/node.h:446)
SCRIPT ERROR: Invalid access to property or key 'current_scene' on a base object of type 'null instance'.
          at: _on_tree_changed (res://scripts/autoload/persist_manager.gd:304)
ERROR: Parameter "data.tree" is null.
   at: get_tree (scene/main/node.h:446)
SCRIPT ERROR: Invalid access to property or key 'current_scene' on a base object of type 'null instance'.
          at: _on_tree_changed (res://scripts/autoload/penultimate_hit_effects_manager.gd:551)
ERROR: Parameter "data.tree" is null.
   at: get_tree (scene/main/node.h:446)
SCRIPT ERROR: Invalid access to property or key 'current_scene' on a base object of type 'null instance'.
          at: _on_tree_changed (res://scripts/autoload/last_chance_effects_manager.gd:1418)
ERROR: Parameter "data.tree" is null.
   at: get_tree (scene/main/node.h:446)
SCRIPT ERROR: Invalid access to property or key 'current_scene' on a base object of type 'null instance'.
          at: _on_tree_changed (res://scripts/autoload/cinema_effects_manager.gd:661)
ERROR: Parameter "data.tree" is null.
   at: get_tree (scene/main/node.h:446)
SCRIPT ERROR: Invalid access to property or key 'current_scene' on a base object of type 'null instance'.
          at: _on_tree_changed (res://scripts/autoload/power_fantasy_effects_manager.gd:230)
ERROR: Parameter "data.tree" is null.
   at: get_tree (scene/main/node.h:446)
SCRIPT ERROR: Invalid access to property or key 'current_scene' on a base object of type 'null instance'.
          at: _on_tree_changed (res://scripts/autoload/black_metal_effects_manager.gd:151)
ERROR: Parameter "data.tree" is null.
   at: get_tree (scene/main/node.h:446)
SCRIPT ERROR: Invalid access to property or key 'current_scene' on a base object of type 'null instance'.
          at: _on_tree_changed (res://scripts/autoload/flashbang_player_effects_manager.gd:232)
ERROR: Parameter "data.tree" is null.
   at: get_tree (scene/main/node.h:446)
SCRIPT ERROR: Invalid access to property or key 'current_scene' on a base object of type 'null instance'.
          at: _on_tree_changed (res://scripts/autoload/persist_manager.gd:304)
ERROR: Parameter "data.tree" is null.
   at: get_tree (scene/main/node.h:446)
SCRIPT ERROR: Invalid access to property or key 'current_scene' on a base object of type 'null instance'.
          at: _on_tree_changed (res://scripts/autoload/penultimate_hit_effects_manager.gd:551)
ERROR: Parameter "data.tree" is null.
   at: get_tree (scene/main/node.h:446)
SCRIPT ERROR: Invalid access to property or key 'current_scene' on a base object of type 'null instance'.
          at: _on_tree_changed (res://scripts/autoload/last_chance_effects_manager.gd:1418)
ERROR: Parameter "data.tree" is null.
   at: get_tree (scene/main/node.h:446)
SCRIPT ERROR: Invalid access to property or key 'current_scene' on a base object of type 'null instance'.
          at: _on_tree_changed (res://scripts/autoload/cinema_effects_manager.gd:661)
ERROR: Parameter "data.tree" is null.
   at: get_tree (scene/main/node.h:446)
SCRIPT ERROR: Invalid access to property or key 'current_scene' on a base object of type 'null instance'.
          at: _on_tree_changed (res://scripts/autoload/power_fantasy_effects_manager.gd:230)
ERROR: Parameter "data.tree" is null.
   at: get_tree (scene/main/node.h:446)
SCRIPT ERROR: Invalid access to property or key 'current_scene' on a base object of type 'null instance'.
          at: _on_tree_changed (res://scripts/autoload/black_metal_effects_manager.gd:151)
ERROR: Parameter "data.tree" is null.
   at: get_tree (scene/main/node.h:446)
SCRIPT ERROR: Invalid access to property or key 'current_scene' on a base object of type 'null instance'.
          at: _on_tree_changed (res://scripts/autoload/flashbang_player_effects_manager.gd:232)
ERROR: Parameter "data.tree" is null.
   at: get_tree (scene/main/node.h:446)
SCRIPT ERROR: Invalid access to property or key 'current_scene' on a base object of type 'null instance'.
          at: _on_tree_changed (res://scripts/autoload/persist_manager.gd:304)
ERROR: Parameter "data.tree" is null.
   at: get_tree (scene/main/node.h:446)
SCRIPT ERROR: Invalid access to property or key 'current_scene' on a base object of type 'null instance'.
          at: _on_tree_changed (res://scripts/autoload/penultimate_hit_effects_manager.gd:551)
ERROR: Parameter "data.tree" is null.
   at: get_tree (scene/main/node.h:446)
SCRIPT ERROR: Invalid access to property or key 'current_scene' on a base object of type 'null instance'.
          at: _on_tree_changed (res://scripts/autoload/last_chance_effects_manager.gd:1418)
ERROR: Parameter "data.tree" is null.
   at: get_tree (scene/main/node.h:446)
SCRIPT ERROR: Invalid access to property or key 'current_scene' on a base object of type 'null instance'.
          at: _on_tree_changed (res://scripts/autoload/cinema_effects_manager.gd:661)
ERROR: Parameter "data.tree" is null.
   at: get_tree (scene/main/node.h:446)
SCRIPT ERROR: Invalid access to property or key 'current_scene' on a base object of type 'null instance'.
          at: _on_tree_changed (res://scripts/autoload/power_fantasy_effects_manager.gd:230)
ERROR: Parameter "data.tree" is null.
   at: get_tree (scene/main/node.h:446)
SCRIPT ERROR: Invalid access to property or key 'current_scene' on a base object of type 'null instance'.
          at: _on_tree_changed (res://scripts/autoload/black_metal_effects_manager.gd:151)
ERROR: Parameter "data.tree" is null.
   at: get_tree (scene/main/node.h:446)
SCRIPT ERROR: Invalid access to property or key 'current_scene' on a base object of type 'null instance'.
          at: _on_tree_changed (res://scripts/autoload/flashbang_player_effects_manager.gd:232)
ERROR: Parameter "data.tree" is null.
   at: get_tree (scene/main/node.h:446)
SCRIPT ERROR: Invalid access to property or key 'current_scene' on a base object of type 'null instance'.
          at: _on_tree_changed (res://scripts/autoload/persist_manager.gd:304)
ERROR: Parameter "data.tree" is null.
   at: get_tree (scene/main/node.h:446)
SCRIPT ERROR: Invalid access to property or key 'current_scene' on a base object of type 'null instance'.
          at: _on_tree_changed (res://scripts/autoload/penultimate_hit_effects_manager.gd:551)
ERROR: Parameter "data.tree" is null.
   at: get_tree (scene/main/node.h:446)
SCRIPT ERROR: Invalid access to property or key 'current_scene' on a base object of type 'null instance'.
          at: _on_tree_changed (res://scripts/autoload/last_chance_effects_manager.gd:1418)
ERROR: Parameter "data.tree" is null.
   at: get_tree (scene/main/node.h:446)
SCRIPT ERROR: Invalid access to property or key 'current_scene' on a base object of type 'null instance'.
          at: _on_tree_changed (res://scripts/autoload/cinema_effects_manager.gd:661)
ERROR: Parameter "data.tree" is null.
   at: get_tree (scene/main/node.h:446)
SCRIPT ERROR: Invalid access to property or key 'current_scene' on a base object of type 'null instance'.
          at: _on_tree_changed (res://scripts/autoload/power_fantasy_effects_manager.gd:230)
ERROR: Parameter "data.tree" is null.
   at: get_tree (scene/main/node.h:446)
SCRIPT ERROR: Invalid access to property or key 'current_scene' on a base object of type 'null instance'.
          at: _on_tree_changed (res://scripts/autoload/black_metal_effects_manager.gd:151)
ERROR: Parameter "data.tree" is null.
   at: get_tree (scene/main/node.h:446)
SCRIPT ERROR: Invalid access to property or key 'current_scene' on a base object of type 'null instance'.
          at: _on_tree_changed (res://scripts/autoload/flashbang_player_effects_manager.gd:232)
ERROR: Parameter "data.tree" is null.
   at: get_tree (scene/main/node.h:446)
SCRIPT ERROR: Invalid access to property or key 'current_scene' on a base object of type 'null instance'.
          at: _on_tree_changed (res://scripts/autoload/persist_manager.gd:304)
ERROR: Parameter "data.tree" is null.
   at: get_tree (scene/main/node.h:446)
SCRIPT ERROR: Invalid access to property or key 'current_scene' on a base object of type 'null instance'.
          at: _on_tree_changed (res://scripts/autoload/penultimate_hit_effects_manager.gd:551)
ERROR: Parameter "data.tree" is null.
   at: get_tree (scene/main/node.h:446)
SCRIPT ERROR: Invalid access to property or key 'current_scene' on a base object of type 'null instance'.
          at: _on_tree_changed (res://scripts/autoload/last_chance_effects_manager.gd:1418)
ERROR: Parameter "data.tree" is null.
   at: get_tree (scene/main/node.h:446)
SCRIPT ERROR: Invalid access to property or key 'current_scene' on a base object of type 'null instance'.
          at: _on_tree_changed (res://scripts/autoload/cinema_effects_manager.gd:661)
ERROR: Parameter "data.tree" is null.
   at: get_tree (scene/main/node.h:446)
SCRIPT ERROR: Invalid access to property or key 'current_scene' on a base object of type 'null instance'.
          at: _on_tree_changed (res://scripts/autoload/power_fantasy_effects_manager.gd:230)
ERROR: Parameter "data.tree" is null.
   at: get_tree (scene/main/node.h:446)
SCRIPT ERROR: Invalid access to property or key 'current_scene' on a base object of type 'null instance'.
          at: _on_tree_changed (res://scripts/autoload/black_metal_effects_manager.gd:151)
ERROR: Parameter "data.tree" is null.
   at: get_tree (scene/main/node.h:446)
SCRIPT ERROR: Invalid access to property or key 'current_scene' on a base object of type 'null instance'.
          at: _on_tree_changed (res://scripts/autoload/flashbang_player_effects_manager.gd:232)
ERROR: Parameter "data.tree" is null.
   at: get_tree (scene/main/node.h:446)
SCRIPT ERROR: Invalid access to property or key 'current_scene' on a base object of type 'null instance'.
          at: _on_tree_changed (res://scripts/autoload/persist_manager.gd:304)
ERROR: Parameter "data.tree" is null.
   at: get_tree (scene/main/node.h:446)
SCRIPT ERROR: Invalid access to property or key 'current_scene' on a base object of type 'null instance'.
          at: _on_tree_changed (res://scripts/autoload/penultimate_hit_effects_manager.gd:551)
ERROR: Parameter "data.tree" is null.
   at: get_tree (scene/main/node.h:446)
SCRIPT ERROR: Invalid access to property or key 'current_scene' on a base object of type 'null instance'.
          at: _on_tree_changed (res://scripts/autoload/last_chance_effects_manager.gd:1418)
ERROR: Parameter "data.tree" is null.
   at: get_tree (scene/main/node.h:446)
SCRIPT ERROR: Invalid access to property or key 'current_scene' on a base object of type 'null instance'.
          at: _on_tree_changed (res://scripts/autoload/cinema_effects_manager.gd:661)
ERROR: Parameter "data.tree" is null.
   at: get_tree (scene/main/node.h:446)
SCRIPT ERROR: Invalid access to property or key 'current_scene' on a base object of type 'null instance'.
          at: _on_tree_changed (res://scripts/autoload/power_fantasy_effects_manager.gd:230)
ERROR: Parameter "data.tree" is null.
   at: get_tree (scene/main/node.h:446)
SCRIPT ERROR: Invalid access to property or key 'current_scene' on a base object of type 'null instance'.
          at: _on_tree_changed (res://scripts/autoload/black_metal_effects_manager.gd:151)
ERROR: Parameter "data.tree" is null.
   at: get_tree (scene/main/node.h:446)
SCRIPT ERROR: Invalid access to property or key 'current_scene' on a base object of type 'null instance'.
          at: _on_tree_changed (res://scripts/autoload/flashbang_player_effects_manager.gd:232)
ERROR: Parameter "data.tree" is null.
   at: get_tree (scene/main/node.h:446)
SCRIPT ERROR: Invalid access to property or key 'current_scene' on a base object of type 'null instance'.
          at: _on_tree_changed (res://scripts/autoload/persist_manager.gd:304)
ERROR: Parameter "data.tree" is null.
   at: get_tree (scene/main/node.h:446)
SCRIPT ERROR: Invalid access to property or key 'current_scene' on a base object of type 'null instance'.
          at: _on_tree_changed (res://scripts/autoload/penultimate_hit_effects_manager.gd:551)
ERROR: Parameter "data.tree" is null.
   at: get_tree (scene/main/node.h:446)
SCRIPT ERROR: Invalid access to property or key 'current_scene' on a base object of type 'null instance'.
          at: _on_tree_changed (res://scripts/autoload/last_chance_effects_manager.gd:1418)
ERROR: Parameter "data.tree" is null.
   at: get_tree (scene/main/node.h:446)
SCRIPT ERROR: Invalid access to property or key 'current_scene' on a base object of type 'null instance'.
          at: _on_tree_changed (res://scripts/autoload/cinema_effects_manager.gd:661)
ERROR: Parameter "data.tree" is null.
   at: get_tree (scene/main/node.h:446)
SCRIPT ERROR: Invalid access to property or key 'current_scene' on a base object of type 'null instance'.
          at: _on_tree_changed (res://scripts/autoload/power_fantasy_effects_manager.gd:230)
ERROR: Parameter "data.tree" is null.
   at: get_tree (scene/main/node.h:446)
SCRIPT ERROR: Invalid access to property or key 'current_scene' on a base object of type 'null instance'.
          at: _on_tree_changed (res://scripts/autoload/black_metal_effects_manager.gd:151)
ERROR: Parameter "data.tree" is null.
   at: get_tree (scene/main/node.h:446)
SCRIPT ERROR: Invalid access to property or key 'current_scene' on a base object of type 'null instance'.
          at: _on_tree_changed (res://scripts/autoload/flashbang_player_effects_manager.gd:232)
ERROR: Parameter "data.tree" is null.
   at: get_tree (scene/main/node.h:446)
SCRIPT ERROR: Invalid access to property or key 'current_scene' on a base object of type 'null instance'.
          at: _on_tree_changed (res://scripts/autoload/persist_manager.gd:304)
ERROR: Parameter "data.tree" is null.
   at: get_tree (scene/main/node.h:446)
SCRIPT ERROR: Invalid access to property or key 'current_scene' on a base object of type 'null instance'.
          at: _on_tree_changed (res://scripts/autoload/penultimate_hit_effects_manager.gd:551)
ERROR: Parameter "data.tree" is null.
   at: get_tree (scene/main/node.h:446)
SCRIPT ERROR: Invalid access to property or key 'current_scene' on a base object of type 'null instance'.
          at: _on_tree_changed (res://scripts/autoload/last_chance_effects_manager.gd:1418)
ERROR: Parameter "data.tree" is null.
   at: get_tree (scene/main/node.h:446)
SCRIPT ERROR: Invalid access to property or key 'current_scene' on a base object of type 'null instance'.
          at: _on_tree_changed (res://scripts/autoload/cinema_effects_manager.gd:661)
ERROR: Parameter "data.tree" is null.
   at: get_tree (scene/main/node.h:446)
SCRIPT ERROR: Invalid access to property or key 'current_scene' on a base object of type 'null instance'.
          at: _on_tree_changed (res://scripts/autoload/power_fantasy_effects_manager.gd:230)
ERROR: Parameter "data.tree" is null.
   at: get_tree (scene/main/node.h:446)
SCRIPT ERROR: Invalid access to property or key 'current_scene' on a base object of type 'null instance'.
          at: _on_tree_changed (res://scripts/autoload/black_metal_effects_manager.gd:151)
ERROR: Parameter "data.tree" is null.
   at: get_tree (scene/main/node.h:446)
SCRIPT ERROR: Invalid access to property or key 'current_scene' on a base object of type 'null instance'.
          at: _on_tree_changed (res://scripts/autoload/flashbang_player_effects_manager.gd:232)
ERROR: Parameter "data.tree" is null.
   at: get_tree (scene/main/node.h:446)
SCRIPT ERROR: Invalid access to property or key 'current_scene' on a base object of type 'null instance'.
          at: _on_tree_changed (res://scripts/autoload/persist_manager.gd:304)
ERROR: Parameter "data.tree" is null.
   at: get_tree (scene/main/node.h:446)
SCRIPT ERROR: Invalid access to property or key 'current_scene' on a base object of type 'null instance'.
          at: _on_tree_changed (res://scripts/autoload/penultimate_hit_effects_manager.gd:551)
ERROR: Parameter "data.tree" is null.
   at: get_tree (scene/main/node.h:446)
SCRIPT ERROR: Invalid access to property or key 'current_scene' on a base object of type 'null instance'.
          at: _on_tree_changed (res://scripts/autoload/last_chance_effects_manager.gd:1418)
ERROR: Parameter "data.tree" is null.
   at: get_tree (scene/main/node.h:446)
SCRIPT ERROR: Invalid access to property or key 'current_scene' on a base object of type 'null instance'.
          at: _on_tree_changed (res://scripts/autoload/cinema_effects_manager.gd:661)
ERROR: Parameter "data.tree" is null.
   at: get_tree (scene/main/node.h:446)
SCRIPT ERROR: Invalid access to property or key 'current_scene' on a base object of type 'null instance'.
          at: _on_tree_changed (res://scripts/autoload/power_fantasy_effects_manager.gd:230)
ERROR: Parameter "data.tree" is null.
   at: get_tree (scene/main/node.h:446)
SCRIPT ERROR: Invalid access to property or key 'current_scene' on a base object of type 'null instance'.
          at: _on_tree_changed (res://scripts/autoload/black_metal_effects_manager.gd:151)
ERROR: Parameter "data.tree" is null.
   at: get_tree (scene/main/node.h:446)
SCRIPT ERROR: Invalid access to property or key 'current_scene' on a base object of type 'null instance'.
          at: _on_tree_changed (res://scripts/autoload/flashbang_player_effects_manager.gd:232)
ERROR: Parameter "data.tree" is null.
   at: get_tree (scene/main/node.h:446)
SCRIPT ERROR: Invalid access to property or key 'current_scene' on a base object of type 'null instance'.
          at: _on_tree_changed (res://scripts/autoload/persist_manager.gd:304)
ERROR: Parameter "data.tree" is null.
   at: get_tree (scene/main/node.h:446)
SCRIPT ERROR: Invalid access to property or key 'current_scene' on a base object of type 'null instance'.
          at: _on_tree_changed (res://scripts/autoload/penultimate_hit_effects_manager.gd:551)
ERROR: Parameter "data.tree" is null.
   at: get_tree (scene/main/node.h:446)
SCRIPT ERROR: Invalid access to property or key 'current_scene' on a base object of type 'null instance'.
          at: _on_tree_changed (res://scripts/autoload/last_chance_effects_manager.gd:1418)
ERROR: Parameter "data.tree" is null.
   at: get_tree (scene/main/node.h:446)
SCRIPT ERROR: Invalid access to property or key 'current_scene' on a base object of type 'null instance'.
          at: _on_tree_changed (res://scripts/autoload/cinema_effects_manager.gd:661)
ERROR: Parameter "data.tree" is null.
   at: get_tree (scene/main/node.h:446)
SCRIPT ERROR: Invalid access to property or key 'current_scene' on a base object of type 'null instance'.
          at: _on_tree_changed (res://scripts/autoload/power_fantasy_effects_manager.gd:230)
ERROR: Parameter "data.tree" is null.
   at: get_tree (scene/main/node.h:446)
SCRIPT ERROR: Invalid access to property or key 'current_scene' on a base object of type 'null instance'.
          at: _on_tree_changed (res://scripts/autoload/black_metal_effects_manager.gd:151)
ERROR: Parameter "data.tree" is null.
   at: get_tree (scene/main/node.h:446)
SCRIPT ERROR: Invalid access to property or key 'current_scene' on a base object of type 'null instance'.
          at: _on_tree_changed (res://scripts/autoload/flashbang_player_effects_manager.gd:232)
ERROR: Parameter "data.tree" is null.
   at: get_tree (scene/main/node.h:446)
SCRIPT ERROR: Invalid access to property or key 'current_scene' on a base object of type 'null instance'.
          at: _on_tree_changed (res://scripts/autoload/persist_manager.gd:304)
ERROR: Parameter "data.tree" is null.
   at: get_tree (scene/main/node.h:446)
SCRIPT ERROR: Invalid access to property or key 'current_scene' on a base object of type 'null instance'.
          at: _on_tree_changed (res://scripts/autoload/penultimate_hit_effects_manager.gd:551)
ERROR: Parameter "data.tree" is null.
   at: get_tree (scene/main/node.h:446)
SCRIPT ERROR: Invalid access to property or key 'current_scene' on a base object of type 'null instance'.
          at: _on_tree_changed (res://scripts/autoload/last_chance_effects_manager.gd:1418)
ERROR: Parameter "data.tree" is null.
   at: get_tree (scene/main/node.h:446)
SCRIPT ERROR: Invalid access to property or key 'current_scene' on a base object of type 'null instance'.
          at: _on_tree_changed (res://scripts/autoload/cinema_effects_manager.gd:661)
ERROR: Parameter "data.tree" is null.
   at: get_tree (scene/main/node.h:446)
SCRIPT ERROR: Invalid access to property or key 'current_scene' on a base object of type 'null instance'.
          at: _on_tree_changed (res://scripts/autoload/power_fantasy_effects_manager.gd:230)
ERROR: Parameter "data.tree" is null.
   at: get_tree (scene/main/node.h:446)
SCRIPT ERROR: Invalid access to property or key 'current_scene' on a base object of type 'null instance'.
          at: _on_tree_changed (res://scripts/autoload/black_metal_effects_manager.gd:151)
ERROR: Parameter "data.tree" is null.
   at: get_tree (scene/main/node.h:446)
SCRIPT ERROR: Invalid access to property or key 'current_scene' on a base object of type 'null instance'.
          at: _on_tree_changed (res://scripts/autoload/flashbang_player_effects_manager.gd:232)
ERROR: Parameter "data.tree" is null.
   at: get_tree (scene/main/node.h:446)
SCRIPT ERROR: Invalid access to property or key 'current_scene' on a base object of type 'null instance'.
          at: _on_tree_changed (res://scripts/autoload/persist_manager.gd:304)
ERROR: Parameter "data.tree" is null.
   at: get_tree (scene/main/node.h:446)
SCRIPT ERROR: Invalid access to property or key 'current_scene' on a base object of type 'null instance'.
          at: _on_tree_changed (res://scripts/autoload/penultimate_hit_effects_manager.gd:551)
ERROR: Parameter "data.tree" is null.
   at: get_tree (scene/main/node.h:446)
SCRIPT ERROR: Invalid access to property or key 'current_scene' on a base object of type 'null instance'.
          at: _on_tree_changed (res://scripts/autoload/last_chance_effects_manager.gd:1418)
ERROR: Parameter "data.tree" is null.
   at: get_tree (scene/main/node.h:446)
SCRIPT ERROR: Invalid access to property or key 'current_scene' on a base object of type 'null instance'.
          at: _on_tree_changed (res://scripts/autoload/cinema_effects_manager.gd:661)
ERROR: Parameter "data.tree" is null.
   at: get_tree (scene/main/node.h:446)
SCRIPT ERROR: Invalid access to property or key 'current_scene' on a base object of type 'null instance'.
          at: _on_tree_changed (res://scripts/autoload/power_fantasy_effects_manager.gd:230)
ERROR: Parameter "data.tree" is null.
   at: get_tree (scene/main/node.h:446)
SCRIPT ERROR: Invalid access to property or key 'current_scene' on a base object of type 'null instance'.
          at: _on_tree_changed (res://scripts/autoload/black_metal_effects_manager.gd:151)
ERROR: Parameter "data.tree" is null.
   at: get_tree (scene/main/node.h:446)
SCRIPT ERROR: Invalid access to property or key 'current_scene' on a base object of type 'null instance'.
          at: _on_tree_changed (res://scripts/autoload/flashbang_player_effects_manager.gd:232)
ERROR: Parameter "data.tree" is null.
   at: get_tree (scene/main/node.h:446)
SCRIPT ERROR: Invalid access to property or key 'current_scene' on a base object of type 'null instance'.
          at: _on_tree_changed (res://scripts/autoload/persist_manager.gd:304)
ERROR: Parameter "data.tree" is null.
   at: get_tree (scene/main/node.h:446)
SCRIPT ERROR: Invalid access to property or key 'current_scene' on a base object of type 'null instance'.
          at: _on_tree_changed (res://scripts/autoload/penultimate_hit_effects_manager.gd:551)
ERROR: Parameter "data.tree" is null.
   at: get_tree (scene/main/node.h:446)
SCRIPT ERROR: Invalid access to property or key 'current_scene' on a base object of type 'null instance'.
          at: _on_tree_changed (res://scripts/autoload/last_chance_effects_manager.gd:1418)
ERROR: Parameter "data.tree" is null.
   at: get_tree (scene/main/node.h:446)
SCRIPT ERROR: Invalid access to property or key 'current_scene' on a base object of type 'null instance'.
          at: _on_tree_changed (res://scripts/autoload/cinema_effects_manager.gd:661)
ERROR: Parameter "data.tree" is null.
   at: get_tree (scene/main/node.h:446)
SCRIPT ERROR: Invalid access to property or key 'current_scene' on a base object of type 'null instance'.
          at: _on_tree_changed (res://scripts/autoload/power_fantasy_effects_manager.gd:230)
ERROR: Parameter "data.tree" is null.
   at: get_tree (scene/main/node.h:446)
SCRIPT ERROR: Invalid access to property or key 'current_scene' on a base object of type 'null instance'.
          at: _on_tree_changed (res://scripts/autoload/black_metal_effects_manager.gd:151)
ERROR: Parameter "data.tree" is null.
   at: get_tree (scene/main/node.h:446)
SCRIPT ERROR: Invalid access to property or key 'current_scene' on a base object of type 'null instance'.
          at: _on_tree_changed (res://scripts/autoload/flashbang_player_effects_manager.gd:232)
ERROR: Parameter "data.tree" is null.
   at: get_tree (scene/main/node.h:446)
SCRIPT ERROR: Invalid access to property or key 'current_scene' on a base object of type 'null instance'.
          at: _on_tree_changed (res://scripts/autoload/persist_manager.gd:304)
ERROR: Parameter "data.tree" is null.
   at: get_tree (scene/main/node.h:446)
SCRIPT ERROR: Invalid access to property or key 'current_scene' on a base object of type 'null instance'.
          at: _on_tree_changed (res://scripts/autoload/penultimate_hit_effects_manager.gd:551)
ERROR: Parameter "data.tree" is null.
   at: get_tree (scene/main/node.h:446)
SCRIPT ERROR: Invalid access to property or key 'current_scene' on a base object of type 'null instance'.
          at: _on_tree_changed (res://scripts/autoload/last_chance_effects_manager.gd:1418)
ERROR: Parameter "data.tree" is null.
   at: get_tree (scene/main/node.h:446)
SCRIPT ERROR: Invalid access to property or key 'current_scene' on a base object of type 'null instance'.
          at: _on_tree_changed (res://scripts/autoload/cinema_effects_manager.gd:661)
ERROR: Parameter "data.tree" is null.
   at: get_tree (scene/main/node.h:446)
SCRIPT ERROR: Invalid access to property or key 'current_scene' on a base object of type 'null instance'.
          at: _on_tree_changed (res://scripts/autoload/power_fantasy_effects_manager.gd:230)
ERROR: Parameter "data.tree" is null.
   at: get_tree (scene/main/node.h:446)
SCRIPT ERROR: Invalid access to property or key 'current_scene' on a base object of type 'null instance'.
          at: _on_tree_changed (res://scripts/autoload/black_metal_effects_manager.gd:151)
ERROR: Parameter "data.tree" is null.
   at: get_tree (scene/main/node.h:446)
SCRIPT ERROR: Invalid access to property or key 'current_scene' on a base object of type 'null instance'.
          at: _on_tree_changed (res://scripts/autoload/flashbang_player_effects_manager.gd:232)
ERROR: Parameter "data.tree" is null.
   at: get_tree (scene/main/node.h:446)
SCRIPT ERROR: Invalid access to property or key 'current_scene' on a base object of type 'null instance'.
          at: _on_tree_changed (res://scripts/autoload/persist_manager.gd:304)
ERROR: Parameter "data.tree" is null.
   at: get_tree (scene/main/node.h:446)
SCRIPT ERROR: Invalid access to property or key 'current_scene' on a base object of type 'null instance'.
          at: _on_tree_changed (res://scripts/autoload/penultimate_hit_effects_manager.gd:551)
ERROR: Parameter "data.tree" is null.
   at: get_tree (scene/main/node.h:446)
SCRIPT ERROR: Invalid access to property or key 'current_scene' on a base object of type 'null instance'.
          at: _on_tree_changed (res://scripts/autoload/last_chance_effects_manager.gd:1418)
ERROR: Parameter "data.tree" is null.
   at: get_tree (scene/main/node.h:446)
SCRIPT ERROR: Invalid access to property or key 'current_scene' on a base object of type 'null instance'.
          at: _on_tree_changed (res://scripts/autoload/cinema_effects_manager.gd:661)
ERROR: Parameter "data.tree" is null.
   at: get_tree (scene/main/node.h:446)
SCRIPT ERROR: Invalid access to property or key 'current_scene' on a base object of type 'null instance'.
          at: _on_tree_changed (res://scripts/autoload/power_fantasy_effects_manager.gd:230)
ERROR: Parameter "data.tree" is null.
   at: get_tree (scene/main/node.h:446)
SCRIPT ERROR: Invalid access to property or key 'current_scene' on a base object of type 'null instance'.
          at: _on_tree_changed (res://scripts/autoload/black_metal_effects_manager.gd:151)
ERROR: Parameter "data.tree" is null.
   at: get_tree (scene/main/node.h:446)
SCRIPT ERROR: Invalid access to property or key 'current_scene' on a base object of type 'null instance'.
          at: _on_tree_changed (res://scripts/autoload/flashbang_player_effects_manager.gd:232)
ERROR: Parameter "data.tree" is null.
   at: get_tree (scene/main/node.h:446)
SCRIPT ERROR: Invalid access to property or key 'current_scene' on a base object of type 'null instance'.
          at: _on_tree_changed (res://scripts/autoload/persist_manager.gd:304)
ERROR: Parameter "data.tree" is null.
   at: get_tree (scene/main/node.h:446)
SCRIPT ERROR: Invalid access to property or key 'current_scene' on a base object of type 'null instance'.
          at: _on_tree_changed (res://scripts/autoload/penultimate_hit_effects_manager.gd:551)
ERROR: Parameter "data.tree" is null.
   at: get_tree (scene/main/node.h:446)
SCRIPT ERROR: Invalid access to property or key 'current_scene' on a base object of type 'null instance'.
          at: _on_tree_changed (res://scripts/autoload/last_chance_effects_manager.gd:1418)
ERROR: Parameter "data.tree" is null.
   at: get_tree (scene/main/node.h:446)
SCRIPT ERROR: Invalid access to property or key 'current_scene' on a base object of type 'null instance'.
          at: _on_tree_changed (res://scripts/autoload/cinema_effects_manager.gd:661)
ERROR: Parameter "data.tree" is null.
   at: get_tree (scene/main/node.h:446)
SCRIPT ERROR: Invalid access to property or key 'current_scene' on a base object of type 'null instance'.
          at: _on_tree_changed (res://scripts/autoload/power_fantasy_effects_manager.gd:230)
ERROR: Parameter "data.tree" is null.
   at: get_tree (scene/main/node.h:446)
SCRIPT ERROR: Invalid access to property or key 'current_scene' on a base object of type 'null instance'.
          at: _on_tree_changed (res://scripts/autoload/black_metal_effects_manager.gd:151)
ERROR: Parameter "data.tree" is null.
   at: get_tree (scene/main/node.h:446)
SCRIPT ERROR: Invalid access to property or key 'current_scene' on a base object of type 'null instance'.
          at: _on_tree_changed (res://scripts/autoload/flashbang_player_effects_manager.gd:232)
ERROR: Parameter "data.tree" is null.
   at: get_tree (scene/main/node.h:446)
SCRIPT ERROR: Invalid access to property or key 'current_scene' on a base object of type 'null instance'.
          at: _on_tree_changed (res://scripts/autoload/persist_manager.gd:304)
ERROR: Parameter "data.tree" is null.
   at: get_tree (scene/main/node.h:446)
SCRIPT ERROR: Invalid access to property or key 'current_scene' on a base object of type 'null instance'.
          at: _on_tree_changed (res://scripts/autoload/penultimate_hit_effects_manager.gd:551)
ERROR: Parameter "data.tree" is null.
   at: get_tree (scene/main/node.h:446)
SCRIPT ERROR: Invalid access to property or key 'current_scene' on a base object of type 'null instance'.
          at: _on_tree_changed (res://scripts/autoload/last_chance_effects_manager.gd:1418)
ERROR: Parameter "data.tree" is null.
   at: get_tree (scene/main/node.h:446)
SCRIPT ERROR: Invalid access to property or key 'current_scene' on a base object of type 'null instance'.
          at: _on_tree_changed (res://scripts/autoload/cinema_effects_manager.gd:661)
ERROR: Parameter "data.tree" is null.
   at: get_tree (scene/main/node.h:446)
SCRIPT ERROR: Invalid access to property or key 'current_scene' on a base object of type 'null instance'.
          at: _on_tree_changed (res://scripts/autoload/power_fantasy_effects_manager.gd:230)
ERROR: Parameter "data.tree" is null.
   at: get_tree (scene/main/node.h:446)
SCRIPT ERROR: Invalid access to property or key 'current_scene' on a base object of type 'null instance'.
          at: _on_tree_changed (res://scripts/autoload/black_metal_effects_manager.gd:151)
ERROR: Parameter "data.tree" is null.
   at: get_tree (scene/main/node.h:446)
SCRIPT ERROR: Invalid access to property or key 'current_scene' on a base object of type 'null instance'.
          at: _on_tree_changed (res://scripts/autoload/flashbang_player_effects_manager.gd:232)
ERROR: Parameter "data.tree" is null.
   at: get_tree (scene/main/node.h:446)
SCRIPT ERROR: Invalid access to property or key 'current_scene' on a base object of type 'null instance'.
          at: _on_tree_changed (res://scripts/autoload/persist_manager.gd:304)
ERROR: Parameter "data.tree" is null.
   at: get_tree (scene/main/node.h:446)
SCRIPT ERROR: Invalid access to property or key 'current_scene' on a base object of type 'null instance'.
          at: _on_tree_changed (res://scripts/autoload/penultimate_hit_effects_manager.gd:551)
ERROR: Parameter "data.tree" is null.
   at: get_tree (scene/main/node.h:446)
SCRIPT ERROR: Invalid access to property or key 'current_scene' on a base object of type 'null instance'.
          at: _on_tree_changed (res://scripts/autoload/last_chance_effects_manager.gd:1418)
ERROR: Parameter "data.tree" is null.
   at: get_tree (scene/main/node.h:446)
SCRIPT ERROR: Invalid access to property or key 'current_scene' on a base object of type 'null instance'.
          at: _on_tree_changed (res://scripts/autoload/cinema_effects_manager.gd:661)
ERROR: Parameter "data.tree" is null.
   at: get_tree (scene/main/node.h:446)
SCRIPT ERROR: Invalid access to property or key 'current_scene' on a base object of type 'null instance'.
          at: _on_tree_changed (res://scripts/autoload/power_fantasy_effects_manager.gd:230)
ERROR: Parameter "data.tree" is null.
   at: get_tree (scene/main/node.h:446)
SCRIPT ERROR: Invalid access to property or key 'current_scene' on a base object of type 'null instance'.
          at: _on_tree_changed (res://scripts/autoload/black_metal_effects_manager.gd:151)
ERROR: Parameter "data.tree" is null.
   at: get_tree (scene/main/node.h:446)
SCRIPT ERROR: Invalid access to property or key 'current_scene' on a base object of type 'null instance'.
          at: _on_tree_changed (res://scripts/autoload/flashbang_player_effects_manager.gd:232)
ERROR: Parameter "data.tree" is null.
   at: get_tree (scene/main/node.h:446)
SCRIPT ERROR: Invalid access to property or key 'current_scene' on a base object of type 'null instance'.
          at: _on_tree_changed (res://scripts/autoload/persist_manager.gd:304)
ERROR: Parameter "data.tree" is null.
   at: get_tree (scene/main/node.h:446)
SCRIPT ERROR: Invalid access to property or key 'current_scene' on a base object of type 'null instance'.
          at: _on_tree_changed (res://scripts/autoload/penultimate_hit_effects_manager.gd:551)
ERROR: Parameter "data.tree" is null.
   at: get_tree (scene/main/node.h:446)
SCRIPT ERROR: Invalid access to property or key 'current_scene' on a base object of type 'null instance'.
          at: _on_tree_changed (res://scripts/autoload/last_chance_effects_manager.gd:1418)
ERROR: Parameter "data.tree" is null.
   at: get_tree (scene/main/node.h:446)
SCRIPT ERROR: Invalid access to property or key 'current_scene' on a base object of type 'null instance'.
          at: _on_tree_changed (res://scripts/autoload/cinema_effects_manager.gd:661)
ERROR: Parameter "data.tree" is null.
   at: get_tree (scene/main/node.h:446)
SCRIPT ERROR: Invalid access to property or key 'current_scene' on a base object of type 'null instance'.
          at: _on_tree_changed (res://scripts/autoload/power_fantasy_effects_manager.gd:230)
ERROR: Parameter "data.tree" is null.
   at: get_tree (scene/main/node.h:446)
SCRIPT ERROR: Invalid access to property or key 'current_scene' on a base object of type 'null instance'.
          at: _on_tree_changed (res://scripts/autoload/black_metal_effects_manager.gd:151)
ERROR: Parameter "data.tree" is null.
   at: get_tree (scene/main/node.h:446)
SCRIPT ERROR: Invalid access to property or key 'current_scene' on a base object of type 'null instance'.
          at: _on_tree_changed (res://scripts/autoload/flashbang_player_effects_manager.gd:232)
ERROR: Parameter "data.tree" is null.
   at: get_tree (scene/main/node.h:446)
SCRIPT ERROR: Invalid access to property or key 'current_scene' on a base object of type 'null instance'.
          at: _on_tree_changed (res://scripts/autoload/persist_manager.gd:304)
ERROR: Parameter "data.tree" is null.
   at: get_tree (scene/main/node.h:446)
SCRIPT ERROR: Invalid access to property or key 'current_scene' on a base object of type 'null instance'.
          at: _on_tree_changed (res://scripts/autoload/penultimate_hit_effects_manager.gd:551)
ERROR: Parameter "data.tree" is null.
   at: get_tree (scene/main/node.h:446)
SCRIPT ERROR: Invalid access to property or key 'current_scene' on a base object of type 'null instance'.
          at: _on_tree_changed (res://scripts/autoload/last_chance_effects_manager.gd:1418)
ERROR: Parameter "data.tree" is null.
   at: get_tree (scene/main/node.h:446)
SCRIPT ERROR: Invalid access to property or key 'current_scene' on a base object of type 'null instance'.
          at: _on_tree_changed (res://scripts/autoload/cinema_effects_manager.gd:661)
ERROR: Parameter "data.tree" is null.
   at: get_tree (scene/main/node.h:446)
SCRIPT ERROR: Invalid access to property or key 'current_scene' on a base object of type 'null instance'.
          at: _on_tree_changed (res://scripts/autoload/power_fantasy_effects_manager.gd:230)
ERROR: Parameter "data.tree" is null.
   at: get_tree (scene/main/node.h:446)
SCRIPT ERROR: Invalid access to property or key 'current_scene' on a base object of type 'null instance'.
          at: _on_tree_changed (res://scripts/autoload/black_metal_effects_manager.gd:151)
ERROR: Parameter "data.tree" is null.
   at: get_tree (scene/main/node.h:446)
SCRIPT ERROR: Invalid access to property or key 'current_scene' on a base object of type 'null instance'.
          at: _on_tree_changed (res://scripts/autoload/flashbang_player_effects_manager.gd:232)
ERROR: Parameter "data.tree" is null.
   at: get_tree (scene/main/node.h:446)
SCRIPT ERROR: Invalid access to property or key 'current_scene' on a base object of type 'null instance'.
          at: _on_tree_changed (res://scripts/autoload/persist_manager.gd:304)
ERROR: Parameter "data.tree" is null.
   at: get_tree (scene/main/node.h:446)
SCRIPT ERROR: Invalid access to property or key 'current_scene' on a base object of type 'null instance'.
          at: _on_tree_changed (res://scripts/autoload/penultimate_hit_effects_manager.gd:551)
ERROR: Parameter "data.tree" is null.
   at: get_tree (scene/main/node.h:446)
SCRIPT ERROR: Invalid access to property or key 'current_scene' on a base object of type 'null instance'.
          at: _on_tree_changed (res://scripts/autoload/last_chance_effects_manager.gd:1418)
ERROR: Parameter "data.tree" is null.
   at: get_tree (scene/main/node.h:446)
SCRIPT ERROR: Invalid access to property or key 'current_scene' on a base object of type 'null instance'.
          at: _on_tree_changed (res://scripts/autoload/cinema_effects_manager.gd:661)
ERROR: Parameter "data.tree" is null.
   at: get_tree (scene/main/node.h:446)
SCRIPT ERROR: Invalid access to property or key 'current_scene' on a base object of type 'null instance'.
          at: _on_tree_changed (res://scripts/autoload/power_fantasy_effects_manager.gd:230)
ERROR: Parameter "data.tree" is null.
   at: get_tree (scene/main/node.h:446)
SCRIPT ERROR: Invalid access to property or key 'current_scene' on a base object of type 'null instance'.
          at: _on_tree_changed (res://scripts/autoload/black_metal_effects_manager.gd:151)
ERROR: Parameter "data.tree" is null.
   at: get_tree (scene/main/node.h:446)
SCRIPT ERROR: Invalid access to property or key 'current_scene' on a base object of type 'null instance'.
          at: _on_tree_changed (res://scripts/autoload/flashbang_player_effects_manager.gd:232)
ERROR: Parameter "data.tree" is null.
   at: get_tree (scene/main/node.h:446)
SCRIPT ERROR: Invalid access to property or key 'current_scene' on a base object of type 'null instance'.
          at: _on_tree_changed (res://scripts/autoload/persist_manager.gd:304)
ERROR: Parameter "data.tree" is null.
   at: get_tree (scene/main/node.h:446)
SCRIPT ERROR: Invalid access to property or key 'current_scene' on a base object of type 'null instance'.
          at: _on_tree_changed (res://scripts/autoload/penultimate_hit_effects_manager.gd:551)
ERROR: Parameter "data.tree" is null.
   at: get_tree (scene/main/node.h:446)
SCRIPT ERROR: Invalid access to property or key 'current_scene' on a base object of type 'null instance'.
          at: _on_tree_changed (res://scripts/autoload/last_chance_effects_manager.gd:1418)
ERROR: Parameter "data.tree" is null.
   at: get_tree (scene/main/node.h:446)
SCRIPT ERROR: Invalid access to property or key 'current_scene' on a base object of type 'null instance'.
          at: _on_tree_changed (res://scripts/autoload/cinema_effects_manager.gd:661)
ERROR: Parameter "data.tree" is null.
   at: get_tree (scene/main/node.h:446)
SCRIPT ERROR: Invalid access to property or key 'current_scene' on a base object of type 'null instance'.
          at: _on_tree_changed (res://scripts/autoload/power_fantasy_effects_manager.gd:230)
ERROR: Parameter "data.tree" is null.
   at: get_tree (scene/main/node.h:446)
SCRIPT ERROR: Invalid access to property or key 'current_scene' on a base object of type 'null instance'.
          at: _on_tree_changed (res://scripts/autoload/black_metal_effects_manager.gd:151)
ERROR: Parameter "data.tree" is null.
   at: get_tree (scene/main/node.h:446)
SCRIPT ERROR: Invalid access to property or key 'current_scene' on a base object of type 'null instance'.
          at: _on_tree_changed (res://scripts/autoload/flashbang_player_effects_manager.gd:232)
ERROR: Parameter "data.tree" is null.
   at: get_tree (scene/main/node.h:446)
SCRIPT ERROR: Invalid access to property or key 'current_scene' on a base object of type 'null instance'.
          at: _on_tree_changed (res://scripts/autoload/persist_manager.gd:304)
ERROR: Parameter "data.tree" is null.
   at: get_tree (scene/main/node.h:446)
SCRIPT ERROR: Invalid access to property or key 'current_scene' on a base object of type 'null instance'.
          at: _on_tree_changed (res://scripts/autoload/penultimate_hit_effects_manager.gd:551)
ERROR: Parameter "data.tree" is null.
   at: get_tree (scene/main/node.h:446)
SCRIPT ERROR: Invalid access to property or key 'current_scene' on a base object of type 'null instance'.
          at: _on_tree_changed (res://scripts/autoload/last_chance_effects_manager.gd:1418)
ERROR: Parameter "data.tree" is null.
   at: get_tree (scene/main/node.h:446)
SCRIPT ERROR: Invalid access to property or key 'current_scene' on a base object of type 'null instance'.
          at: _on_tree_changed (res://scripts/autoload/cinema_effects_manager.gd:661)
ERROR: Parameter "data.tree" is null.
   at: get_tree (scene/main/node.h:446)
SCRIPT ERROR: Invalid access to property or key 'current_scene' on a base object of type 'null instance'.
          at: _on_tree_changed (res://scripts/autoload/power_fantasy_effects_manager.gd:230)
ERROR: Parameter "data.tree" is null.
   at: get_tree (scene/main/node.h:446)
SCRIPT ERROR: Invalid access to property or key 'current_scene' on a base object of type 'null instance'.
          at: _on_tree_changed (res://scripts/autoload/black_metal_effects_manager.gd:151)
ERROR: Parameter "data.tree" is null.
   at: get_tree (scene/main/node.h:446)
SCRIPT ERROR: Invalid access to property or key 'current_scene' on a base object of type 'null instance'.
          at: _on_tree_changed (res://scripts/autoload/flashbang_player_effects_manager.gd:232)
ERROR: Parameter "data.tree" is null.
   at: get_tree (scene/main/node.h:446)
SCRIPT ERROR: Invalid access to property or key 'current_scene' on a base object of type 'null instance'.
          at: _on_tree_changed (res://scripts/autoload/persist_manager.gd:304)
ERROR: Parameter "data.tree" is null.
   at: get_tree (scene/main/node.h:446)
SCRIPT ERROR: Invalid access to property or key 'current_scene' on a base object of type 'null instance'.
          at: _on_tree_changed (res://scripts/autoload/penultimate_hit_effects_manager.gd:551)
ERROR: Parameter "data.tree" is null.
   at: get_tree (scene/main/node.h:446)
SCRIPT ERROR: Invalid access to property or key 'current_scene' on a base object of type 'null instance'.
          at: _on_tree_changed (res://scripts/autoload/last_chance_effects_manager.gd:1418)
ERROR: Parameter "data.tree" is null.
   at: get_tree (scene/main/node.h:446)
SCRIPT ERROR: Invalid access to property or key 'current_scene' on a base object of type 'null instance'.
          at: _on_tree_changed (res://scripts/autoload/cinema_effects_manager.gd:661)
ERROR: Parameter "data.tree" is null.
   at: get_tree (scene/main/node.h:446)
SCRIPT ERROR: Invalid access to property or key 'current_scene' on a base object of type 'null instance'.
          at: _on_tree_changed (res://scripts/autoload/power_fantasy_effects_manager.gd:230)
ERROR: Parameter "data.tree" is null.
   at: get_tree (scene/main/node.h:446)
SCRIPT ERROR: Invalid access to property or key 'current_scene' on a base object of type 'null instance'.
          at: _on_tree_changed (res://scripts/autoload/black_metal_effects_manager.gd:151)
ERROR: Parameter "data.tree" is null.
   at: get_tree (scene/main/node.h:446)
SCRIPT ERROR: Invalid access to property or key 'current_scene' on a base object of type 'null instance'.
          at: _on_tree_changed (res://scripts/autoload/flashbang_player_effects_manager.gd:232)
ERROR: Parameter "data.tree" is null.
   at: get_tree (scene/main/node.h:446)
SCRIPT ERROR: Invalid access to property or key 'current_scene' on a base object of type 'null instance'.
          at: _on_tree_changed (res://scripts/autoload/persist_manager.gd:304)
ERROR: Parameter "data.tree" is null.
   at: get_tree (scene/main/node.h:446)
SCRIPT ERROR: Invalid access to property or key 'current_scene' on a base object of type 'null instance'.
          at: _on_tree_changed (res://scripts/autoload/penultimate_hit_effects_manager.gd:551)
ERROR: Parameter "data.tree" is null.
   at: get_tree (scene/main/node.h:446)
SCRIPT ERROR: Invalid access to property or key 'current_scene' on a base object of type 'null instance'.
          at: _on_tree_changed (res://scripts/autoload/last_chance_effects_manager.gd:1418)
ERROR: Parameter "data.tree" is null.
   at: get_tree (scene/main/node.h:446)
SCRIPT ERROR: Invalid access to property or key 'current_scene' on a base object of type 'null instance'.
          at: _on_tree_changed (res://scripts/autoload/cinema_effects_manager.gd:661)
ERROR: Parameter "data.tree" is null.
   at: get_tree (scene/main/node.h:446)
SCRIPT ERROR: Invalid access to property or key 'current_scene' on a base object of type 'null instance'.
          at: _on_tree_changed (res://scripts/autoload/power_fantasy_effects_manager.gd:230)
ERROR: Parameter "data.tree" is null.
   at: get_tree (scene/main/node.h:446)
SCRIPT ERROR: Invalid access to property or key 'current_scene' on a base object of type 'null instance'.
          at: _on_tree_changed (res://scripts/autoload/black_metal_effects_manager.gd:151)
ERROR: Parameter "data.tree" is null.
   at: get_tree (scene/main/node.h:446)
SCRIPT ERROR: Invalid access to property or key 'current_scene' on a base object of type 'null instance'.
          at: _on_tree_changed (res://scripts/autoload/flashbang_player_effects_manager.gd:232)
ERROR: Parameter "data.tree" is null.
   at: get_tree (scene/main/node.h:446)
SCRIPT ERROR: Invalid access to property or key 'current_scene' on a base object of type 'null instance'.
          at: _on_tree_changed (res://scripts/autoload/persist_manager.gd:304)
ERROR: Parameter "data.tree" is null.
   at: get_tree (scene/main/node.h:446)
SCRIPT ERROR: Invalid access to property or key 'current_scene' on a base object of type 'null instance'.
          at: _on_tree_changed (res://scripts/autoload/penultimate_hit_effects_manager.gd:551)
ERROR: Parameter "data.tree" is null.
   at: get_tree (scene/main/node.h:446)
SCRIPT ERROR: Invalid access to property or key 'current_scene' on a base object of type 'null instance'.
          at: _on_tree_changed (res://scripts/autoload/last_chance_effects_manager.gd:1418)
ERROR: Parameter "data.tree" is null.
   at: get_tree (scene/main/node.h:446)
SCRIPT ERROR: Invalid access to property or key 'current_scene' on a base object of type 'null instance'.
          at: _on_tree_changed (res://scripts/autoload/cinema_effects_manager.gd:661)
ERROR: Parameter "data.tree" is null.
   at: get_tree (scene/main/node.h:446)
SCRIPT ERROR: Invalid access to property or key 'current_scene' on a base object of type 'null instance'.
          at: _on_tree_changed (res://scripts/autoload/power_fantasy_effects_manager.gd:230)
ERROR: Parameter "data.tree" is null.
   at: get_tree (scene/main/node.h:446)
SCRIPT ERROR: Invalid access to property or key 'current_scene' on a base object of type 'null instance'.
          at: _on_tree_changed (res://scripts/autoload/black_metal_effects_manager.gd:151)
ERROR: Parameter "data.tree" is null.
   at: get_tree (scene/main/node.h:446)
SCRIPT ERROR: Invalid access to property or key 'current_scene' on a base object of type 'null instance'.
          at: _on_tree_changed (res://scripts/autoload/flashbang_player_effects_manager.gd:232)
ERROR: Parameter "data.tree" is null.
   at: get_tree (scene/main/node.h:446)
SCRIPT ERROR: Invalid access to property or key 'current_scene' on a base object of type 'null instance'.
          at: _on_tree_changed (res://scripts/autoload/persist_manager.gd:304)
ERROR: Parameter "data.tree" is null.
   at: get_tree (scene/main/node.h:446)
SCRIPT ERROR: Invalid access to property or key 'current_scene' on a base object of type 'null instance'.
          at: _on_tree_changed (res://scripts/autoload/penultimate_hit_effects_manager.gd:551)
ERROR: Parameter "data.tree" is null.
   at: get_tree (scene/main/node.h:446)
SCRIPT ERROR: Invalid access to property or key 'current_scene' on a base object of type 'null instance'.
          at: _on_tree_changed (res://scripts/autoload/last_chance_effects_manager.gd:1418)
ERROR: Parameter "data.tree" is null.
   at: get_tree (scene/main/node.h:446)
SCRIPT ERROR: Invalid access to property or key 'current_scene' on a base object of type 'null instance'.
          at: _on_tree_changed (res://scripts/autoload/cinema_effects_manager.gd:661)
ERROR: Parameter "data.tree" is null.
   at: get_tree (scene/main/node.h:446)
SCRIPT ERROR: Invalid access to property or key 'current_scene' on a base object of type 'null instance'.
          at: _on_tree_changed (res://scripts/autoload/power_fantasy_effects_manager.gd:230)
ERROR: Parameter "data.tree" is null.
   at: get_tree (scene/main/node.h:446)
SCRIPT ERROR: Invalid access to property or key 'current_scene' on a base object of type 'null instance'.
          at: _on_tree_changed (res://scripts/autoload/black_metal_effects_manager.gd:151)
ERROR: Parameter "data.tree" is null.
   at: get_tree (scene/main/node.h:446)
SCRIPT ERROR: Invalid access to property or key 'current_scene' on a base object of type 'null instance'.
          at: _on_tree_changed (res://scripts/autoload/flashbang_player_effects_manager.gd:232)
ERROR: Parameter "data.tree" is null.
   at: get_tree (scene/main/node.h:446)
SCRIPT ERROR: Invalid access to property or key 'current_scene' on a base object of type 'null instance'.
          at: _on_tree_changed (res://scripts/autoload/persist_manager.gd:304)
ERROR: Parameter "data.tree" is null.
   at: get_tree (scene/main/node.h:446)
SCRIPT ERROR: Invalid access to property or key 'current_scene' on a base object of type 'null instance'.
          at: _on_tree_changed (res://scripts/autoload/penultimate_hit_effects_manager.gd:551)
ERROR: Parameter "data.tree" is null.
   at: get_tree (scene/main/node.h:446)
SCRIPT ERROR: Invalid access to property or key 'current_scene' on a base object of type 'null instance'.
          at: _on_tree_changed (res://scripts/autoload/last_chance_effects_manager.gd:1418)
ERROR: Parameter "data.tree" is null.
   at: get_tree (scene/main/node.h:446)
SCRIPT ERROR: Invalid access to property or key 'current_scene' on a base object of type 'null instance'.
          at: _on_tree_changed (res://scripts/autoload/cinema_effects_manager.gd:661)
ERROR: Parameter "data.tree" is null.
   at: get_tree (scene/main/node.h:446)
SCRIPT ERROR: Invalid access to property or key 'current_scene' on a base object of type 'null instance'.
          at: _on_tree_changed (res://scripts/autoload/power_fantasy_effects_manager.gd:230)
ERROR: Parameter "data.tree" is null.
   at: get_tree (scene/main/node.h:446)
SCRIPT ERROR: Invalid access to property or key 'current_scene' on a base object of type 'null instance'.
          at: _on_tree_changed (res://scripts/autoload/black_metal_effects_manager.gd:151)
ERROR: Parameter "data.tree" is null.
   at: get_tree (scene/main/node.h:446)
SCRIPT ERROR: Invalid access to property or key 'current_scene' on a base object of type 'null instance'.
          at: _on_tree_changed (res://scripts/autoload/flashbang_player_effects_manager.gd:232)
ERROR: Parameter "data.tree" is null.
   at: get_tree (scene/main/node.h:446)
SCRIPT ERROR: Invalid access to property or key 'current_scene' on a base object of type 'null instance'.
          at: _on_tree_changed (res://scripts/autoload/persist_manager.gd:304)
ERROR: Parameter "data.tree" is null.
   at: get_tree (scene/main/node.h:446)
SCRIPT ERROR: Invalid access to property or key 'current_scene' on a base object of type 'null instance'.
          at: _on_tree_changed (res://scripts/autoload/penultimate_hit_effects_manager.gd:551)
ERROR: Parameter "data.tree" is null.
   at: get_tree (scene/main/node.h:446)
SCRIPT ERROR: Invalid access to property or key 'current_scene' on a base object of type 'null instance'.
          at: _on_tree_changed (res://scripts/autoload/last_chance_effects_manager.gd:1418)
ERROR: Parameter "data.tree" is null.
   at: get_tree (scene/main/node.h:446)
SCRIPT ERROR: Invalid access to property or key 'current_scene' on a base object of type 'null instance'.
          at: _on_tree_changed (res://scripts/autoload/cinema_effects_manager.gd:661)
ERROR: Parameter "data.tree" is null.
   at: get_tree (scene/main/node.h:446)
SCRIPT ERROR: Invalid access to property or key 'current_scene' on a base object of type 'null instance'.
          at: _on_tree_changed (res://scripts/autoload/power_fantasy_effects_manager.gd:230)
ERROR: Parameter "data.tree" is null.
   at: get_tree (scene/main/node.h:446)
SCRIPT ERROR: Invalid access to property or key 'current_scene' on a base object of type 'null instance'.
          at: _on_tree_changed (res://scripts/autoload/black_metal_effects_manager.gd:151)
ERROR: Parameter "data.tree" is null.
   at: get_tree (scene/main/node.h:446)
SCRIPT ERROR: Invalid access to property or key 'current_scene' on a base object of type 'null instance'.
          at: _on_tree_changed (res://scripts/autoload/flashbang_player_effects_manager.gd:232)
ERROR: Parameter "data.tree" is null.
   at: get_tree (scene/main/node.h:446)
SCRIPT ERROR: Invalid access to property or key 'current_scene' on a base object of type 'null instance'.
          at: _on_tree_changed (res://scripts/autoload/persist_manager.gd:304)
ERROR: Parameter "data.tree" is null.
   at: get_tree (scene/main/node.h:446)
SCRIPT ERROR: Invalid access to property or key 'current_scene' on a base object of type 'null instance'.
          at: _on_tree_changed (res://scripts/autoload/impact_effects_manager.gd:1054)
ERROR: Parameter "data.tree" is null.
   at: get_tree (scene/main/node.h:446)
SCRIPT ERROR: Invalid access to property or key 'current_scene' on a base object of type 'null instance'.
          at: _on_tree_changed (res://scripts/autoload/penultimate_hit_effects_manager.gd:551)
ERROR: Parameter "data.tree" is null.
   at: get_tree (scene/main/node.h:446)
SCRIPT ERROR: Invalid access to property or key 'current_scene' on a base object of type 'null instance'.
          at: _on_tree_changed (res://scripts/autoload/last_chance_effects_manager.gd:1418)
ERROR: Parameter "data.tree" is null.
   at: get_tree (scene/main/node.h:446)
SCRIPT ERROR: Invalid access to property or key 'current_scene' on a base object of type 'null instance'.
          at: _on_tree_changed (res://scripts/autoload/cinema_effects_manager.gd:661)
ERROR: Parameter "data.tree" is null.
   at: get_tree (scene/main/node.h:446)
SCRIPT ERROR: Invalid access to property or key 'current_scene' on a base object of type 'null instance'.
          at: _on_tree_changed (res://scripts/autoload/power_fantasy_effects_manager.gd:230)
ERROR: Parameter "data.tree" is null.
   at: get_tree (scene/main/node.h:446)
SCRIPT ERROR: Invalid access to property or key 'current_scene' on a base object of type 'null instance'.
          at: _on_tree_changed (res://scripts/autoload/black_metal_effects_manager.gd:151)
ERROR: Parameter "data.tree" is null.
   at: get_tree (scene/main/node.h:446)
SCRIPT ERROR: Invalid access to property or key 'current_scene' on a base object of type 'null instance'.
          at: _on_tree_changed (res://scripts/autoload/flashbang_player_effects_manager.gd:232)
ERROR: Parameter "data.tree" is null.
   at: get_tree (scene/main/node.h:446)
SCRIPT ERROR: Invalid access to property or key 'current_scene' on a base object of type 'null instance'.
          at: _on_tree_changed (res://scripts/autoload/persist_manager.gd:304)
ERROR: Parameter "data.tree" is null.
   at: get_tree (scene/main/node.h:446)
SCRIPT ERROR: Invalid access to property or key 'current_scene' on a base object of type 'null instance'.
          at: _on_tree_changed (res://scripts/autoload/impact_effects_manager.gd:1054)
ERROR: Parameter "data.tree" is null.
   at: get_tree (scene/main/node.h:446)
SCRIPT ERROR: Invalid access to property or key 'current_scene' on a base object of type 'null instance'.
          at: _on_tree_changed (res://scripts/autoload/penultimate_hit_effects_manager.gd:551)
ERROR: Parameter "data.tree" is null.
   at: get_tree (scene/main/node.h:446)
SCRIPT ERROR: Invalid access to property or key 'current_scene' on a base object of type 'null instance'.
          at: _on_tree_changed (res://scripts/autoload/last_chance_effects_manager.gd:1418)
ERROR: Parameter "data.tree" is null.
   at: get_tree (scene/main/node.h:446)
SCRIPT ERROR: Invalid access to property or key 'current_scene' on a base object of type 'null instance'.
          at: _on_tree_changed (res://scripts/autoload/cinema_effects_manager.gd:661)
ERROR: Parameter "data.tree" is null.
   at: get_tree (scene/main/node.h:446)
SCRIPT ERROR: Invalid access to property or key 'current_scene' on a base object of type 'null instance'.
          at: _on_tree_changed (res://scripts/autoload/power_fantasy_effects_manager.gd:230)
ERROR: Parameter "data.tree" is null.
   at: get_tree (scene/main/node.h:446)
SCRIPT ERROR: Invalid access to property or key 'current_scene' on a base object of type 'null instance'.
          at: _on_tree_changed (res://scripts/autoload/black_metal_effects_manager.gd:151)
ERROR: Parameter "data.tree" is null.
   at: get_tree (scene/main/node.h:446)
SCRIPT ERROR: Invalid access to property or key 'current_scene' on a base object of type 'null instance'.
          at: _on_tree_changed (res://scripts/autoload/flashbang_player_effects_manager.gd:232)
ERROR: Parameter "data.tree" is null.
   at: get_tree (scene/main/node.h:446)
SCRIPT ERROR: Invalid access to property or key 'current_scene' on a base object of type 'null instance'.
          at: _on_tree_changed (res://scripts/autoload/persist_manager.gd:304)
ERROR: Parameter "data.tree" is null.
   at: get_tree (scene/main/node.h:446)
SCRIPT ERROR: Invalid access to property or key 'current_scene' on a base object of type 'null instance'.
          at: _on_tree_changed (res://scripts/autoload/screen_shake_manager.gd:171)
ERROR: Parameter "data.tree" is null.
   at: get_tree (scene/main/node.h:446)
SCRIPT ERROR: Invalid access to property or key 'current_scene' on a base object of type 'null instance'.
          at: _on_tree_changed (res://scripts/autoload/impact_effects_manager.gd:1054)
ERROR: Parameter "data.tree" is null.
   at: get_tree (scene/main/node.h:446)
SCRIPT ERROR: Invalid access to property or key 'current_scene' on a base object of type 'null instance'.
          at: _on_tree_changed (res://scripts/autoload/penultimate_hit_effects_manager.gd:551)
ERROR: Parameter "data.tree" is null.
   at: get_tree (scene/main/node.h:446)
SCRIPT ERROR: Invalid access to property or key 'current_scene' on a base object of type 'null instance'.
          at: _on_tree_changed (res://scripts/autoload/last_chance_effects_manager.gd:1418)
ERROR: Parameter "data.tree" is null.
   at: get_tree (scene/main/node.h:446)
SCRIPT ERROR: Invalid access to property or key 'current_scene' on a base object of type 'null instance'.
          at: _on_tree_changed (res://scripts/autoload/cinema_effects_manager.gd:661)
ERROR: Parameter "data.tree" is null.
   at: get_tree (scene/main/node.h:446)
SCRIPT ERROR: Invalid access to property or key 'current_scene' on a base object of type 'null instance'.
          at: _on_tree_changed (res://scripts/autoload/power_fantasy_effects_manager.gd:230)
ERROR: Parameter "data.tree" is null.
   at: get_tree (scene/main/node.h:446)
SCRIPT ERROR: Invalid access to property or key 'current_scene' on a base object of type 'null instance'.
          at: _on_tree_changed (res://scripts/autoload/black_metal_effects_manager.gd:151)
ERROR: Parameter "data.tree" is null.
   at: get_tree (scene/main/node.h:446)
SCRIPT ERROR: Invalid access to property or key 'current_scene' on a base object of type 'null instance'.
          at: _on_tree_changed (res://scripts/autoload/flashbang_player_effects_manager.gd:232)
ERROR: Parameter "data.tree" is null.
   at: get_tree (scene/main/node.h:446)
SCRIPT ERROR: Invalid access to property or key 'current_scene' on a base object of type 'null instance'.
          at: _on_tree_changed (res://scripts/autoload/persist_manager.gd:304)
ERROR: Parameter "data.tree" is null.
   at: get_tree (scene/main/node.h:446)
SCRIPT ERROR: Invalid access to property or key 'current_scene' on a base object of type 'null instance'.
          at: _on_tree_changed (res://scripts/autoload/screen_shake_manager.gd:171)
ERROR: Parameter "data.tree" is null.
   at: get_tree (scene/main/node.h:446)
SCRIPT ERROR: Invalid access to property or key 'current_scene' on a base object of type 'null instance'.
          at: _on_tree_changed (res://scripts/autoload/impact_effects_manager.gd:1054)
ERROR: Parameter "data.tree" is null.
   at: get_tree (scene/main/node.h:446)
SCRIPT ERROR: Invalid access to property or key 'current_scene' on a base object of type 'null instance'.
          at: _on_tree_changed (res://scripts/autoload/penultimate_hit_effects_manager.gd:551)
ERROR: Parameter "data.tree" is null.
   at: get_tree (scene/main/node.h:446)
SCRIPT ERROR: Invalid access to property or key 'current_scene' on a base object of type 'null instance'.
          at: _on_tree_changed (res://scripts/autoload/last_chance_effects_manager.gd:1418)
ERROR: Parameter "data.tree" is null.
   at: get_tree (scene/main/node.h:446)
SCRIPT ERROR: Invalid access to property or key 'current_scene' on a base object of type 'null instance'.
          at: _on_tree_changed (res://scripts/autoload/cinema_effects_manager.gd:661)
ERROR: Parameter "data.tree" is null.
   at: get_tree (scene/main/node.h:446)
SCRIPT ERROR: Invalid access to property or key 'current_scene' on a base object of type 'null instance'.
          at: _on_tree_changed (res://scripts/autoload/power_fantasy_effects_manager.gd:230)
ERROR: Parameter "data.tree" is null.
   at: get_tree (scene/main/node.h:446)
SCRIPT ERROR: Invalid access to property or key 'current_scene' on a base object of type 'null instance'.
          at: _on_tree_changed (res://scripts/autoload/black_metal_effects_manager.gd:151)
ERROR: Parameter "data.tree" is null.
   at: get_tree (scene/main/node.h:446)
SCRIPT ERROR: Invalid access to property or key 'current_scene' on a base object of type 'null instance'.
          at: _on_tree_changed (res://scripts/autoload/flashbang_player_effects_manager.gd:232)
ERROR: Parameter "data.tree" is null.
   at: get_tree (scene/main/node.h:446)
SCRIPT ERROR: Invalid access to property or key 'current_scene' on a base object of type 'null instance'.
          at: _on_tree_changed (res://scripts/autoload/persist_manager.gd:304)
ERROR: Parameter "data.tree" is null.
   at: get_tree (scene/main/node.h:446)
SCRIPT ERROR: Invalid access to property or key 'current_scene' on a base object of type 'null instance'.
          at: _on_tree_changed (res://scripts/autoload/screen_shake_manager.gd:171)
ERROR: Parameter "data.tree" is null.
   at: get_tree (scene/main/node.h:446)
SCRIPT ERROR: Invalid access to property or key 'current_scene' on a base object of type 'null instance'.
          at: _on_tree_changed (res://scripts/autoload/impact_effects_manager.gd:1054)
ERROR: Parameter "data.tree" is null.
   at: get_tree (scene/main/node.h:446)
SCRIPT ERROR: Invalid access to property or key 'current_scene' on a base object of type 'null instance'.
          at: _on_tree_changed (res://scripts/autoload/penultimate_hit_effects_manager.gd:551)
ERROR: Parameter "data.tree" is null.
   at: get_tree (scene/main/node.h:446)
SCRIPT ERROR: Invalid access to property or key 'current_scene' on a base object of type 'null instance'.
          at: _on_tree_changed (res://scripts/autoload/last_chance_effects_manager.gd:1418)
ERROR: Parameter "data.tree" is null.
   at: get_tree (scene/main/node.h:446)
SCRIPT ERROR: Invalid access to property or key 'current_scene' on a base object of type 'null instance'.
          at: _on_tree_changed (res://scripts/autoload/cinema_effects_manager.gd:661)
ERROR: Parameter "data.tree" is null.
   at: get_tree (scene/main/node.h:446)
SCRIPT ERROR: Invalid access to property or key 'current_scene' on a base object of type 'null instance'.
          at: _on_tree_changed (res://scripts/autoload/power_fantasy_effects_manager.gd:230)
ERROR: Parameter "data.tree" is null.
   at: get_tree (scene/main/node.h:446)
SCRIPT ERROR: Invalid access to property or key 'current_scene' on a base object of type 'null instance'.
          at: _on_tree_changed (res://scripts/autoload/black_metal_effects_manager.gd:151)
ERROR: Parameter "data.tree" is null.
   at: get_tree (scene/main/node.h:446)
SCRIPT ERROR: Invalid access to property or key 'current_scene' on a base object of type 'null instance'.
          at: _on_tree_changed (res://scripts/autoload/flashbang_player_effects_manager.gd:232)
ERROR: Parameter "data.tree" is null.
   at: get_tree (scene/main/node.h:446)
SCRIPT ERROR: Invalid access to property or key 'current_scene' on a base object of type 'null instance'.
          at: _on_tree_changed (res://scripts/autoload/persist_manager.gd:304)
ERROR: Parameter "data.tree" is null.
   at: get_tree (scene/main/node.h:446)
SCRIPT ERROR: Invalid access to property or key 'current_scene' on a base object of type 'null instance'.
          at: _on_tree_changed (res://scripts/autoload/screen_shake_manager.gd:171)
ERROR: Parameter "data.tree" is null.
   at: get_tree (scene/main/node.h:446)
SCRIPT ERROR: Invalid access to property or key 'current_scene' on a base object of type 'null instance'.
          at: _on_tree_changed (res://scripts/autoload/impact_effects_manager.gd:1054)
ERROR: Parameter "data.tree" is null.
   at: get_tree (scene/main/node.h:446)
SCRIPT ERROR: Invalid access to property or key 'current_scene' on a base object of type 'null instance'.
          at: _on_tree_changed (res://scripts/autoload/penultimate_hit_effects_manager.gd:551)
ERROR: Parameter "data.tree" is null.
   at: get_tree (scene/main/node.h:446)
SCRIPT ERROR: Invalid access to property or key 'current_scene' on a base object of type 'null instance'.
          at: _on_tree_changed (res://scripts/autoload/last_chance_effects_manager.gd:1418)
ERROR: Parameter "data.tree" is null.
   at: get_tree (scene/main/node.h:446)
SCRIPT ERROR: Invalid access to property or key 'current_scene' on a base object of type 'null instance'.
          at: _on_tree_changed (res://scripts/autoload/cinema_effects_manager.gd:661)
ERROR: Parameter "data.tree" is null.
   at: get_tree (scene/main/node.h:446)
SCRIPT ERROR: Invalid access to property or key 'current_scene' on a base object of type 'null instance'.
          at: _on_tree_changed (res://scripts/autoload/power_fantasy_effects_manager.gd:230)
ERROR: Parameter "data.tree" is null.
   at: get_tree (scene/main/node.h:446)
SCRIPT ERROR: Invalid access to property or key 'current_scene' on a base object of type 'null instance'.
          at: _on_tree_changed (res://scripts/autoload/black_metal_effects_manager.gd:151)
ERROR: Parameter "data.tree" is null.
   at: get_tree (scene/main/node.h:446)
SCRIPT ERROR: Invalid access to property or key 'current_scene' on a base object of type 'null instance'.
          at: _on_tree_changed (res://scripts/autoload/flashbang_player_effects_manager.gd:232)
ERROR: Parameter "data.tree" is null.
   at: get_tree (scene/main/node.h:446)
SCRIPT ERROR: Invalid access to property or key 'current_scene' on a base object of type 'null instance'.
          at: _on_tree_changed (res://scripts/autoload/persist_manager.gd:304)
ERROR: Parameter "data.tree" is null.
   at: get_tree (scene/main/node.h:446)
SCRIPT ERROR: Invalid access to property or key 'current_scene' on a base object of type 'null instance'.
          at: _on_tree_changed (res://scripts/autoload/screen_shake_manager.gd:171)
ERROR: Parameter "data.tree" is null.
   at: get_tree (scene/main/node.h:446)
SCRIPT ERROR: Invalid access to property or key 'current_scene' on a base object of type 'null instance'.
          at: _on_tree_changed (res://scripts/autoload/impact_effects_manager.gd:1054)
ERROR: Parameter "data.tree" is null.
   at: get_tree (scene/main/node.h:446)
SCRIPT ERROR: Invalid access to property or key 'current_scene' on a base object of type 'null instance'.
          at: _on_tree_changed (res://scripts/autoload/penultimate_hit_effects_manager.gd:551)
ERROR: Parameter "data.tree" is null.
   at: get_tree (scene/main/node.h:446)
SCRIPT ERROR: Invalid access to property or key 'current_scene' on a base object of type 'null instance'.
          at: _on_tree_changed (res://scripts/autoload/last_chance_effects_manager.gd:1418)
ERROR: Parameter "data.tree" is null.
   at: get_tree (scene/main/node.h:446)
SCRIPT ERROR: Invalid access to property or key 'current_scene' on a base object of type 'null instance'.
          at: _on_tree_changed (res://scripts/autoload/cinema_effects_manager.gd:661)
ERROR: Parameter "data.tree" is null.
   at: get_tree (scene/main/node.h:446)
SCRIPT ERROR: Invalid access to property or key 'current_scene' on a base object of type 'null instance'.
          at: _on_tree_changed (res://scripts/autoload/power_fantasy_effects_manager.gd:230)
ERROR: Parameter "data.tree" is null.
   at: get_tree (scene/main/node.h:446)
SCRIPT ERROR: Invalid access to property or key 'current_scene' on a base object of type 'null instance'.
          at: _on_tree_changed (res://scripts/autoload/black_metal_effects_manager.gd:151)
ERROR: Parameter "data.tree" is null.
   at: get_tree (scene/main/node.h:446)
SCRIPT ERROR: Invalid access to property or key 'current_scene' on a base object of type 'null instance'.
          at: _on_tree_changed (res://scripts/autoload/flashbang_player_effects_manager.gd:232)
ERROR: Parameter "data.tree" is null.
   at: get_tree (scene/main/node.h:446)
SCRIPT ERROR: Invalid access to property or key 'current_scene' on a base object of type 'null instance'.
          at: _on_tree_changed (res://scripts/autoload/persist_manager.gd:304)
ERROR: Parameter "data.tree" is null.
   at: get_tree (scene/main/node.h:446)
SCRIPT ERROR: Invalid access to property or key 'current_scene' on a base object of type 'null instance'.
          at: _on_tree_changed (res://scripts/autoload/screen_shake_manager.gd:171)
ERROR: Parameter "data.tree" is null.
   at: get_tree (scene/main/node.h:446)
SCRIPT ERROR: Invalid access to property or key 'current_scene' on a base object of type 'null instance'.
          at: _on_tree_changed (res://scripts/autoload/impact_effects_manager.gd:1054)
ERROR: Parameter "data.tree" is null.
   at: get_tree (scene/main/node.h:446)
SCRIPT ERROR: Invalid access to property or key 'current_scene' on a base object of type 'null instance'.
          at: _on_tree_changed (res://scripts/autoload/penultimate_hit_effects_manager.gd:551)
ERROR: Parameter "data.tree" is null.
   at: get_tree (scene/main/node.h:446)
SCRIPT ERROR: Invalid access to property or key 'current_scene' on a base object of type 'null instance'.
          at: _on_tree_changed (res://scripts/autoload/last_chance_effects_manager.gd:1418)
ERROR: Parameter "data.tree" is null.
   at: get_tree (scene/main/node.h:446)
SCRIPT ERROR: Invalid access to property or key 'current_scene' on a base object of type 'null instance'.
          at: _on_tree_changed (res://scripts/autoload/cinema_effects_manager.gd:661)
ERROR: Parameter "data.tree" is null.
   at: get_tree (scene/main/node.h:446)
SCRIPT ERROR: Invalid access to property or key 'current_scene' on a base object of type 'null instance'.
          at: _on_tree_changed (res://scripts/autoload/power_fantasy_effects_manager.gd:230)
ERROR: Parameter "data.tree" is null.
   at: get_tree (scene/main/node.h:446)
SCRIPT ERROR: Invalid access to property or key 'current_scene' on a base object of type 'null instance'.
          at: _on_tree_changed (res://scripts/autoload/black_metal_effects_manager.gd:151)
ERROR: Parameter "data.tree" is null.
   at: get_tree (scene/main/node.h:446)
SCRIPT ERROR: Invalid access to property or key 'current_scene' on a base object of type 'null instance'.
          at: _on_tree_changed (res://scripts/autoload/flashbang_player_effects_manager.gd:232)
ERROR: Parameter "data.tree" is null.
   at: get_tree (scene/main/node.h:446)
SCRIPT ERROR: Invalid access to property or key 'current_scene' on a base object of type 'null instance'.
          at: _on_tree_changed (res://scripts/autoload/persist_manager.gd:304)
ERROR: Parameter "data.tree" is null.
   at: get_tree (scene/main/node.h:446)
SCRIPT ERROR: Invalid access to property or key 'current_scene' on a base object of type 'null instance'.
          at: _on_tree_changed (res://scripts/autoload/screen_shake_manager.gd:171)
ERROR: Parameter "data.tree" is null.
   at: get_tree (scene/main/node.h:446)
SCRIPT ERROR: Invalid access to property or key 'current_scene' on a base object of type 'null instance'.
          at: _on_tree_changed (res://scripts/autoload/impact_effects_manager.gd:1054)
ERROR: Parameter "data.tree" is null.
   at: get_tree (scene/main/node.h:446)
SCRIPT ERROR: Invalid access to property or key 'current_scene' on a base object of type 'null instance'.
          at: _on_tree_changed (res://scripts/autoload/penultimate_hit_effects_manager.gd:551)
ERROR: Parameter "data.tree" is null.
   at: get_tree (scene/main/node.h:446)
SCRIPT ERROR: Invalid access to property or key 'current_scene' on a base object of type 'null instance'.
          at: _on_tree_changed (res://scripts/autoload/last_chance_effects_manager.gd:1418)
ERROR: Parameter "data.tree" is null.
   at: get_tree (scene/main/node.h:446)
SCRIPT ERROR: Invalid access to property or key 'current_scene' on a base object of type 'null instance'.
          at: _on_tree_changed (res://scripts/autoload/cinema_effects_manager.gd:661)
ERROR: Parameter "data.tree" is null.
   at: get_tree (scene/main/node.h:446)
SCRIPT ERROR: Invalid access to property or key 'current_scene' on a base object of type 'null instance'.
          at: _on_tree_changed (res://scripts/autoload/power_fantasy_effects_manager.gd:230)
ERROR: Parameter "data.tree" is null.
   at: get_tree (scene/main/node.h:446)
SCRIPT ERROR: Invalid access to property or key 'current_scene' on a base object of type 'null instance'.
          at: _on_tree_changed (res://scripts/autoload/black_metal_effects_manager.gd:151)
ERROR: Parameter "data.tree" is null.
   at: get_tree (scene/main/node.h:446)
SCRIPT ERROR: Invalid access to property or key 'current_scene' on a base object of type 'null instance'.
          at: _on_tree_changed (res://scripts/autoload/flashbang_player_effects_manager.gd:232)
ERROR: Parameter "data.tree" is null.
   at: get_tree (scene/main/node.h:446)
SCRIPT ERROR: Invalid access to property or key 'current_scene' on a base object of type 'null instance'.
          at: _on_tree_changed (res://scripts/autoload/persist_manager.gd:304)
ERROR: Parameter "data.tree" is null.
   at: get_tree (scene/main/node.h:446)
SCRIPT ERROR: Invalid access to property or key 'current_scene' on a base object of type 'null instance'.
          at: _on_tree_changed (res://scripts/autoload/screen_shake_manager.gd:171)
ERROR: Parameter "data.tree" is null.
   at: get_tree (scene/main/node.h:446)
SCRIPT ERROR: Invalid access to property or key 'current_scene' on a base object of type 'null instance'.
          at: _on_tree_changed (res://scripts/autoload/impact_effects_manager.gd:1054)
ERROR: Parameter "data.tree" is null.
   at: get_tree (scene/main/node.h:446)
SCRIPT ERROR: Invalid access to property or key 'current_scene' on a base object of type 'null instance'.
          at: _on_tree_changed (res://scripts/autoload/penultimate_hit_effects_manager.gd:551)
ERROR: Parameter "data.tree" is null.
   at: get_tree (scene/main/node.h:446)
SCRIPT ERROR: Invalid access to property or key 'current_scene' on a base object of type 'null instance'.
          at: _on_tree_changed (res://scripts/autoload/last_chance_effects_manager.gd:1418)
ERROR: Parameter "data.tree" is null.
   at: get_tree (scene/main/node.h:446)
SCRIPT ERROR: Invalid access to property or key 'current_scene' on a base object of type 'null instance'.
          at: _on_tree_changed (res://scripts/autoload/cinema_effects_manager.gd:661)
ERROR: Parameter "data.tree" is null.
   at: get_tree (scene/main/node.h:446)
SCRIPT ERROR: Invalid access to property or key 'current_scene' on a base object of type 'null instance'.
          at: _on_tree_changed (res://scripts/autoload/power_fantasy_effects_manager.gd:230)
ERROR: Parameter "data.tree" is null.
   at: get_tree (scene/main/node.h:446)
SCRIPT ERROR: Invalid access to property or key 'current_scene' on a base object of type 'null instance'.
          at: _on_tree_changed (res://scripts/autoload/black_metal_effects_manager.gd:151)
ERROR: Parameter "data.tree" is null.
   at: get_tree (scene/main/node.h:446)
SCRIPT ERROR: Invalid access to property or key 'current_scene' on a base object of type 'null instance'.
          at: _on_tree_changed (res://scripts/autoload/flashbang_player_effects_manager.gd:232)
ERROR: Parameter "data.tree" is null.
   at: get_tree (scene/main/node.h:446)
SCRIPT ERROR: Invalid access to property or key 'current_scene' on a base object of type 'null instance'.
          at: _on_tree_changed (res://scripts/autoload/persist_manager.gd:304)
ERROR: Parameter "data.tree" is null.
   at: get_tree (scene/main/node.h:446)
SCRIPT ERROR: Invalid access to property or key 'current_scene' on a base object of type 'null instance'.
          at: _on_tree_changed (res://scripts/autoload/screen_shake_manager.gd:171)
ERROR: Parameter "data.tree" is null.
   at: get_tree (scene/main/node.h:446)
SCRIPT ERROR: Invalid access to property or key 'current_scene' on a base object of type 'null instance'.
          at: _on_tree_changed (res://scripts/autoload/impact_effects_manager.gd:1054)
ERROR: Parameter "data.tree" is null.
   at: get_tree (scene/main/node.h:446)
SCRIPT ERROR: Invalid access to property or key 'current_scene' on a base object of type 'null instance'.
          at: _on_tree_changed (res://scripts/autoload/penultimate_hit_effects_manager.gd:551)
ERROR: Parameter "data.tree" is null.
   at: get_tree (scene/main/node.h:446)
SCRIPT ERROR: Invalid access to property or key 'current_scene' on a base object of type 'null instance'.
          at: _on_tree_changed (res://scripts/autoload/last_chance_effects_manager.gd:1418)
ERROR: Parameter "data.tree" is null.
   at: get_tree (scene/main/node.h:446)
SCRIPT ERROR: Invalid access to property or key 'current_scene' on a base object of type 'null instance'.
          at: _on_tree_changed (res://scripts/autoload/cinema_effects_manager.gd:661)
ERROR: Parameter "data.tree" is null.
   at: get_tree (scene/main/node.h:446)
SCRIPT ERROR: Invalid access to property or key 'current_scene' on a base object of type 'null instance'.
          at: _on_tree_changed (res://scripts/autoload/power_fantasy_effects_manager.gd:230)
ERROR: Parameter "data.tree" is null.
   at: get_tree (scene/main/node.h:446)
SCRIPT ERROR: Invalid access to property or key 'current_scene' on a base object of type 'null instance'.
          at: _on_tree_changed (res://scripts/autoload/black_metal_effects_manager.gd:151)
ERROR: Parameter "data.tree" is null.
   at: get_tree (scene/main/node.h:446)
SCRIPT ERROR: Invalid access to property or key 'current_scene' on a base object of type 'null instance'.
          at: _on_tree_changed (res://scripts/autoload/flashbang_player_effects_manager.gd:232)
ERROR: Parameter "data.tree" is null.
   at: get_tree (scene/main/node.h:446)
SCRIPT ERROR: Invalid access to property or key 'current_scene' on a base object of type 'null instance'.
          at: _on_tree_changed (res://scripts/autoload/persist_manager.gd:304)
ERROR: Parameter "data.tree" is null.
   at: get_tree (scene/main/node.h:446)
SCRIPT ERROR: Invalid access to property or key 'current_scene' on a base object of type 'null instance'.
          at: _on_tree_changed (res://scripts/autoload/screen_shake_manager.gd:171)
ERROR: Parameter "data.tree" is null.
   at: get_tree (scene/main/node.h:446)
SCRIPT ERROR: Invalid access to property or key 'current_scene' on a base object of type 'null instance'.
          at: _on_tree_changed (res://scripts/autoload/impact_effects_manager.gd:1054)
ERROR: Parameter "data.tree" is null.
   at: get_tree (scene/main/node.h:446)
SCRIPT ERROR: Invalid access to property or key 'current_scene' on a base object of type 'null instance'.
          at: _on_tree_changed (res://scripts/autoload/penultimate_hit_effects_manager.gd:551)
ERROR: Parameter "data.tree" is null.
   at: get_tree (scene/main/node.h:446)
SCRIPT ERROR: Invalid access to property or key 'current_scene' on a base object of type 'null instance'.
          at: _on_tree_changed (res://scripts/autoload/last_chance_effects_manager.gd:1418)
ERROR: Parameter "data.tree" is null.
   at: get_tree (scene/main/node.h:446)
SCRIPT ERROR: Invalid access to property or key 'current_scene' on a base object of type 'null instance'.
          at: _on_tree_changed (res://scripts/autoload/cinema_effects_manager.gd:661)
ERROR: Parameter "data.tree" is null.
   at: get_tree (scene/main/node.h:446)
SCRIPT ERROR: Invalid access to property or key 'current_scene' on a base object of type 'null instance'.
          at: _on_tree_changed (res://scripts/autoload/power_fantasy_effects_manager.gd:230)
ERROR: Parameter "data.tree" is null.
   at: get_tree (scene/main/node.h:446)
SCRIPT ERROR: Invalid access to property or key 'current_scene' on a base object of type 'null instance'.
          at: _on_tree_changed (res://scripts/autoload/black_metal_effects_manager.gd:151)
ERROR: Parameter "data.tree" is null.
   at: get_tree (scene/main/node.h:446)
SCRIPT ERROR: Invalid access to property or key 'current_scene' on a base object of type 'null instance'.
          at: _on_tree_changed (res://scripts/autoload/flashbang_player_effects_manager.gd:232)
ERROR: Parameter "data.tree" is null.
   at: get_tree (scene/main/node.h:446)
SCRIPT ERROR: Invalid access to property or key 'current_scene' on a base object of type 'null instance'.
          at: _on_tree_changed (res://scripts/autoload/persist_manager.gd:304)
ERROR: Parameter "data.tree" is null.
   at: get_tree (scene/main/node.h:446)
SCRIPT ERROR: Invalid access to property or key 'current_scene' on a base object of type 'null instance'.
          at: _on_tree_changed (res://scripts/autoload/screen_shake_manager.gd:171)
ERROR: Parameter "data.tree" is null.
   at: get_tree (scene/main/node.h:446)
SCRIPT ERROR: Invalid access to property or key 'current_scene' on a base object of type 'null instance'.
          at: _on_tree_changed (res://scripts/autoload/impact_effects_manager.gd:1054)
ERROR: Parameter "data.tree" is null.
   at: get_tree (scene/main/node.h:446)
SCRIPT ERROR: Invalid access to property or key 'current_scene' on a base object of type 'null instance'.
          at: _on_tree_changed (res://scripts/autoload/penultimate_hit_effects_manager.gd:551)
ERROR: Parameter "data.tree" is null.
   at: get_tree (scene/main/node.h:446)
SCRIPT ERROR: Invalid access to property or key 'current_scene' on a base object of type 'null instance'.
          at: _on_tree_changed (res://scripts/autoload/last_chance_effects_manager.gd:1418)
ERROR: Parameter "data.tree" is null.
   at: get_tree (scene/main/node.h:446)
SCRIPT ERROR: Invalid access to property or key 'current_scene' on a base object of type 'null instance'.
          at: _on_tree_changed (res://scripts/autoload/cinema_effects_manager.gd:661)
ERROR: Parameter "data.tree" is null.
   at: get_tree (scene/main/node.h:446)
SCRIPT ERROR: Invalid access to property or key 'current_scene' on a base object of type 'null instance'.
          at: _on_tree_changed (res://scripts/autoload/power_fantasy_effects_manager.gd:230)
ERROR: Parameter "data.tree" is null.
   at: get_tree (scene/main/node.h:446)
SCRIPT ERROR: Invalid access to property or key 'current_scene' on a base object of type 'null instance'.
          at: _on_tree_changed (res://scripts/autoload/black_metal_effects_manager.gd:151)
ERROR: Parameter "data.tree" is null.
   at: get_tree (scene/main/node.h:446)
SCRIPT ERROR: Invalid access to property or key 'current_scene' on a base object of type 'null instance'.
          at: _on_tree_changed (res://scripts/autoload/flashbang_player_effects_manager.gd:232)
ERROR: Parameter "data.tree" is null.
   at: get_tree (scene/main/node.h:446)
SCRIPT ERROR: Invalid access to property or key 'current_scene' on a base object of type 'null instance'.
          at: _on_tree_changed (res://scripts/autoload/persist_manager.gd:304)
ERROR: Parameter "data.tree" is null.
   at: get_tree (scene/main/node.h:446)
SCRIPT ERROR: Invalid access to property or key 'current_scene' on a base object of type 'null instance'.
          at: _on_tree_changed (res://scripts/autoload/screen_shake_manager.gd:171)
ERROR: Parameter "data.tree" is null.
   at: get_tree (scene/main/node.h:446)
SCRIPT ERROR: Invalid access to property or key 'current_scene' on a base object of type 'null instance'.
          at: _on_tree_changed (res://scripts/autoload/impact_effects_manager.gd:1054)
ERROR: Parameter "data.tree" is null.
   at: get_tree (scene/main/node.h:446)
SCRIPT ERROR: Invalid access to property or key 'current_scene' on a base object of type 'null instance'.
          at: _on_tree_changed (res://scripts/autoload/penultimate_hit_effects_manager.gd:551)
ERROR: Parameter "data.tree" is null.
   at: get_tree (scene/main/node.h:446)
SCRIPT ERROR: Invalid access to property or key 'current_scene' on a base object of type 'null instance'.
          at: _on_tree_changed (res://scripts/autoload/last_chance_effects_manager.gd:1418)
ERROR: Parameter "data.tree" is null.
   at: get_tree (scene/main/node.h:446)
SCRIPT ERROR: Invalid access to property or key 'current_scene' on a base object of type 'null instance'.
          at: _on_tree_changed (res://scripts/autoload/cinema_effects_manager.gd:661)
ERROR: Parameter "data.tree" is null.
   at: get_tree (scene/main/node.h:446)
SCRIPT ERROR: Invalid access to property or key 'current_scene' on a base object of type 'null instance'.
          at: _on_tree_changed (res://scripts/autoload/power_fantasy_effects_manager.gd:230)
ERROR: Parameter "data.tree" is null.
   at: get_tree (scene/main/node.h:446)
SCRIPT ERROR: Invalid access to property or key 'current_scene' on a base object of type 'null instance'.
          at: _on_tree_changed (res://scripts/autoload/black_metal_effects_manager.gd:151)
ERROR: Parameter "data.tree" is null.
   at: get_tree (scene/main/node.h:446)
SCRIPT ERROR: Invalid access to property or key 'current_scene' on a base object of type 'null instance'.
          at: _on_tree_changed (res://scripts/autoload/flashbang_player_effects_manager.gd:232)
ERROR: Parameter "data.tree" is null.
   at: get_tree (scene/main/node.h:446)
SCRIPT ERROR: Invalid access to property or key 'current_scene' on a base object of type 'null instance'.
          at: _on_tree_changed (res://scripts/autoload/persist_manager.gd:304)
ERROR: Parameter "data.tree" is null.
   at: get_tree (scene/main/node.h:446)
SCRIPT ERROR: Invalid access to property or key 'current_scene' on a base object of type 'null instance'.
          at: _on_tree_changed (res://scripts/autoload/screen_shake_manager.gd:171)
ERROR: Parameter "data.tree" is null.
   at: get_tree (scene/main/node.h:446)
SCRIPT ERROR: Invalid access to property or key 'current_scene' on a base object of type 'null instance'.
          at: _on_tree_changed (res://scripts/autoload/impact_effects_manager.gd:1054)
ERROR: Parameter "data.tree" is null.
   at: get_tree (scene/main/node.h:446)
SCRIPT ERROR: Invalid access to property or key 'current_scene' on a base object of type 'null instance'.
          at: _on_tree_changed (res://scripts/autoload/penultimate_hit_effects_manager.gd:551)
ERROR: Parameter "data.tree" is null.
   at: get_tree (scene/main/node.h:446)
SCRIPT ERROR: Invalid access to property or key 'current_scene' on a base object of type 'null instance'.
          at: _on_tree_changed (res://scripts/autoload/last_chance_effects_manager.gd:1418)
ERROR: Parameter "data.tree" is null.
   at: get_tree (scene/main/node.h:446)
SCRIPT ERROR: Invalid access to property or key 'current_scene' on a base object of type 'null instance'.
          at: _on_tree_changed (res://scripts/autoload/cinema_effects_manager.gd:661)
ERROR: Parameter "data.tree" is null.
   at: get_tree (scene/main/node.h:446)
SCRIPT ERROR: Invalid access to property or key 'current_scene' on a base object of type 'null instance'.
          at: _on_tree_changed (res://scripts/autoload/power_fantasy_effects_manager.gd:230)
ERROR: Parameter "data.tree" is null.
   at: get_tree (scene/main/node.h:446)
SCRIPT ERROR: Invalid access to property or key 'current_scene' on a base object of type 'null instance'.
          at: _on_tree_changed (res://scripts/autoload/black_metal_effects_manager.gd:151)
ERROR: Parameter "data.tree" is null.
   at: get_tree (scene/main/node.h:446)
SCRIPT ERROR: Invalid access to property or key 'current_scene' on a base object of type 'null instance'.
          at: _on_tree_changed (res://scripts/autoload/flashbang_player_effects_manager.gd:232)
ERROR: Parameter "data.tree" is null.
   at: get_tree (scene/main/node.h:446)
SCRIPT ERROR: Invalid access to property or key 'current_scene' on a base object of type 'null instance'.
          at: _on_tree_changed (res://scripts/autoload/persist_manager.gd:304)
ERROR: Parameter "data.tree" is null.
   at: get_tree (scene/main/node.h:446)
SCRIPT ERROR: Invalid access to property or key 'current_scene' on a base object of type 'null instance'.
          at: _on_tree_changed (res://scripts/autoload/screen_shake_manager.gd:171)
ERROR: Parameter "data.tree" is null.
   at: get_tree (scene/main/node.h:446)
SCRIPT ERROR: Invalid access to property or key 'current_scene' on a base object of type 'null instance'.
          at: _on_tree_changed (res://scripts/autoload/impact_effects_manager.gd:1054)
ERROR: Parameter "data.tree" is null.
   at: get_tree (scene/main/node.h:446)
SCRIPT ERROR: Invalid access to property or key 'current_scene' on a base object of type 'null instance'.
          at: _on_tree_changed (res://scripts/autoload/penultimate_hit_effects_manager.gd:551)
ERROR: Parameter "data.tree" is null.
   at: get_tree (scene/main/node.h:446)
SCRIPT ERROR: Invalid access to property or key 'current_scene' on a base object of type 'null instance'.
          at: _on_tree_changed (res://scripts/autoload/last_chance_effects_manager.gd:1418)
ERROR: Parameter "data.tree" is null.
   at: get_tree (scene/main/node.h:446)
SCRIPT ERROR: Invalid access to property or key 'current_scene' on a base object of type 'null instance'.
          at: _on_tree_changed (res://scripts/autoload/cinema_effects_manager.gd:661)
ERROR: Parameter "data.tree" is null.
   at: get_tree (scene/main/node.h:446)
SCRIPT ERROR: Invalid access to property or key 'current_scene' on a base object of type 'null instance'.
          at: _on_tree_changed (res://scripts/autoload/power_fantasy_effects_manager.gd:230)
ERROR: Parameter "data.tree" is null.
   at: get_tree (scene/main/node.h:446)
SCRIPT ERROR: Invalid access to property or key 'current_scene' on a base object of type 'null instance'.
          at: _on_tree_changed (res://scripts/autoload/black_metal_effects_manager.gd:151)
ERROR: Parameter "data.tree" is null.
   at: get_tree (scene/main/node.h:446)
SCRIPT ERROR: Invalid access to property or key 'current_scene' on a base object of type 'null instance'.
          at: _on_tree_changed (res://scripts/autoload/flashbang_player_effects_manager.gd:232)
ERROR: Parameter "data.tree" is null.
   at: get_tree (scene/main/node.h:446)
SCRIPT ERROR: Invalid access to property or key 'current_scene' on a base object of type 'null instance'.
          at: _on_tree_changed (res://scripts/autoload/persist_manager.gd:304)
ERROR: Parameter "data.tree" is null.
   at: get_tree (scene/main/node.h:446)
SCRIPT ERROR: Invalid access to property or key 'current_scene' on a base object of type 'null instance'.
          at: _on_tree_changed (res://scripts/autoload/screen_shake_manager.gd:171)
ERROR: Parameter "data.tree" is null.
   at: get_tree (scene/main/node.h:446)
SCRIPT ERROR: Invalid access to property or key 'current_scene' on a base object of type 'null instance'.
          at: _on_tree_changed (res://scripts/autoload/impact_effects_manager.gd:1054)
ERROR: Parameter "data.tree" is null.
   at: get_tree (scene/main/node.h:446)
SCRIPT ERROR: Invalid access to property or key 'current_scene' on a base object of type 'null instance'.
          at: _on_tree_changed (res://scripts/autoload/penultimate_hit_effects_manager.gd:551)
ERROR: Parameter "data.tree" is null.
   at: get_tree (scene/main/node.h:446)
SCRIPT ERROR: Invalid access to property or key 'current_scene' on a base object of type 'null instance'.
          at: _on_tree_changed (res://scripts/autoload/last_chance_effects_manager.gd:1418)
ERROR: Parameter "data.tree" is null.
   at: get_tree (scene/main/node.h:446)
SCRIPT ERROR: Invalid access to property or key 'current_scene' on a base object of type 'null instance'.
          at: _on_tree_changed (res://scripts/autoload/cinema_effects_manager.gd:661)
ERROR: Parameter "data.tree" is null.
   at: get_tree (scene/main/node.h:446)
SCRIPT ERROR: Invalid access to property or key 'current_scene' on a base object of type 'null instance'.
          at: _on_tree_changed (res://scripts/autoload/power_fantasy_effects_manager.gd:230)
ERROR: Parameter "data.tree" is null.
   at: get_tree (scene/main/node.h:446)
SCRIPT ERROR: Invalid access to property or key 'current_scene' on a base object of type 'null instance'.
          at: _on_tree_changed (res://scripts/autoload/black_metal_effects_manager.gd:151)
ERROR: Parameter "data.tree" is null.
   at: get_tree (scene/main/node.h:446)
SCRIPT ERROR: Invalid access to property or key 'current_scene' on a base object of type 'null instance'.
          at: _on_tree_changed (res://scripts/autoload/flashbang_player_effects_manager.gd:232)
ERROR: Parameter "data.tree" is null.
   at: get_tree (scene/main/node.h:446)
SCRIPT ERROR: Invalid access to property or key 'current_scene' on a base object of type 'null instance'.
          at: _on_tree_changed (res://scripts/autoload/persist_manager.gd:304)
ERROR: Parameter "data.tree" is null.
   at: get_tree (scene/main/node.h:446)
SCRIPT ERROR: Invalid access to property or key 'current_scene' on a base object of type 'null instance'.
          at: _on_tree_changed (res://scripts/autoload/screen_shake_manager.gd:171)
ERROR: Parameter "data.tree" is null.
   at: get_tree (scene/main/node.h:446)
SCRIPT ERROR: Invalid access to property or key 'current_scene' on a base object of type 'null instance'.
          at: _on_tree_changed (res://scripts/autoload/impact_effects_manager.gd:1054)
ERROR: Parameter "data.tree" is null.
   at: get_tree (scene/main/node.h:446)
SCRIPT ERROR: Invalid access to property or key 'current_scene' on a base object of type 'null instance'.
          at: _on_tree_changed (res://scripts/autoload/penultimate_hit_effects_manager.gd:551)
ERROR: Parameter "data.tree" is null.
   at: get_tree (scene/main/node.h:446)
SCRIPT ERROR: Invalid access to property or key 'current_scene' on a base object of type 'null instance'.
          at: _on_tree_changed (res://scripts/autoload/last_chance_effects_manager.gd:1418)
ERROR: Parameter "data.tree" is null.
   at: get_tree (scene/main/node.h:446)
SCRIPT ERROR: Invalid access to property or key 'current_scene' on a base object of type 'null instance'.
          at: _on_tree_changed (res://scripts/autoload/cinema_effects_manager.gd:661)
ERROR: Parameter "data.tree" is null.
   at: get_tree (scene/main/node.h:446)
SCRIPT ERROR: Invalid access to property or key 'current_scene' on a base object of type 'null instance'.
          at: _on_tree_changed (res://scripts/autoload/power_fantasy_effects_manager.gd:230)
ERROR: Parameter "data.tree" is null.
   at: get_tree (scene/main/node.h:446)
SCRIPT ERROR: Invalid access to property or key 'current_scene' on a base object of type 'null instance'.
          at: _on_tree_changed (res://scripts/autoload/black_metal_effects_manager.gd:151)
ERROR: Parameter "data.tree" is null.
   at: get_tree (scene/main/node.h:446)
SCRIPT ERROR: Invalid access to property or key 'current_scene' on a base object of type 'null instance'.
          at: _on_tree_changed (res://scripts/autoload/flashbang_player_effects_manager.gd:232)
ERROR: Parameter "data.tree" is null.
   at: get_tree (scene/main/node.h:446)
SCRIPT ERROR: Invalid access to property or key 'current_scene' on a base object of type 'null instance'.
          at: _on_tree_changed (res://scripts/autoload/persist_manager.gd:304)
ERROR: Parameter "data.tree" is null.
   at: get_tree (scene/main/node.h:446)
SCRIPT ERROR: Invalid access to property or key 'current_scene' on a base object of type 'null instance'.
          at: _on_tree_changed (res://scripts/autoload/screen_shake_manager.gd:171)
ERROR: Parameter "data.tree" is null.
   at: get_tree (scene/main/node.h:446)
SCRIPT ERROR: Invalid access to property or key 'current_scene' on a base object of type 'null instance'.
          at: _on_tree_changed (res://scripts/autoload/impact_effects_manager.gd:1054)
ERROR: Parameter "data.tree" is null.
   at: get_tree (scene/main/node.h:446)
SCRIPT ERROR: Invalid access to property or key 'current_scene' on a base object of type 'null instance'.
          at: _on_tree_changed (res://scripts/autoload/penultimate_hit_effects_manager.gd:551)
ERROR: Parameter "data.tree" is null.
   at: get_tree (scene/main/node.h:446)
SCRIPT ERROR: Invalid access to property or key 'current_scene' on a base object of type 'null instance'.
          at: _on_tree_changed (res://scripts/autoload/last_chance_effects_manager.gd:1418)
ERROR: Parameter "data.tree" is null.
   at: get_tree (scene/main/node.h:446)
SCRIPT ERROR: Invalid access to property or key 'current_scene' on a base object of type 'null instance'.
          at: _on_tree_changed (res://scripts/autoload/cinema_effects_manager.gd:661)
ERROR: Parameter "data.tree" is null.
   at: get_tree (scene/main/node.h:446)
SCRIPT ERROR: Invalid access to property or key 'current_scene' on a base object of type 'null instance'.
          at: _on_tree_changed (res://scripts/autoload/power_fantasy_effects_manager.gd:230)
ERROR: Parameter "data.tree" is null.
   at: get_tree (scene/main/node.h:446)
SCRIPT ERROR: Invalid access to property or key 'current_scene' on a base object of type 'null instance'.
          at: _on_tree_changed (res://scripts/autoload/black_metal_effects_manager.gd:151)
ERROR: Parameter "data.tree" is null.
   at: get_tree (scene/main/node.h:446)
SCRIPT ERROR: Invalid access to property or key 'current_scene' on a base object of type 'null instance'.
          at: _on_tree_changed (res://scripts/autoload/flashbang_player_effects_manager.gd:232)
ERROR: Parameter "data.tree" is null.
   at: get_tree (scene/main/node.h:446)
SCRIPT ERROR: Invalid access to property or key 'current_scene' on a base object of type 'null instance'.
          at: _on_tree_changed (res://scripts/autoload/persist_manager.gd:304)
ERROR: Parameter "data.tree" is null.
   at: get_tree (scene/main/node.h:446)
SCRIPT ERROR: Invalid access to property or key 'current_scene' on a base object of type 'null instance'.
          at: _on_tree_changed (res://scripts/autoload/screen_shake_manager.gd:171)
ERROR: Parameter "data.tree" is null.
   at: get_tree (scene/main/node.h:446)
SCRIPT ERROR: Invalid access to property or key 'current_scene' on a base object of type 'null instance'.
          at: _on_tree_changed (res://scripts/autoload/impact_effects_manager.gd:1054)
ERROR: Parameter "data.tree" is null.
   at: get_tree (scene/main/node.h:446)
SCRIPT ERROR: Invalid access to property or key 'current_scene' on a base object of type 'null instance'.
          at: _on_tree_changed (res://scripts/autoload/penultimate_hit_effects_manager.gd:551)
ERROR: Parameter "data.tree" is null.
   at: get_tree (scene/main/node.h:446)
SCRIPT ERROR: Invalid access to property or key 'current_scene' on a base object of type 'null instance'.
          at: _on_tree_changed (res://scripts/autoload/last_chance_effects_manager.gd:1418)
ERROR: Parameter "data.tree" is null.
   at: get_tree (scene/main/node.h:446)
SCRIPT ERROR: Invalid access to property or key 'current_scene' on a base object of type 'null instance'.
          at: _on_tree_changed (res://scripts/autoload/cinema_effects_manager.gd:661)
ERROR: Parameter "data.tree" is null.
   at: get_tree (scene/main/node.h:446)
SCRIPT ERROR: Invalid access to property or key 'current_scene' on a base object of type 'null instance'.
          at: _on_tree_changed (res://scripts/autoload/power_fantasy_effects_manager.gd:230)
ERROR: Parameter "data.tree" is null.
   at: get_tree (scene/main/node.h:446)
SCRIPT ERROR: Invalid access to property or key 'current_scene' on a base object of type 'null instance'.
          at: _on_tree_changed (res://scripts/autoload/black_metal_effects_manager.gd:151)
ERROR: Parameter "data.tree" is null.
   at: get_tree (scene/main/node.h:446)
SCRIPT ERROR: Invalid access to property or key 'current_scene' on a base object of type 'null instance'.
          at: _on_tree_changed (res://scripts/autoload/flashbang_player_effects_manager.gd:232)
ERROR: Parameter "data.tree" is null.
   at: get_tree (scene/main/node.h:446)
SCRIPT ERROR: Invalid access to property or key 'current_scene' on a base object of type 'null instance'.
          at: _on_tree_changed (res://scripts/autoload/persist_manager.gd:304)
ERROR: Parameter "data.tree" is null.
   at: get_tree (scene/main/node.h:446)
SCRIPT ERROR: Invalid access to property or key 'current_scene' on a base object of type 'null instance'.
          at: _on_tree_changed (res://scripts/autoload/screen_shake_manager.gd:171)
ERROR: Parameter "data.tree" is null.
   at: get_tree (scene/main/node.h:446)
SCRIPT ERROR: Invalid access to property or key 'current_scene' on a base object of type 'null instance'.
          at: _on_tree_changed (res://scripts/autoload/impact_effects_manager.gd:1054)
ERROR: Parameter "data.tree" is null.
   at: get_tree (scene/main/node.h:446)
SCRIPT ERROR: Invalid access to property or key 'current_scene' on a base object of type 'null instance'.
          at: _on_tree_changed (res://scripts/autoload/penultimate_hit_effects_manager.gd:551)
ERROR: Parameter "data.tree" is null.
   at: get_tree (scene/main/node.h:446)
SCRIPT ERROR: Invalid access to property or key 'current_scene' on a base object of type 'null instance'.
          at: _on_tree_changed (res://scripts/autoload/last_chance_effects_manager.gd:1418)
ERROR: Parameter "data.tree" is null.
   at: get_tree (scene/main/node.h:446)
SCRIPT ERROR: Invalid access to property or key 'current_scene' on a base object of type 'null instance'.
          at: _on_tree_changed (res://scripts/autoload/cinema_effects_manager.gd:661)
ERROR: Parameter "data.tree" is null.
   at: get_tree (scene/main/node.h:446)
SCRIPT ERROR: Invalid access to property or key 'current_scene' on a base object of type 'null instance'.
          at: _on_tree_changed (res://scripts/autoload/power_fantasy_effects_manager.gd:230)
ERROR: Parameter "data.tree" is null.
   at: get_tree (scene/main/node.h:446)
SCRIPT ERROR: Invalid access to property or key 'current_scene' on a base object of type 'null instance'.
          at: _on_tree_changed (res://scripts/autoload/black_metal_effects_manager.gd:151)
ERROR: Parameter "data.tree" is null.
   at: get_tree (scene/main/node.h:446)
SCRIPT ERROR: Invalid access to property or key 'current_scene' on a base object of type 'null instance'.
          at: _on_tree_changed (res://scripts/autoload/flashbang_player_effects_manager.gd:232)
ERROR: Parameter "data.tree" is null.
   at: get_tree (scene/main/node.h:446)
SCRIPT ERROR: Invalid access to property or key 'current_scene' on a base object of type 'null instance'.
          at: _on_tree_changed (res://scripts/autoload/persist_manager.gd:304)
ERROR: Parameter "data.tree" is null.
   at: get_tree (scene/main/node.h:446)
SCRIPT ERROR: Invalid access to property or key 'current_scene' on a base object of type 'null instance'.
          at: _on_tree_changed (res://scripts/autoload/screen_shake_manager.gd:171)
ERROR: Parameter "data.tree" is null.
   at: get_tree (scene/main/node.h:446)
SCRIPT ERROR: Invalid access to property or key 'current_scene' on a base object of type 'null instance'.
          at: _on_tree_changed (res://scripts/autoload/impact_effects_manager.gd:1054)
ERROR: Parameter "data.tree" is null.
   at: get_tree (scene/main/node.h:446)
SCRIPT ERROR: Invalid access to property or key 'current_scene' on a base object of type 'null instance'.
          at: _on_tree_changed (res://scripts/autoload/penultimate_hit_effects_manager.gd:551)
ERROR: Parameter "data.tree" is null.
   at: get_tree (scene/main/node.h:446)
SCRIPT ERROR: Invalid access to property or key 'current_scene' on a base object of type 'null instance'.
          at: _on_tree_changed (res://scripts/autoload/last_chance_effects_manager.gd:1418)
ERROR: Parameter "data.tree" is null.
   at: get_tree (scene/main/node.h:446)
SCRIPT ERROR: Invalid access to property or key 'current_scene' on a base object of type 'null instance'.
          at: _on_tree_changed (res://scripts/autoload/cinema_effects_manager.gd:661)
ERROR: Parameter "data.tree" is null.
   at: get_tree (scene/main/node.h:446)
SCRIPT ERROR: Invalid access to property or key 'current_scene' on a base object of type 'null instance'.
          at: _on_tree_changed (res://scripts/autoload/power_fantasy_effects_manager.gd:230)
ERROR: Parameter "data.tree" is null.
   at: get_tree (scene/main/node.h:446)
SCRIPT ERROR: Invalid access to property or key 'current_scene' on a base object of type 'null instance'.
          at: _on_tree_changed (res://scripts/autoload/black_metal_effects_manager.gd:151)
ERROR: Parameter "data.tree" is null.
   at: get_tree (scene/main/node.h:446)
SCRIPT ERROR: Invalid access to property or key 'current_scene' on a base object of type 'null instance'.
          at: _on_tree_changed (res://scripts/autoload/flashbang_player_effects_manager.gd:232)
ERROR: Parameter "data.tree" is null.
   at: get_tree (scene/main/node.h:446)
SCRIPT ERROR: Invalid access to property or key 'current_scene' on a base object of type 'null instance'.
          at: _on_tree_changed (res://scripts/autoload/persist_manager.gd:304)
ERROR: Parameter "data.tree" is null.
   at: get_tree (scene/main/node.h:446)
SCRIPT ERROR: Invalid access to property or key 'current_scene' on a base object of type 'null instance'.
          at: _on_tree_changed (res://scripts/autoload/screen_shake_manager.gd:171)
ERROR: Parameter "data.tree" is null.
   at: get_tree (scene/main/node.h:446)
SCRIPT ERROR: Invalid access to property or key 'current_scene' on a base object of type 'null instance'.
          at: _on_tree_changed (res://scripts/autoload/impact_effects_manager.gd:1054)
ERROR: Parameter "data.tree" is null.
   at: get_tree (scene/main/node.h:446)
SCRIPT ERROR: Invalid access to property or key 'current_scene' on a base object of type 'null instance'.
          at: _on_tree_changed (res://scripts/autoload/penultimate_hit_effects_manager.gd:551)
ERROR: Parameter "data.tree" is null.
   at: get_tree (scene/main/node.h:446)
SCRIPT ERROR: Invalid access to property or key 'current_scene' on a base object of type 'null instance'.
          at: _on_tree_changed (res://scripts/autoload/last_chance_effects_manager.gd:1418)
ERROR: Parameter "data.tree" is null.
   at: get_tree (scene/main/node.h:446)
SCRIPT ERROR: Invalid access to property or key 'current_scene' on a base object of type 'null instance'.
          at: _on_tree_changed (res://scripts/autoload/cinema_effects_manager.gd:661)
ERROR: Parameter "data.tree" is null.
   at: get_tree (scene/main/node.h:446)
SCRIPT ERROR: Invalid access to property or key 'current_scene' on a base object of type 'null instance'.
          at: _on_tree_changed (res://scripts/autoload/power_fantasy_effects_manager.gd:230)
ERROR: Parameter "data.tree" is null.
   at: get_tree (scene/main/node.h:446)
SCRIPT ERROR: Invalid access to property or key 'current_scene' on a base object of type 'null instance'.
          at: _on_tree_changed (res://scripts/autoload/black_metal_effects_manager.gd:151)
ERROR: Parameter "data.tree" is null.
   at: get_tree (scene/main/node.h:446)
SCRIPT ERROR: Invalid access to property or key 'current_scene' on a base object of type 'null instance'.
          at: _on_tree_changed (res://scripts/autoload/flashbang_player_effects_manager.gd:232)
ERROR: Parameter "data.tree" is null.
   at: get_tree (scene/main/node.h:446)
SCRIPT ERROR: Invalid access to property or key 'current_scene' on a base object of type 'null instance'.
          at: _on_tree_changed (res://scripts/autoload/persist_manager.gd:304)
ERROR: Parameter "data.tree" is null.
   at: get_tree (scene/main/node.h:446)
SCRIPT ERROR: Invalid access to property or key 'current_scene' on a base object of type 'null instance'.
          at: _on_tree_changed (res://scripts/autoload/screen_shake_manager.gd:171)
ERROR: Parameter "data.tree" is null.
   at: get_tree (scene/main/node.h:446)
SCRIPT ERROR: Invalid access to property or key 'current_scene' on a base object of type 'null instance'.
          at: _on_tree_changed (res://scripts/autoload/impact_effects_manager.gd:1054)
ERROR: Parameter "data.tree" is null.
   at: get_tree (scene/main/node.h:446)
SCRIPT ERROR: Invalid access to property or key 'current_scene' on a base object of type 'null instance'.
          at: _on_tree_changed (res://scripts/autoload/penultimate_hit_effects_manager.gd:551)
ERROR: Parameter "data.tree" is null.
   at: get_tree (scene/main/node.h:446)
SCRIPT ERROR: Invalid access to property or key 'current_scene' on a base object of type 'null instance'.
          at: _on_tree_changed (res://scripts/autoload/last_chance_effects_manager.gd:1418)
ERROR: Parameter "data.tree" is null.
   at: get_tree (scene/main/node.h:446)
SCRIPT ERROR: Invalid access to property or key 'current_scene' on a base object of type 'null instance'.
          at: _on_tree_changed (res://scripts/autoload/cinema_effects_manager.gd:661)
ERROR: Parameter "data.tree" is null.
   at: get_tree (scene/main/node.h:446)
SCRIPT ERROR: Invalid access to property or key 'current_scene' on a base object of type 'null instance'.
          at: _on_tree_changed (res://scripts/autoload/power_fantasy_effects_manager.gd:230)
ERROR: Parameter "data.tree" is null.
   at: get_tree (scene/main/node.h:446)
SCRIPT ERROR: Invalid access to property or key 'current_scene' on a base object of type 'null instance'.
          at: _on_tree_changed (res://scripts/autoload/black_metal_effects_manager.gd:151)
ERROR: Parameter "data.tree" is null.
   at: get_tree (scene/main/node.h:446)
SCRIPT ERROR: Invalid access to property or key 'current_scene' on a base object of type 'null instance'.
          at: _on_tree_changed (res://scripts/autoload/flashbang_player_effects_manager.gd:232)
ERROR: Parameter "data.tree" is null.
   at: get_tree (scene/main/node.h:446)
SCRIPT ERROR: Invalid access to property or key 'current_scene' on a base object of type 'null instance'.
          at: _on_tree_changed (res://scripts/autoload/persist_manager.gd:304)
ERROR: Parameter "data.tree" is null.
   at: get_tree (scene/main/node.h:446)
SCRIPT ERROR: Invalid access to property or key 'current_scene' on a base object of type 'null instance'.
          at: _on_tree_changed (res://scripts/autoload/screen_shake_manager.gd:171)
ERROR: Parameter "data.tree" is null.
   at: get_tree (scene/main/node.h:446)
SCRIPT ERROR: Invalid access to property or key 'current_scene' on a base object of type 'null instance'.
          at: _on_tree_changed (res://scripts/autoload/impact_effects_manager.gd:1054)
ERROR: Parameter "data.tree" is null.
   at: get_tree (scene/main/node.h:446)
SCRIPT ERROR: Invalid access to property or key 'current_scene' on a base object of type 'null instance'.
          at: _on_tree_changed (res://scripts/autoload/penultimate_hit_effects_manager.gd:551)
ERROR: Parameter "data.tree" is null.
   at: get_tree (scene/main/node.h:446)
SCRIPT ERROR: Invalid access to property or key 'current_scene' on a base object of type 'null instance'.
          at: _on_tree_changed (res://scripts/autoload/last_chance_effects_manager.gd:1418)
ERROR: Parameter "data.tree" is null.
   at: get_tree (scene/main/node.h:446)
SCRIPT ERROR: Invalid access to property or key 'current_scene' on a base object of type 'null instance'.
          at: _on_tree_changed (res://scripts/autoload/cinema_effects_manager.gd:661)
ERROR: Parameter "data.tree" is null.
   at: get_tree (scene/main/node.h:446)
SCRIPT ERROR: Invalid access to property or key 'current_scene' on a base object of type 'null instance'.
          at: _on_tree_changed (res://scripts/autoload/power_fantasy_effects_manager.gd:230)
ERROR: Parameter "data.tree" is null.
   at: get_tree (scene/main/node.h:446)
SCRIPT ERROR: Invalid access to property or key 'current_scene' on a base object of type 'null instance'.
          at: _on_tree_changed (res://scripts/autoload/black_metal_effects_manager.gd:151)
ERROR: Parameter "data.tree" is null.
   at: get_tree (scene/main/node.h:446)
SCRIPT ERROR: Invalid access to property or key 'current_scene' on a base object of type 'null instance'.
          at: _on_tree_changed (res://scripts/autoload/flashbang_player_effects_manager.gd:232)
ERROR: Parameter "data.tree" is null.
   at: get_tree (scene/main/node.h:446)
SCRIPT ERROR: Invalid access to property or key 'current_scene' on a base object of type 'null instance'.
          at: _on_tree_changed (res://scripts/autoload/persist_manager.gd:304)
ERROR: Parameter "data.tree" is null.
   at: get_tree (scene/main/node.h:446)
SCRIPT ERROR: Invalid access to property or key 'current_scene' on a base object of type 'null instance'.
          at: _on_tree_changed (res://scripts/autoload/screen_shake_manager.gd:171)
ERROR: Parameter "data.tree" is null.
   at: get_tree (scene/main/node.h:446)
SCRIPT ERROR: Invalid access to property or key 'current_scene' on a base object of type 'null instance'.
          at: _on_tree_changed (res://scripts/autoload/impact_effects_manager.gd:1054)
ERROR: Parameter "data.tree" is null.
   at: get_tree (scene/main/node.h:446)
SCRIPT ERROR: Invalid access to property or key 'current_scene' on a base object of type 'null instance'.
          at: _on_tree_changed (res://scripts/autoload/penultimate_hit_effects_manager.gd:551)
ERROR: Parameter "data.tree" is null.
   at: get_tree (scene/main/node.h:446)
SCRIPT ERROR: Invalid access to property or key 'current_scene' on a base object of type 'null instance'.
          at: _on_tree_changed (res://scripts/autoload/last_chance_effects_manager.gd:1418)
ERROR: Parameter "data.tree" is null.
   at: get_tree (scene/main/node.h:446)
SCRIPT ERROR: Invalid access to property or key 'current_scene' on a base object of type 'null instance'.
          at: _on_tree_changed (res://scripts/autoload/cinema_effects_manager.gd:661)
ERROR: Parameter "data.tree" is null.
   at: get_tree (scene/main/node.h:446)
SCRIPT ERROR: Invalid access to property or key 'current_scene' on a base object of type 'null instance'.
          at: _on_tree_changed (res://scripts/autoload/power_fantasy_effects_manager.gd:230)
ERROR: Parameter "data.tree" is null.
   at: get_tree (scene/main/node.h:446)
SCRIPT ERROR: Invalid access to property or key 'current_scene' on a base object of type 'null instance'.
          at: _on_tree_changed (res://scripts/autoload/black_metal_effects_manager.gd:151)
ERROR: Parameter "data.tree" is null.
   at: get_tree (scene/main/node.h:446)
SCRIPT ERROR: Invalid access to property or key 'current_scene' on a base object of type 'null instance'.
          at: _on_tree_changed (res://scripts/autoload/flashbang_player_effects_manager.gd:232)
ERROR: Parameter "data.tree" is null.
   at: get_tree (scene/main/node.h:446)
SCRIPT ERROR: Invalid access to property or key 'current_scene' on a base object of type 'null instance'.
          at: _on_tree_changed (res://scripts/autoload/persist_manager.gd:304)
ERROR: Parameter "data.tree" is null.
   at: get_tree (scene/main/node.h:446)
SCRIPT ERROR: Invalid access to property or key 'current_scene' on a base object of type 'null instance'.
          at: _on_tree_changed (res://scripts/autoload/screen_shake_manager.gd:171)
ERROR: Parameter "data.tree" is null.
   at: get_tree (scene/main/node.h:446)
SCRIPT ERROR: Invalid access to property or key 'current_scene' on a base object of type 'null instance'.
          at: _on_tree_changed (res://scripts/autoload/impact_effects_manager.gd:1054)
ERROR: Parameter "data.tree" is null.
   at: get_tree (scene/main/node.h:446)
SCRIPT ERROR: Invalid access to property or key 'current_scene' on a base object of type 'null instance'.
          at: _on_tree_changed (res://scripts/autoload/penultimate_hit_effects_manager.gd:551)
ERROR: Parameter "data.tree" is null.
   at: get_tree (scene/main/node.h:446)
SCRIPT ERROR: Invalid access to property or key 'current_scene' on a base object of type 'null instance'.
          at: _on_tree_changed (res://scripts/autoload/last_chance_effects_manager.gd:1418)
ERROR: Parameter "data.tree" is null.
   at: get_tree (scene/main/node.h:446)
SCRIPT ERROR: Invalid access to property or key 'current_scene' on a base object of type 'null instance'.
          at: _on_tree_changed (res://scripts/autoload/cinema_effects_manager.gd:661)
ERROR: Parameter "data.tree" is null.
   at: get_tree (scene/main/node.h:446)
SCRIPT ERROR: Invalid access to property or key 'current_scene' on a base object of type 'null instance'.
          at: _on_tree_changed (res://scripts/autoload/power_fantasy_effects_manager.gd:230)
ERROR: Parameter "data.tree" is null.
   at: get_tree (scene/main/node.h:446)
SCRIPT ERROR: Invalid access to property or key 'current_scene' on a base object of type 'null instance'.
          at: _on_tree_changed (res://scripts/autoload/black_metal_effects_manager.gd:151)
ERROR: Parameter "data.tree" is null.
   at: get_tree (scene/main/node.h:446)
SCRIPT ERROR: Invalid access to property or key 'current_scene' on a base object of type 'null instance'.
          at: _on_tree_changed (res://scripts/autoload/flashbang_player_effects_manager.gd:232)
ERROR: Parameter "data.tree" is null.
   at: get_tree (scene/main/node.h:446)
SCRIPT ERROR: Invalid access to property or key 'current_scene' on a base object of type 'null instance'.
          at: _on_tree_changed (res://scripts/autoload/persist_manager.gd:304)
ERROR: Parameter "data.tree" is null.
   at: get_tree (scene/main/node.h:446)
SCRIPT ERROR: Invalid access to property or key 'current_scene' on a base object of type 'null instance'.
          at: _on_tree_changed (res://scripts/autoload/screen_shake_manager.gd:171)
ERROR: Parameter "data.tree" is null.
   at: get_tree (scene/main/node.h:446)
SCRIPT ERROR: Invalid access to property or key 'current_scene' on a base object of type 'null instance'.
          at: _on_tree_changed (res://scripts/autoload/impact_effects_manager.gd:1054)
ERROR: Parameter "data.tree" is null.
   at: get_tree (scene/main/node.h:446)
SCRIPT ERROR: Invalid access to property or key 'current_scene' on a base object of type 'null instance'.
          at: _on_tree_changed (res://scripts/autoload/penultimate_hit_effects_manager.gd:551)
ERROR: Parameter "data.tree" is null.
   at: get_tree (scene/main/node.h:446)
SCRIPT ERROR: Invalid access to property or key 'current_scene' on a base object of type 'null instance'.
          at: _on_tree_changed (res://scripts/autoload/last_chance_effects_manager.gd:1418)
ERROR: Parameter "data.tree" is null.
   at: get_tree (scene/main/node.h:446)
SCRIPT ERROR: Invalid access to property or key 'current_scene' on a base object of type 'null instance'.
          at: _on_tree_changed (res://scripts/autoload/cinema_effects_manager.gd:661)
ERROR: Parameter "data.tree" is null.
   at: get_tree (scene/main/node.h:446)
SCRIPT ERROR: Invalid access to property or key 'current_scene' on a base object of type 'null instance'.
          at: _on_tree_changed (res://scripts/autoload/power_fantasy_effects_manager.gd:230)
ERROR: Parameter "data.tree" is null.
   at: get_tree (scene/main/node.h:446)
SCRIPT ERROR: Invalid access to property or key 'current_scene' on a base object of type 'null instance'.
          at: _on_tree_changed (res://scripts/autoload/black_metal_effects_manager.gd:151)
ERROR: Parameter "data.tree" is null.
   at: get_tree (scene/main/node.h:446)
SCRIPT ERROR: Invalid access to property or key 'current_scene' on a base object of type 'null instance'.
          at: _on_tree_changed (res://scripts/autoload/flashbang_player_effects_manager.gd:232)
ERROR: Parameter "data.tree" is null.
   at: get_tree (scene/main/node.h:446)
SCRIPT ERROR: Invalid access to property or key 'current_scene' on a base object of type 'null instance'.
          at: _on_tree_changed (res://scripts/autoload/persist_manager.gd:304)
ERROR: Parameter "data.tree" is null.
   at: get_tree (scene/main/node.h:446)
SCRIPT ERROR: Invalid access to property or key 'current_scene' on a base object of type 'null instance'.
          at: _on_tree_changed (res://scripts/autoload/screen_shake_manager.gd:171)
ERROR: Parameter "data.tree" is null.
   at: get_tree (scene/main/node.h:446)
SCRIPT ERROR: Invalid access to property or key 'current_scene' on a base object of type 'null instance'.
          at: _on_tree_changed (res://scripts/autoload/impact_effects_manager.gd:1054)
ERROR: Parameter "data.tree" is null.
   at: get_tree (scene/main/node.h:446)
SCRIPT ERROR: Invalid access to property or key 'current_scene' on a base object of type 'null instance'.
          at: _on_tree_changed (res://scripts/autoload/penultimate_hit_effects_manager.gd:551)
ERROR: Parameter "data.tree" is null.
   at: get_tree (scene/main/node.h:446)
SCRIPT ERROR: Invalid access to property or key 'current_scene' on a base object of type 'null instance'.
          at: _on_tree_changed (res://scripts/autoload/last_chance_effects_manager.gd:1418)
ERROR: Parameter "data.tree" is null.
   at: get_tree (scene/main/node.h:446)
SCRIPT ERROR: Invalid access to property or key 'current_scene' on a base object of type 'null instance'.
          at: _on_tree_changed (res://scripts/autoload/cinema_effects_manager.gd:661)
ERROR: Parameter "data.tree" is null.
   at: get_tree (scene/main/node.h:446)
SCRIPT ERROR: Invalid access to property or key 'current_scene' on a base object of type 'null instance'.
          at: _on_tree_changed (res://scripts/autoload/power_fantasy_effects_manager.gd:230)
ERROR: Parameter "data.tree" is null.
   at: get_tree (scene/main/node.h:446)
SCRIPT ERROR: Invalid access to property or key 'current_scene' on a base object of type 'null instance'.
          at: _on_tree_changed (res://scripts/autoload/black_metal_effects_manager.gd:151)
ERROR: Parameter "data.tree" is null.
   at: get_tree (scene/main/node.h:446)
SCRIPT ERROR: Invalid access to property or key 'current_scene' on a base object of type 'null instance'.
          at: _on_tree_changed (res://scripts/autoload/flashbang_player_effects_manager.gd:232)
ERROR: Parameter "data.tree" is null.
   at: get_tree (scene/main/node.h:446)
SCRIPT ERROR: Invalid access to property or key 'current_scene' on a base object of type 'null instance'.
          at: _on_tree_changed (res://scripts/autoload/persist_manager.gd:304)
ERROR: Parameter "data.tree" is null.
   at: get_tree (scene/main/node.h:446)
SCRIPT ERROR: Invalid access to property or key 'current_scene' on a base object of type 'null instance'.
          at: _on_tree_changed (res://scripts/autoload/screen_shake_manager.gd:171)
ERROR: Parameter "data.tree" is null.
   at: get_tree (scene/main/node.h:446)
SCRIPT ERROR: Invalid access to property or key 'current_scene' on a base object of type 'null instance'.
          at: _on_tree_changed (res://scripts/autoload/impact_effects_manager.gd:1054)
ERROR: Parameter "data.tree" is null.
   at: get_tree (scene/main/node.h:446)
SCRIPT ERROR: Invalid access to property or key 'current_scene' on a base object of type 'null instance'.
          at: _on_tree_changed (res://scripts/autoload/penultimate_hit_effects_manager.gd:551)
ERROR: Parameter "data.tree" is null.
   at: get_tree (scene/main/node.h:446)
SCRIPT ERROR: Invalid access to property or key 'current_scene' on a base object of type 'null instance'.
          at: _on_tree_changed (res://scripts/autoload/last_chance_effects_manager.gd:1418)
ERROR: Parameter "data.tree" is null.
   at: get_tree (scene/main/node.h:446)
SCRIPT ERROR: Invalid access to property or key 'current_scene' on a base object of type 'null instance'.
          at: _on_tree_changed (res://scripts/autoload/cinema_effects_manager.gd:661)
ERROR: Parameter "data.tree" is null.
   at: get_tree (scene/main/node.h:446)
SCRIPT ERROR: Invalid access to property or key 'current_scene' on a base object of type 'null instance'.
          at: _on_tree_changed (res://scripts/autoload/power_fantasy_effects_manager.gd:230)
ERROR: Parameter "data.tree" is null.
   at: get_tree (scene/main/node.h:446)
SCRIPT ERROR: Invalid access to property or key 'current_scene' on a base object of type 'null instance'.
          at: _on_tree_changed (res://scripts/autoload/black_metal_effects_manager.gd:151)
ERROR: Parameter "data.tree" is null.
   at: get_tree (scene/main/node.h:446)
SCRIPT ERROR: Invalid access to property or key 'current_scene' on a base object of type 'null instance'.
          at: _on_tree_changed (res://scripts/autoload/flashbang_player_effects_manager.gd:232)
ERROR: Parameter "data.tree" is null.
   at: get_tree (scene/main/node.h:446)
SCRIPT ERROR: Invalid access to property or key 'current_scene' on a base object of type 'null instance'.
          at: _on_tree_changed (res://scripts/autoload/persist_manager.gd:304)
ERROR: Parameter "data.tree" is null.
   at: get_tree (scene/main/node.h:446)
SCRIPT ERROR: Invalid access to property or key 'current_scene' on a base object of type 'null instance'.
          at: _on_tree_changed (res://scripts/autoload/screen_shake_manager.gd:171)
ERROR: Parameter "data.tree" is null.
   at: get_tree (scene/main/node.h:446)
SCRIPT ERROR: Invalid access to property or key 'current_scene' on a base object of type 'null instance'.
          at: _on_tree_changed (res://scripts/autoload/impact_effects_manager.gd:1054)
ERROR: Parameter "data.tree" is null.
   at: get_tree (scene/main/node.h:446)
SCRIPT ERROR: Invalid access to property or key 'current_scene' on a base object of type 'null instance'.
          at: _on_tree_changed (res://scripts/autoload/penultimate_hit_effects_manager.gd:551)
ERROR: Parameter "data.tree" is null.
   at: get_tree (scene/main/node.h:446)
SCRIPT ERROR: Invalid access to property or key 'current_scene' on a base object of type 'null instance'.
          at: _on_tree_changed (res://scripts/autoload/last_chance_effects_manager.gd:1418)
ERROR: Parameter "data.tree" is null.
   at: get_tree (scene/main/node.h:446)
SCRIPT ERROR: Invalid access to property or key 'current_scene' on a base object of type 'null instance'.
          at: _on_tree_changed (res://scripts/autoload/cinema_effects_manager.gd:661)
ERROR: Parameter "data.tree" is null.
   at: get_tree (scene/main/node.h:446)
SCRIPT ERROR: Invalid access to property or key 'current_scene' on a base object of type 'null instance'.
          at: _on_tree_changed (res://scripts/autoload/power_fantasy_effects_manager.gd:230)
ERROR: Parameter "data.tree" is null.
   at: get_tree (scene/main/node.h:446)
SCRIPT ERROR: Invalid access to property or key 'current_scene' on a base object of type 'null instance'.
          at: _on_tree_changed (res://scripts/autoload/black_metal_effects_manager.gd:151)
ERROR: Parameter "data.tree" is null.
   at: get_tree (scene/main/node.h:446)
SCRIPT ERROR: Invalid access to property or key 'current_scene' on a base object of type 'null instance'.
          at: _on_tree_changed (res://scripts/autoload/flashbang_player_effects_manager.gd:232)
ERROR: Parameter "data.tree" is null.
   at: get_tree (scene/main/node.h:446)
SCRIPT ERROR: Invalid access to property or key 'current_scene' on a base object of type 'null instance'.
          at: _on_tree_changed (res://scripts/autoload/persist_manager.gd:304)
ERROR: Parameter "data.tree" is null.
   at: get_tree (scene/main/node.h:446)
SCRIPT ERROR: Invalid access to property or key 'current_scene' on a base object of type 'null instance'.
          at: _on_tree_changed (res://scripts/autoload/screen_shake_manager.gd:171)
ERROR: Parameter "data.tree" is null.
   at: get_tree (scene/main/node.h:446)
SCRIPT ERROR: Invalid access to property or key 'current_scene' on a base object of type 'null instance'.
          at: _on_tree_changed (res://scripts/autoload/impact_effects_manager.gd:1054)
ERROR: Parameter "data.tree" is null.
   at: get_tree (scene/main/node.h:446)
SCRIPT ERROR: Invalid access to property or key 'current_scene' on a base object of type 'null instance'.
          at: _on_tree_changed (res://scripts/autoload/penultimate_hit_effects_manager.gd:551)
ERROR: Parameter "data.tree" is null.
   at: get_tree (scene/main/node.h:446)
SCRIPT ERROR: Invalid access to property or key 'current_scene' on a base object of type 'null instance'.
          at: _on_tree_changed (res://scripts/autoload/last_chance_effects_manager.gd:1418)
ERROR: Parameter "data.tree" is null.
   at: get_tree (scene/main/node.h:446)
SCRIPT ERROR: Invalid access to property or key 'current_scene' on a base object of type 'null instance'.
          at: _on_tree_changed (res://scripts/autoload/cinema_effects_manager.gd:661)
ERROR: Parameter "data.tree" is null.
   at: get_tree (scene/main/node.h:446)
SCRIPT ERROR: Invalid access to property or key 'current_scene' on a base object of type 'null instance'.
          at: _on_tree_changed (res://scripts/autoload/power_fantasy_effects_manager.gd:230)
ERROR: Parameter "data.tree" is null.
   at: get_tree (scene/main/node.h:446)
SCRIPT ERROR: Invalid access to property or key 'current_scene' on a base object of type 'null instance'.
          at: _on_tree_changed (res://scripts/autoload/black_metal_effects_manager.gd:151)
ERROR: Parameter "data.tree" is null.
   at: get_tree (scene/main/node.h:446)
SCRIPT ERROR: Invalid access to property or key 'current_scene' on a base object of type 'null instance'.
          at: _on_tree_changed (res://scripts/autoload/flashbang_player_effects_manager.gd:232)
ERROR: Parameter "data.tree" is null.
   at: get_tree (scene/main/node.h:446)
SCRIPT ERROR: Invalid access to property or key 'current_scene' on a base object of type 'null instance'.
          at: _on_tree_changed (res://scripts/autoload/persist_manager.gd:304)
ERROR: Parameter "data.tree" is null.
   at: get_tree (scene/main/node.h:446)
SCRIPT ERROR: Invalid access to property or key 'current_scene' on a base object of type 'null instance'.
          at: _on_tree_changed (res://scripts/autoload/screen_shake_manager.gd:171)
ERROR: Parameter "data.tree" is null.
   at: get_tree (scene/main/node.h:446)
SCRIPT ERROR: Invalid access to property or key 'current_scene' on a base object of type 'null instance'.
          at: _on_tree_changed (res://scripts/autoload/impact_effects_manager.gd:1054)
ERROR: Parameter "data.tree" is null.
   at: get_tree (scene/main/node.h:446)
SCRIPT ERROR: Invalid access to property or key 'current_scene' on a base object of type 'null instance'.
          at: _on_tree_changed (res://scripts/autoload/penultimate_hit_effects_manager.gd:551)
ERROR: Parameter "data.tree" is null.
   at: get_tree (scene/main/node.h:446)
SCRIPT ERROR: Invalid access to property or key 'current_scene' on a base object of type 'null instance'.
          at: _on_tree_changed (res://scripts/autoload/last_chance_effects_manager.gd:1418)
ERROR: Parameter "data.tree" is null.
   at: get_tree (scene/main/node.h:446)
SCRIPT ERROR: Invalid access to property or key 'current_scene' on a base object of type 'null instance'.
          at: _on_tree_changed (res://scripts/autoload/cinema_effects_manager.gd:661)
ERROR: Parameter "data.tree" is null.
   at: get_tree (scene/main/node.h:446)
SCRIPT ERROR: Invalid access to property or key 'current_scene' on a base object of type 'null instance'.
          at: _on_tree_changed (res://scripts/autoload/power_fantasy_effects_manager.gd:230)
ERROR: Parameter "data.tree" is null.
   at: get_tree (scene/main/node.h:446)
SCRIPT ERROR: Invalid access to property or key 'current_scene' on a base object of type 'null instance'.
          at: _on_tree_changed (res://scripts/autoload/black_metal_effects_manager.gd:151)
ERROR: Parameter "data.tree" is null.
   at: get_tree (scene/main/node.h:446)
SCRIPT ERROR: Invalid access to property or key 'current_scene' on a base object of type 'null instance'.
          at: _on_tree_changed (res://scripts/autoload/flashbang_player_effects_manager.gd:232)
ERROR: Parameter "data.tree" is null.
   at: get_tree (scene/main/node.h:446)
SCRIPT ERROR: Invalid access to property or key 'current_scene' on a base object of type 'null instance'.
          at: _on_tree_changed (res://scripts/autoload/persist_manager.gd:304)
ERROR: Parameter "data.tree" is null.
   at: get_tree (scene/main/node.h:446)
SCRIPT ERROR: Invalid access to property or key 'current_scene' on a base object of type 'null instance'.
          at: _on_tree_changed (res://scripts/autoload/screen_shake_manager.gd:171)
ERROR: Parameter "data.tree" is null.
   at: get_tree (scene/main/node.h:446)
SCRIPT ERROR: Invalid access to property or key 'current_scene' on a base object of type 'null instance'.
          at: _on_tree_changed (res://scripts/autoload/impact_effects_manager.gd:1054)
ERROR: Parameter "data.tree" is null.
   at: get_tree (scene/main/node.h:446)
SCRIPT ERROR: Invalid access to property or key 'current_scene' on a base object of type 'null instance'.
          at: _on_tree_changed (res://scripts/autoload/penultimate_hit_effects_manager.gd:551)
ERROR: Parameter "data.tree" is null.
   at: get_tree (scene/main/node.h:446)
SCRIPT ERROR: Invalid access to property or key 'current_scene' on a base object of type 'null instance'.
          at: _on_tree_changed (res://scripts/autoload/last_chance_effects_manager.gd:1418)
ERROR: Parameter "data.tree" is null.
   at: get_tree (scene/main/node.h:446)
SCRIPT ERROR: Invalid access to property or key 'current_scene' on a base object of type 'null instance'.
          at: _on_tree_changed (res://scripts/autoload/cinema_effects_manager.gd:661)
ERROR: Parameter "data.tree" is null.
   at: get_tree (scene/main/node.h:446)
SCRIPT ERROR: Invalid access to property or key 'current_scene' on a base object of type 'null instance'.
          at: _on_tree_changed (res://scripts/autoload/power_fantasy_effects_manager.gd:230)
ERROR: Parameter "data.tree" is null.
   at: get_tree (scene/main/node.h:446)
SCRIPT ERROR: Invalid access to property or key 'current_scene' on a base object of type 'null instance'.
          at: _on_tree_changed (res://scripts/autoload/black_metal_effects_manager.gd:151)
ERROR: Parameter "data.tree" is null.
   at: get_tree (scene/main/node.h:446)
SCRIPT ERROR: Invalid access to property or key 'current_scene' on a base object of type 'null instance'.
          at: _on_tree_changed (res://scripts/autoload/flashbang_player_effects_manager.gd:232)
ERROR: Parameter "data.tree" is null.
   at: get_tree (scene/main/node.h:446)
SCRIPT ERROR: Invalid access to property or key 'current_scene' on a base object of type 'null instance'.
          at: _on_tree_changed (res://scripts/autoload/persist_manager.gd:304)
ERROR: Parameter "data.tree" is null.
   at: get_tree (scene/main/node.h:446)
SCRIPT ERROR: Invalid access to property or key 'current_scene' on a base object of type 'null instance'.
          at: _on_tree_changed (res://scripts/autoload/screen_shake_manager.gd:171)
ERROR: Parameter "data.tree" is null.
   at: get_tree (scene/main/node.h:446)
SCRIPT ERROR: Invalid access to property or key 'current_scene' on a base object of type 'null instance'.
          at: _on_tree_changed (res://scripts/autoload/impact_effects_manager.gd:1054)
ERROR: Parameter "data.tree" is null.
   at: get_tree (scene/main/node.h:446)
SCRIPT ERROR: Invalid access to property or key 'current_scene' on a base object of type 'null instance'.
          at: _on_tree_changed (res://scripts/autoload/penultimate_hit_effects_manager.gd:551)
ERROR: Parameter "data.tree" is null.
   at: get_tree (scene/main/node.h:446)
SCRIPT ERROR: Invalid access to property or key 'current_scene' on a base object of type 'null instance'.
          at: _on_tree_changed (res://scripts/autoload/last_chance_effects_manager.gd:1418)
ERROR: Parameter "data.tree" is null.
   at: get_tree (scene/main/node.h:446)
SCRIPT ERROR: Invalid access to property or key 'current_scene' on a base object of type 'null instance'.
          at: _on_tree_changed (res://scripts/autoload/cinema_effects_manager.gd:661)
ERROR: Parameter "data.tree" is null.
   at: get_tree (scene/main/node.h:446)
SCRIPT ERROR: Invalid access to property or key 'current_scene' on a base object of type 'null instance'.
          at: _on_tree_changed (res://scripts/autoload/power_fantasy_effects_manager.gd:230)
ERROR: Parameter "data.tree" is null.
   at: get_tree (scene/main/node.h:446)
SCRIPT ERROR: Invalid access to property or key 'current_scene' on a base object of type 'null instance'.
          at: _on_tree_changed (res://scripts/autoload/black_metal_effects_manager.gd:151)
ERROR: Parameter "data.tree" is null.
   at: get_tree (scene/main/node.h:446)
SCRIPT ERROR: Invalid access to property or key 'current_scene' on a base object of type 'null instance'.
          at: _on_tree_changed (res://scripts/autoload/flashbang_player_effects_manager.gd:232)
ERROR: Parameter "data.tree" is null.
   at: get_tree (scene/main/node.h:446)
SCRIPT ERROR: Invalid access to property or key 'current_scene' on a base object of type 'null instance'.
          at: _on_tree_changed (res://scripts/autoload/persist_manager.gd:304)
ERROR: Parameter "data.tree" is null.
   at: get_tree (scene/main/node.h:446)
SCRIPT ERROR: Invalid access to property or key 'current_scene' on a base object of type 'null instance'.
          at: _on_tree_changed (res://scripts/autoload/screen_shake_manager.gd:171)
ERROR: Parameter "data.tree" is null.
   at: get_tree (scene/main/node.h:446)
SCRIPT ERROR: Invalid access to property or key 'current_scene' on a base object of type 'null instance'.
          at: _on_tree_changed (res://scripts/autoload/impact_effects_manager.gd:1054)
ERROR: Parameter "data.tree" is null.
   at: get_tree (scene/main/node.h:446)
SCRIPT ERROR: Invalid access to property or key 'current_scene' on a base object of type 'null instance'.
          at: _on_tree_changed (res://scripts/autoload/penultimate_hit_effects_manager.gd:551)
ERROR: Parameter "data.tree" is null.
   at: get_tree (scene/main/node.h:446)
SCRIPT ERROR: Invalid access to property or key 'current_scene' on a base object of type 'null instance'.
          at: _on_tree_changed (res://scripts/autoload/last_chance_effects_manager.gd:1418)
ERROR: Parameter "data.tree" is null.
   at: get_tree (scene/main/node.h:446)
SCRIPT ERROR: Invalid access to property or key 'current_scene' on a base object of type 'null instance'.
          at: _on_tree_changed (res://scripts/autoload/cinema_effects_manager.gd:661)
ERROR: Parameter "data.tree" is null.
   at: get_tree (scene/main/node.h:446)
SCRIPT ERROR: Invalid access to property or key 'current_scene' on a base object of type 'null instance'.
          at: _on_tree_changed (res://scripts/autoload/power_fantasy_effects_manager.gd:230)
ERROR: Parameter "data.tree" is null.
   at: get_tree (scene/main/node.h:446)
SCRIPT ERROR: Invalid access to property or key 'current_scene' on a base object of type 'null instance'.
          at: _on_tree_changed (res://scripts/autoload/black_metal_effects_manager.gd:151)
ERROR: Parameter "data.tree" is null.
   at: get_tree (scene/main/node.h:446)
SCRIPT ERROR: Invalid access to property or key 'current_scene' on a base object of type 'null instance'.
          at: _on_tree_changed (res://scripts/autoload/flashbang_player_effects_manager.gd:232)
ERROR: Parameter "data.tree" is null.
   at: get_tree (scene/main/node.h:446)
SCRIPT ERROR: Invalid access to property or key 'current_scene' on a base object of type 'null instance'.
          at: _on_tree_changed (res://scripts/autoload/persist_manager.gd:304)
ERROR: Parameter "data.tree" is null.
   at: get_tree (scene/main/node.h:446)
SCRIPT ERROR: Invalid access to property or key 'current_scene' on a base object of type 'null instance'.
          at: _on_tree_changed (res://scripts/autoload/screen_shake_manager.gd:171)
ERROR: Parameter "data.tree" is null.
   at: get_tree (scene/main/node.h:446)
SCRIPT ERROR: Invalid access to property or key 'current_scene' on a base object of type 'null instance'.
          at: _on_tree_changed (res://scripts/autoload/impact_effects_manager.gd:1054)
ERROR: Parameter "data.tree" is null.
   at: get_tree (scene/main/node.h:446)
SCRIPT ERROR: Invalid access to property or key 'current_scene' on a base object of type 'null instance'.
          at: _on_tree_changed (res://scripts/autoload/penultimate_hit_effects_manager.gd:551)
ERROR: Parameter "data.tree" is null.
   at: get_tree (scene/main/node.h:446)
SCRIPT ERROR: Invalid access to property or key 'current_scene' on a base object of type 'null instance'.
          at: _on_tree_changed (res://scripts/autoload/last_chance_effects_manager.gd:1418)
ERROR: Parameter "data.tree" is null.
   at: get_tree (scene/main/node.h:446)
SCRIPT ERROR: Invalid access to property or key 'current_scene' on a base object of type 'null instance'.
          at: _on_tree_changed (res://scripts/autoload/cinema_effects_manager.gd:661)
ERROR: Parameter "data.tree" is null.
   at: get_tree (scene/main/node.h:446)
SCRIPT ERROR: Invalid access to property or key 'current_scene' on a base object of type 'null instance'.
          at: _on_tree_changed (res://scripts/autoload/power_fantasy_effects_manager.gd:230)
ERROR: Parameter "data.tree" is null.
   at: get_tree (scene/main/node.h:446)
SCRIPT ERROR: Invalid access to property or key 'current_scene' on a base object of type 'null instance'.
          at: _on_tree_changed (res://scripts/autoload/black_metal_effects_manager.gd:151)
ERROR: Parameter "data.tree" is null.
   at: get_tree (scene/main/node.h:446)
SCRIPT ERROR: Invalid access to property or key 'current_scene' on a base object of type 'null instance'.
          at: _on_tree_changed (res://scripts/autoload/flashbang_player_effects_manager.gd:232)
ERROR: Parameter "data.tree" is null.
   at: get_tree (scene/main/node.h:446)
SCRIPT ERROR: Invalid access to property or key 'current_scene' on a base object of type 'null instance'.
          at: _on_tree_changed (res://scripts/autoload/persist_manager.gd:304)
ERROR: Parameter "data.tree" is null.
   at: get_tree (scene/main/node.h:446)
SCRIPT ERROR: Invalid access to property or key 'current_scene' on a base object of type 'null instance'.
          at: _on_tree_changed (res://scripts/autoload/screen_shake_manager.gd:171)
ERROR: Parameter "data.tree" is null.
   at: get_tree (scene/main/node.h:446)
SCRIPT ERROR: Invalid access to property or key 'current_scene' on a base object of type 'null instance'.
          at: _on_tree_changed (res://scripts/autoload/impact_effects_manager.gd:1054)
ERROR: Parameter "data.tree" is null.
   at: get_tree (scene/main/node.h:446)
SCRIPT ERROR: Invalid access to property or key 'current_scene' on a base object of type 'null instance'.
          at: _on_tree_changed (res://scripts/autoload/penultimate_hit_effects_manager.gd:551)
ERROR: Parameter "data.tree" is null.
   at: get_tree (scene/main/node.h:446)
SCRIPT ERROR: Invalid access to property or key 'current_scene' on a base object of type 'null instance'.
          at: _on_tree_changed (res://scripts/autoload/last_chance_effects_manager.gd:1418)
ERROR: Parameter "data.tree" is null.
   at: get_tree (scene/main/node.h:446)
SCRIPT ERROR: Invalid access to property or key 'current_scene' on a base object of type 'null instance'.
          at: _on_tree_changed (res://scripts/autoload/cinema_effects_manager.gd:661)
ERROR: Parameter "data.tree" is null.
   at: get_tree (scene/main/node.h:446)
SCRIPT ERROR: Invalid access to property or key 'current_scene' on a base object of type 'null instance'.
          at: _on_tree_changed (res://scripts/autoload/power_fantasy_effects_manager.gd:230)
ERROR: Parameter "data.tree" is null.
   at: get_tree (scene/main/node.h:446)
SCRIPT ERROR: Invalid access to property or key 'current_scene' on a base object of type 'null instance'.
          at: _on_tree_changed (res://scripts/autoload/black_metal_effects_manager.gd:151)
ERROR: Parameter "data.tree" is null.
   at: get_tree (scene/main/node.h:446)
SCRIPT ERROR: Invalid access to property or key 'current_scene' on a base object of type 'null instance'.
          at: _on_tree_changed (res://scripts/autoload/flashbang_player_effects_manager.gd:232)
ERROR: Parameter "data.tree" is null.
   at: get_tree (scene/main/node.h:446)
SCRIPT ERROR: Invalid access to property or key 'current_scene' on a base object of type 'null instance'.
          at: _on_tree_changed (res://scripts/autoload/persist_manager.gd:304)
ERROR: Parameter "data.tree" is null.
   at: get_tree (scene/main/node.h:446)
SCRIPT ERROR: Invalid access to property or key 'current_scene' on a base object of type 'null instance'.
          at: _on_tree_changed (res://scripts/autoload/screen_shake_manager.gd:171)
ERROR: Parameter "data.tree" is null.
   at: get_tree (scene/main/node.h:446)
SCRIPT ERROR: Invalid access to property or key 'current_scene' on a base object of type 'null instance'.
          at: _on_tree_changed (res://scripts/autoload/impact_effects_manager.gd:1054)
ERROR: Parameter "data.tree" is null.
   at: get_tree (scene/main/node.h:446)
SCRIPT ERROR: Invalid access to property or key 'current_scene' on a base object of type 'null instance'.
          at: _on_tree_changed (res://scripts/autoload/penultimate_hit_effects_manager.gd:551)
ERROR: Parameter "data.tree" is null.
   at: get_tree (scene/main/node.h:446)
SCRIPT ERROR: Invalid access to property or key 'current_scene' on a base object of type 'null instance'.
          at: _on_tree_changed (res://scripts/autoload/last_chance_effects_manager.gd:1418)
ERROR: Parameter "data.tree" is null.
   at: get_tree (scene/main/node.h:446)
SCRIPT ERROR: Invalid access to property or key 'current_scene' on a base object of type 'null instance'.
          at: _on_tree_changed (res://scripts/autoload/cinema_effects_manager.gd:661)
ERROR: Parameter "data.tree" is null.
   at: get_tree (scene/main/node.h:446)
SCRIPT ERROR: Invalid access to property or key 'current_scene' on a base object of type 'null instance'.
          at: _on_tree_changed (res://scripts/autoload/power_fantasy_effects_manager.gd:230)
ERROR: Parameter "data.tree" is null.
   at: get_tree (scene/main/node.h:446)
SCRIPT ERROR: Invalid access to property or key 'current_scene' on a base object of type 'null instance'.
          at: _on_tree_changed (res://scripts/autoload/black_metal_effects_manager.gd:151)
ERROR: Parameter "data.tree" is null.
   at: get_tree (scene/main/node.h:446)
SCRIPT ERROR: Invalid access to property or key 'current_scene' on a base object of type 'null instance'.
          at: _on_tree_changed (res://scripts/autoload/flashbang_player_effects_manager.gd:232)
ERROR: Parameter "data.tree" is null.
   at: get_tree (scene/main/node.h:446)
SCRIPT ERROR: Invalid access to property or key 'current_scene' on a base object of type 'null instance'.
          at: _on_tree_changed (res://scripts/autoload/persist_manager.gd:304)
ERROR: Parameter "data.tree" is null.
   at: get_tree (scene/main/node.h:446)
SCRIPT ERROR: Invalid access to property or key 'current_scene' on a base object of type 'null instance'.
          at: _on_tree_changed (res://scripts/autoload/hit_effects_manager.gd:192)
ERROR: Parameter "data.tree" is null.
   at: get_tree (scene/main/node.h:446)
SCRIPT ERROR: Invalid access to property or key 'current_scene' on a base object of type 'null instance'.
          at: _on_tree_changed (res://scripts/autoload/screen_shake_manager.gd:171)
ERROR: Parameter "data.tree" is null.
   at: get_tree (scene/main/node.h:446)
SCRIPT ERROR: Invalid access to property or key 'current_scene' on a base object of type 'null instance'.
          at: _on_tree_changed (res://scripts/autoload/impact_effects_manager.gd:1054)
ERROR: Parameter "data.tree" is null.
   at: get_tree (scene/main/node.h:446)
SCRIPT ERROR: Invalid access to property or key 'current_scene' on a base object of type 'null instance'.
          at: _on_tree_changed (res://scripts/autoload/penultimate_hit_effects_manager.gd:551)
ERROR: Parameter "data.tree" is null.
   at: get_tree (scene/main/node.h:446)
SCRIPT ERROR: Invalid access to property or key 'current_scene' on a base object of type 'null instance'.
          at: _on_tree_changed (res://scripts/autoload/last_chance_effects_manager.gd:1418)
ERROR: Parameter "data.tree" is null.
   at: get_tree (scene/main/node.h:446)
SCRIPT ERROR: Invalid access to property or key 'current_scene' on a base object of type 'null instance'.
          at: _on_tree_changed (res://scripts/autoload/cinema_effects_manager.gd:661)
ERROR: Parameter "data.tree" is null.
   at: get_tree (scene/main/node.h:446)
SCRIPT ERROR: Invalid access to property or key 'current_scene' on a base object of type 'null instance'.
          at: _on_tree_changed (res://scripts/autoload/power_fantasy_effects_manager.gd:230)
ERROR: Parameter "data.tree" is null.
   at: get_tree (scene/main/node.h:446)
SCRIPT ERROR: Invalid access to property or key 'current_scene' on a base object of type 'null instance'.
          at: _on_tree_changed (res://scripts/autoload/black_metal_effects_manager.gd:151)
ERROR: Parameter "data.tree" is null.
   at: get_tree (scene/main/node.h:446)
SCRIPT ERROR: Invalid access to property or key 'current_scene' on a base object of type 'null instance'.
          at: _on_tree_changed (res://scripts/autoload/flashbang_player_effects_manager.gd:232)
ERROR: Parameter "data.tree" is null.
   at: get_tree (scene/main/node.h:446)
SCRIPT ERROR: Invalid access to property or key 'current_scene' on a base object of type 'null instance'.
          at: _on_tree_changed (res://scripts/autoload/persist_manager.gd:304)
ERROR: Parameter "data.tree" is null.
   at: get_tree (scene/main/node.h:446)
SCRIPT ERROR: Invalid access to property or key 'current_scene' on a base object of type 'null instance'.
          at: _on_tree_changed (res://scripts/autoload/hit_effects_manager.gd:192)
ERROR: Parameter "data.tree" is null.
   at: get_tree (scene/main/node.h:446)
SCRIPT ERROR: Invalid access to property or key 'current_scene' on a base object of type 'null instance'.
          at: _on_tree_changed (res://scripts/autoload/screen_shake_manager.gd:171)
ERROR: Parameter "data.tree" is null.
   at: get_tree (scene/main/node.h:446)
SCRIPT ERROR: Invalid access to property or key 'current_scene' on a base object of type 'null instance'.
          at: _on_tree_changed (res://scripts/autoload/impact_effects_manager.gd:1054)
ERROR: Parameter "data.tree" is null.
   at: get_tree (scene/main/node.h:446)
SCRIPT ERROR: Invalid access to property or key 'current_scene' on a base object of type 'null instance'.
          at: _on_tree_changed (res://scripts/autoload/penultimate_hit_effects_manager.gd:551)
ERROR: Parameter "data.tree" is null.
   at: get_tree (scene/main/node.h:446)
SCRIPT ERROR: Invalid access to property or key 'current_scene' on a base object of type 'null instance'.
          at: _on_tree_changed (res://scripts/autoload/last_chance_effects_manager.gd:1418)
ERROR: Parameter "data.tree" is null.
   at: get_tree (scene/main/node.h:446)
SCRIPT ERROR: Invalid access to property or key 'current_scene' on a base object of type 'null instance'.
          at: _on_tree_changed (res://scripts/autoload/cinema_effects_manager.gd:661)
ERROR: Parameter "data.tree" is null.
   at: get_tree (scene/main/node.h:446)
SCRIPT ERROR: Invalid access to property or key 'current_scene' on a base object of type 'null instance'.
          at: _on_tree_changed (res://scripts/autoload/power_fantasy_effects_manager.gd:230)
ERROR: Parameter "data.tree" is null.
   at: get_tree (scene/main/node.h:446)
SCRIPT ERROR: Invalid access to property or key 'current_scene' on a base object of type 'null instance'.
          at: _on_tree_changed (res://scripts/autoload/black_metal_effects_manager.gd:151)
ERROR: Parameter "data.tree" is null.
   at: get_tree (scene/main/node.h:446)
SCRIPT ERROR: Invalid access to property or key 'current_scene' on a base object of type 'null instance'.
          at: _on_tree_changed (res://scripts/autoload/flashbang_player_effects_manager.gd:232)
ERROR: Parameter "data.tree" is null.
   at: get_tree (scene/main/node.h:446)
SCRIPT ERROR: Invalid access to property or key 'current_scene' on a base object of type 'null instance'.
          at: _on_tree_changed (res://scripts/autoload/persist_manager.gd:304)
ERROR: Parameter "data.tree" is null.
   at: get_tree (scene/main/node.h:446)
SCRIPT ERROR: Invalid access to property or key 'current_scene' on a base object of type 'null instance'.
          at: _on_tree_changed (res://scripts/autoload/hit_effects_manager.gd:192)
ERROR: Parameter "data.tree" is null.
   at: get_tree (scene/main/node.h:446)
SCRIPT ERROR: Invalid access to property or key 'current_scene' on a base object of type 'null instance'.
          at: _on_tree_changed (res://scripts/autoload/screen_shake_manager.gd:171)
ERROR: Parameter "data.tree" is null.
   at: get_tree (scene/main/node.h:446)
SCRIPT ERROR: Invalid access to property or key 'current_scene' on a base object of type 'null instance'.
          at: _on_tree_changed (res://scripts/autoload/impact_effects_manager.gd:1054)
ERROR: Parameter "data.tree" is null.
   at: get_tree (scene/main/node.h:446)
SCRIPT ERROR: Invalid access to property or key 'current_scene' on a base object of type 'null instance'.
          at: _on_tree_changed (res://scripts/autoload/penultimate_hit_effects_manager.gd:551)
ERROR: Parameter "data.tree" is null.
   at: get_tree (scene/main/node.h:446)
SCRIPT ERROR: Invalid access to property or key 'current_scene' on a base object of type 'null instance'.
          at: _on_tree_changed (res://scripts/autoload/last_chance_effects_manager.gd:1418)
ERROR: Parameter "data.tree" is null.
   at: get_tree (scene/main/node.h:446)
SCRIPT ERROR: Invalid access to property or key 'current_scene' on a base object of type 'null instance'.
          at: _on_tree_changed (res://scripts/autoload/cinema_effects_manager.gd:661)
ERROR: Parameter "data.tree" is null.
   at: get_tree (scene/main/node.h:446)
SCRIPT ERROR: Invalid access to property or key 'current_scene' on a base object of type 'null instance'.
          at: _on_tree_changed (res://scripts/autoload/power_fantasy_effects_manager.gd:230)
ERROR: Parameter "data.tree" is null.
   at: get_tree (scene/main/node.h:446)
SCRIPT ERROR: Invalid access to property or key 'current_scene' on a base object of type 'null instance'.
          at: _on_tree_changed (res://scripts/autoload/black_metal_effects_manager.gd:151)
ERROR: Parameter "data.tree" is null.
   at: get_tree (scene/main/node.h:446)
SCRIPT ERROR: Invalid access to property or key 'current_scene' on a base object of type 'null instance'.
          at: _on_tree_changed (res://scripts/autoload/flashbang_player_effects_manager.gd:232)
ERROR: Parameter "data.tree" is null.
   at: get_tree (scene/main/node.h:446)
SCRIPT ERROR: Invalid access to property or key 'current_scene' on a base object of type 'null instance'.
          at: _on_tree_changed (res://scripts/autoload/persist_manager.gd:304)
ERROR: Parameter "data.tree" is null.
   at: get_tree (scene/main/node.h:446)
SCRIPT ERROR: Invalid access to property or key 'current_scene' on a base object of type 'null instance'.
          at: _on_tree_changed (res://scripts/autoload/hit_effects_manager.gd:192)
ERROR: Parameter "data.tree" is null.
   at: get_tree (scene/main/node.h:446)
SCRIPT ERROR: Invalid access to property or key 'current_scene' on a base object of type 'null instance'.
          at: _on_tree_changed (res://scripts/autoload/screen_shake_manager.gd:171)
ERROR: Parameter "data.tree" is null.
   at: get_tree (scene/main/node.h:446)
SCRIPT ERROR: Invalid access to property or key 'current_scene' on a base object of type 'null instance'.
          at: _on_tree_changed (res://scripts/autoload/impact_effects_manager.gd:1054)
ERROR: Parameter "data.tree" is null.
   at: get_tree (scene/main/node.h:446)
SCRIPT ERROR: Invalid access to property or key 'current_scene' on a base object of type 'null instance'.
          at: _on_tree_changed (res://scripts/autoload/penultimate_hit_effects_manager.gd:551)
ERROR: Parameter "data.tree" is null.
   at: get_tree (scene/main/node.h:446)
SCRIPT ERROR: Invalid access to property or key 'current_scene' on a base object of type 'null instance'.
          at: _on_tree_changed (res://scripts/autoload/last_chance_effects_manager.gd:1418)
ERROR: Parameter "data.tree" is null.
   at: get_tree (scene/main/node.h:446)
SCRIPT ERROR: Invalid access to property or key 'current_scene' on a base object of type 'null instance'.
          at: _on_tree_changed (res://scripts/autoload/cinema_effects_manager.gd:661)
ERROR: Parameter "data.tree" is null.
   at: get_tree (scene/main/node.h:446)
SCRIPT ERROR: Invalid access to property or key 'current_scene' on a base object of type 'null instance'.
          at: _on_tree_changed (res://scripts/autoload/power_fantasy_effects_manager.gd:230)
ERROR: Parameter "data.tree" is null.
   at: get_tree (scene/main/node.h:446)
SCRIPT ERROR: Invalid access to property or key 'current_scene' on a base object of type 'null instance'.
          at: _on_tree_changed (res://scripts/autoload/black_metal_effects_manager.gd:151)
ERROR: Parameter "data.tree" is null.
   at: get_tree (scene/main/node.h:446)
SCRIPT ERROR: Invalid access to property or key 'current_scene' on a base object of type 'null instance'.
          at: _on_tree_changed (res://scripts/autoload/flashbang_player_effects_manager.gd:232)
ERROR: Parameter "data.tree" is null.
   at: get_tree (scene/main/node.h:446)
SCRIPT ERROR: Invalid access to property or key 'current_scene' on a base object of type 'null instance'.
          at: _on_tree_changed (res://scripts/autoload/persist_manager.gd:304)
ERROR: Parameter "data.tree" is null.
   at: get_tree (scene/main/node.h:446)
SCRIPT ERROR: Invalid access to property or key 'current_scene' on a base object of type 'null instance'.
          at: _on_tree_changed (res://scripts/autoload/hit_effects_manager.gd:192)
ERROR: Parameter "data.tree" is null.
   at: get_tree (scene/main/node.h:446)
SCRIPT ERROR: Invalid access to property or key 'current_scene' on a base object of type 'null instance'.
          at: _on_tree_changed (res://scripts/autoload/screen_shake_manager.gd:171)
ERROR: Parameter "data.tree" is null.
   at: get_tree (scene/main/node.h:446)
SCRIPT ERROR: Invalid access to property or key 'current_scene' on a base object of type 'null instance'.
          at: _on_tree_changed (res://scripts/autoload/impact_effects_manager.gd:1054)
ERROR: Parameter "data.tree" is null.
   at: get_tree (scene/main/node.h:446)
SCRIPT ERROR: Invalid access to property or key 'current_scene' on a base object of type 'null instance'.
          at: _on_tree_changed (res://scripts/autoload/penultimate_hit_effects_manager.gd:551)
ERROR: Parameter "data.tree" is null.
   at: get_tree (scene/main/node.h:446)
SCRIPT ERROR: Invalid access to property or key 'current_scene' on a base object of type 'null instance'.
          at: _on_tree_changed (res://scripts/autoload/last_chance_effects_manager.gd:1418)
ERROR: Parameter "data.tree" is null.
   at: get_tree (scene/main/node.h:446)
SCRIPT ERROR: Invalid access to property or key 'current_scene' on a base object of type 'null instance'.
          at: _on_tree_changed (res://scripts/autoload/cinema_effects_manager.gd:661)
ERROR: Parameter "data.tree" is null.
   at: get_tree (scene/main/node.h:446)
SCRIPT ERROR: Invalid access to property or key 'current_scene' on a base object of type 'null instance'.
          at: _on_tree_changed (res://scripts/autoload/power_fantasy_effects_manager.gd:230)
ERROR: Parameter "data.tree" is null.
   at: get_tree (scene/main/node.h:446)
SCRIPT ERROR: Invalid access to property or key 'current_scene' on a base object of type 'null instance'.
          at: _on_tree_changed (res://scripts/autoload/black_metal_effects_manager.gd:151)
ERROR: Parameter "data.tree" is null.
   at: get_tree (scene/main/node.h:446)
SCRIPT ERROR: Invalid access to property or key 'current_scene' on a base object of type 'null instance'.
          at: _on_tree_changed (res://scripts/autoload/flashbang_player_effects_manager.gd:232)
ERROR: Parameter "data.tree" is null.
   at: get_tree (scene/main/node.h:446)
SCRIPT ERROR: Invalid access to property or key 'current_scene' on a base object of type 'null instance'.
          at: _on_tree_changed (res://scripts/autoload/persist_manager.gd:304)
ERROR: Parameter "data.tree" is null.
   at: get_tree (scene/main/node.h:446)
SCRIPT ERROR: Invalid access to property or key 'current_scene' on a base object of type 'null instance'.
          at: _on_tree_changed (res://scripts/autoload/hit_effects_manager.gd:192)
ERROR: Parameter "data.tree" is null.
   at: get_tree (scene/main/node.h:446)
SCRIPT ERROR: Invalid access to property or key 'current_scene' on a base object of type 'null instance'.
          at: _on_tree_changed (res://scripts/autoload/screen_shake_manager.gd:171)
ERROR: Parameter "data.tree" is null.
   at: get_tree (scene/main/node.h:446)
SCRIPT ERROR: Invalid access to property or key 'current_scene' on a base object of type 'null instance'.
          at: _on_tree_changed (res://scripts/autoload/impact_effects_manager.gd:1054)
ERROR: Parameter "data.tree" is null.
   at: get_tree (scene/main/node.h:446)
SCRIPT ERROR: Invalid access to property or key 'current_scene' on a base object of type 'null instance'.
          at: _on_tree_changed (res://scripts/autoload/penultimate_hit_effects_manager.gd:551)
ERROR: Parameter "data.tree" is null.
   at: get_tree (scene/main/node.h:446)
SCRIPT ERROR: Invalid access to property or key 'current_scene' on a base object of type 'null instance'.
          at: _on_tree_changed (res://scripts/autoload/last_chance_effects_manager.gd:1418)
ERROR: Parameter "data.tree" is null.
   at: get_tree (scene/main/node.h:446)
SCRIPT ERROR: Invalid access to property or key 'current_scene' on a base object of type 'null instance'.
          at: _on_tree_changed (res://scripts/autoload/cinema_effects_manager.gd:661)
ERROR: Parameter "data.tree" is null.
   at: get_tree (scene/main/node.h:446)
SCRIPT ERROR: Invalid access to property or key 'current_scene' on a base object of type 'null instance'.
          at: _on_tree_changed (res://scripts/autoload/power_fantasy_effects_manager.gd:230)
ERROR: Parameter "data.tree" is null.
   at: get_tree (scene/main/node.h:446)
SCRIPT ERROR: Invalid access to property or key 'current_scene' on a base object of type 'null instance'.
          at: _on_tree_changed (res://scripts/autoload/black_metal_effects_manager.gd:151)
ERROR: Parameter "data.tree" is null.
   at: get_tree (scene/main/node.h:446)
SCRIPT ERROR: Invalid access to property or key 'current_scene' on a base object of type 'null instance'.
          at: _on_tree_changed (res://scripts/autoload/flashbang_player_effects_manager.gd:232)
ERROR: Parameter "data.tree" is null.
   at: get_tree (scene/main/node.h:446)
SCRIPT ERROR: Invalid access to property or key 'current_scene' on a base object of type 'null instance'.
          at: _on_tree_changed (res://scripts/autoload/persist_manager.gd:304)
[00:39:06] [INFO] ------------------------------------------------------------
[00:39:06] [INFO] GAME LOG ENDED: 2026-04-18T00:39:06
[00:39:06] [INFO] ============================================================
WARNING: 28 RIDs of type "CanvasItem" were leaked.
     at: _free_rids (servers/rendering/renderer_canvas_cull.cpp:2485)
ERROR: 3 RID allocations of type 'PN13RendererDummy14TextureStorage12DummyTextureE' were leaked at exit.
ERROR: 1 RID allocations of type 'N13RendererDummy15MaterialStorage11DummyShaderE' were leaked at exit.
ERROR: 28 RID allocations of type 'PN18TextServerAdvanced22ShapedTextDataAdvancedE' were leaked at exit.
ERROR: 1 RID allocations of type 'PN18TextServerAdvanced12FontAdvancedE' were leaked at exit.
WARNING: ObjectDB instances leaked at exit (run with --verbose for details).
     at: cleanup (core/object/object.cpp:2284)
ERROR: 14 resources still in use at exit (run with --verbose for details).
   at: clear (core/io/resource.cpp:604)
